Distance_km,Weight_MT,Fuel_Price_Index,Geopolitical_Risk_Score,Carrier_Reliability_Score,Lead_Time_Days,Transport_Mode,Weather_Condition,Product_Category,Origin_Port,Destination_Port,Disruption_Occurred,Disruption_Probability,Predicted_Risk_Level
5930.83,197.42,2.43,5.0,0.87,41.39,Rail,Hurricane,Textiles,Singapore,Los Angeles,1,0.992094678205396,High
14285.36,237.24,2.3,7.5,0.59,40.92,Rail,Storm,Automotive,Singapore,Shanghai,1,0.929959382141334,High
11113.91,427.42,1.78,5.6,0.67,11.54,Rail,Rain,Perishables,Rotterdam,Los Angeles,0,0.31105663749271867,Medium
9180.55,170.66,3.2,0.8,0.83,53.13,Rail,Hurricane,Electronics,Busan,Hamburg,1,0.9843396552435627,High
2762.27,434.96,2.77,1.9,0.74,0.5,Air,Fog,Perishables,Busan,Singapore,1,0.4396328374898265,Medium
2761.92,44.98,4.06,2.2,0.87,2.16,Rail,Rain,Automotive,Rotterdam,Marseille,1,0.20960539261003844,Low
1342.21,388.62,1.31,2.6,0.98,2.99,Rail,Storm,Pharmaceuticals,Shanghai,Antwerp,0,0.5930428090821533,Medium
13059.55,423.93,3.32,5.7,0.56,1.25,Air,Fog,Textiles,Busan,Antwerp,1,0.5588290532684254,Medium
9216.17,91.73,3.72,5.0,0.86,0.62,Air,Clear,Textiles,Dubai,Marseille,1,0.49300135856708416,Medium
10767.05,215.74,3.71,2.0,0.62,25.17,Rail,Storm,Electronics,Los Angeles,Singapore,1,0.7493740518264356,High
798.48,83.58,4.12,0.7,0.71,0.5,Rail,Rain,Perishables,Dubai,Rotterdam,0,0.19995474252856837,Low
14563.69,353.6,3.61,1.7,0.52,1.33,Air,Fog,Automotive,Hamburg,Los Angeles,1,0.268920305546666,Low
12570.42,268.14,4.26,9.8,0.57,19.6,Rail,Fog,Perishables,Singapore,Busan,1,0.7038138245706298,High
3578.92,318.03,2.3,4.7,0.66,7.58,Road,Storm,Pharmaceuticals,Los Angeles,Hamburg,1,0.7973251275985289,High
3136.46,99.05,2.86,8.7,0.67,9.4,Rail,Storm,Textiles,Antwerp,Shanghai,1,0.9197450857995368,High
3159.37,106.66,1.25,8.5,0.95,25.5,Rail,Hurricane,Perishables,Antwerp,Marseille,1,0.9945685072795677,High
4911.51,21.71,1.22,5.1,0.87,3.76,Road,Clear,Perishables,Los Angeles,Busan,0,0.3419882232461886,Medium
8108.97,161.71,1.99,7.1,0.99,1.83,Air,Storm,Textiles,Shanghai,Busan,1,0.8134971543231844,High
6763.2,280.31,1.53,1.9,0.8,0.5,Air,Fog,Automotive,Busan,Rotterdam,0,0.3108372795398387,Medium
4722.82,429.11,2.06,6.9,0.62,7.6,Rail,Fog,Electronics,Busan,Dubai,0,0.5696652335804174,Medium
9371.87,333.8,1.78,2.7,0.66,0.5,Air,Rain,Perishables,Busan,Antwerp,0,0.3279325284991406,Medium
2522.66,218.26,1.29,8.3,0.66,6.61,Rail,Storm,Textiles,Shanghai,Antwerp,1,0.8919485605240451,High
4736.1,476.61,4.2,0.8,0.66,4.54,Rail,Rain,Textiles,Busan,Rotterdam,1,0.2331463233034346,Low
5812.25,359.9,1.23,7.7,0.84,3.3,Air,Hurricane,Perishables,Busan,Shanghai,1,0.9912920419661181,High
7113.01,465.15,3.63,1.0,0.77,4.29,Road,Clear,Perishables,Dubai,Shanghai,0,0.22132096768410134,Low
11885.05,264.27,1.7,8.8,0.69,6.86,Air,Hurricane,Electronics,Shanghai,Singapore,1,0.9927321501454325,High
3395.27,130.19,4.21,3.0,0.58,9.09,Sea,Fog,Textiles,Busan,Rotterdam,0,0.3649470727346648,Medium
7956.4,27.36,4.15,6.5,0.51,11.18,Rail,Fog,Electronics,Singapore,Rotterdam,0,0.5665443682338883,Medium
9090.01,363.32,3.36,4.9,0.61,2.04,Air,Storm,Textiles,Shanghai,Dubai,1,0.814252511796123,High
1173.53,61.53,3.42,3.7,0.55,0.5,Air,Clear,Textiles,Antwerp,Singapore,0,0.6119231146171911,High
9309.4,152.08,1.22,6.5,0.89,25.79,Rail,Storm,Perishables,Antwerp,Los Angeles,0,0.8217912904257116,High
2972.6,266.7,4.45,9.5,0.56,1.04,Air,Fog,Automotive,Singapore,Marseille,1,0.823678160450459,High
1443.25,282.64,4.1,0.4,0.86,2.5,Road,Storm,Perishables,Singapore,Dubai,1,0.5316796955965964,Medium
14258.84,300.69,4.15,9.2,0.69,16.61,Rail,Rain,Automotive,Shanghai,Antwerp,1,0.5650985421762535,Medium
14501.66,83.96,3.38,6.1,0.54,1.62,Air,Rain,Textiles,Hamburg,Singapore,0,0.5824175223673674,Medium
12221.76,190.49,2.34,8.1,0.91,15.57,Road,Fog,Automotive,Los Angeles,Antwerp,0,0.571295219494062,Medium
4916.9,308.98,4.15,3.8,0.79,27.96,Road,Hurricane,Textiles,Busan,Marseille,1,0.9902481153321141,High
1916.25,484.94,2.16,4.7,0.62,5.17,Rail,Storm,Textiles,Dubai,Hamburg,1,0.8069420783886704,High
10421.38,364.09,3.06,8.7,0.95,10.49,Road,Rain,Automotive,Dubai,Hamburg,1,0.515516833569747,Medium
6882.21,461.38,1.53,4.1,0.52,17.32,Rail,Storm,Perishables,Singapore,Busan,1,0.7760083527168552,High
2269.55,381.34,4.24,5.3,0.6,0.5,Air,Fog,Automotive,Los Angeles,Shanghai,1,0.6402070986565251,High
7680.07,296.27,1.66,0.2,0.88,15.87,Rail,Storm,Electronics,Busan,Antwerp,1,0.5195589361861824,Medium
998.63,96.82,1.94,1.6,0.86,2.84,Sea,Fog,Textiles,Dubai,Los Angeles,0,0.20900237923427745,Low
13685.15,333.68,3.04,6.4,0.65,18.12,Rail,Fog,Pharmaceuticals,Busan,Rotterdam,0,0.516133041669986,Medium
4252.31,312.07,3.72,7.2,0.53,25.25,Sea,Storm,Textiles,Dubai,Rotterdam,1,0.905661077645993,High
10106.57,301.63,3.24,5.8,0.93,9.76,Road,Rain,Textiles,Busan,Los Angeles,1,0.37423304153345605,Medium
5019.81,245.4,1.97,1.4,0.66,8.72,Road,Storm,Automotive,Shanghai,Hamburg,1,0.6076774281044013,High
8040.99,264.8,1.2,4.5,0.6,16.27,Sea,Rain,Electronics,Shanghai,Marseille,1,0.38510004367746814,Medium
8427.3,167.89,3.7,3.6,0.76,110.18,Sea,Hurricane,Perishables,Los Angeles,Hamburg,1,0.9986711356526028,High
3180.39,260.14,4.45,5.0,0.96,1.85,Air,Hurricane,Perishables,Singapore,Los Angeles,1,0.9797135445194574,High
14558.98,99.58,3.87,8.7,0.52,21.27,Rail,Fog,Pharmaceuticals,Dubai,Antwerp,0,0.6923889388136513,High
11739.43,402.78,2.72,7.8,0.88,11.65,Road,Rain,Automotive,Dubai,Los Angeles,0,0.43237983277711917,Medium
14122.73,93.7,4.18,0.8,0.79,70.01,Road,Hurricane,Perishables,Hamburg,Busan,1,0.9895115175250359,High
13475.0,43.4,2.55,8.9,0.71,107.82,Rail,Hurricane,Textiles,Dubai,Shanghai,1,0.9996799439957818,High
9169.55,218.69,2.93,4.7,0.87,19.8,Road,Storm,Automotive,Shanghai,Rotterdam,1,0.743448167598409,High
13867.18,329.5,2.77,7.4,0.98,1.65,Air,Rain,Pharmaceuticals,Singapore,Los Angeles,1,0.42202872247742834,Medium
1783.14,219.42,2.68,1.4,0.62,0.74,Rail,Rain,Perishables,Rotterdam,Marseille,0,0.23134855421451328,Low
3341.75,139.1,3.76,6.7,0.57,18.83,Sea,Storm,Textiles,Busan,Los Angeles,0,0.8552445034479419,High
1155.8,279.53,2.94,2.4,0.96,1.32,Road,Rain,Textiles,Rotterdam,Shanghai,0,0.2683922235648014,Low
5217.29,174.15,2.25,4.4,0.83,5.57,Road,Fog,Textiles,Antwerp,Rotterdam,0,0.43833160502515645,Medium
6135.82,466.5,2.05,0.2,0.72,12.92,Sea,Fog,Electronics,Shanghai,Antwerp,0,0.18688720414900642,Low
4434.56,461.4,1.32,1.5,0.79,23.3,Road,Hurricane,Perishables,Hamburg,Singapore,1,0.9805921585739081,High
12516.69,251.68,3.12,0.9,0.87,9.0,Road,Rain,Automotive,Los Angeles,Hamburg,0,0.15882206961598994,Low
5672.92,164.61,1.96,2.4,0.89,11.04,Road,Storm,Textiles,Los Angeles,Marseille,0,0.7259581560193237,High
4573.55,368.83,1.69,1.0,0.96,3.09,Rail,Clear,Textiles,Shanghai,Rotterdam,0,0.18259727221947167,Low
8369.09,19.32,3.36,6.9,0.71,47.52,Sea,Storm,Electronics,Antwerp,Marseille,1,0.9318755228220438,High
2543.4,237.91,3.45,0.3,0.65,0.85,Air,Fog,Automotive,Los Angeles,Singapore,0,0.3820567317087227,Medium
12131.86,168.83,3.68,6.2,0.82,0.5,Air,Clear,Automotive,Busan,Los Angeles,0,0.38037620469257577,Medium
1580.98,460.35,2.86,1.4,0.71,3.32,Sea,Rain,Automotive,Los Angeles,Shanghai,1,0.2093917731546564,Low
14809.86,6.99,4.15,9.5,0.8,23.13,Rail,Fog,Electronics,Dubai,Singapore,0,0.7076541750284558,High
11697.55,276.85,4.29,9.3,0.71,36.52,Sea,Fog,Textiles,Shanghai,Antwerp,1,0.7720342602740582,High
3381.38,370.59,3.86,2.3,0.58,6.46,Sea,Rain,Pharmaceuticals,Antwerp,Marseille,0,0.29229953067536746,Low
580.07,243.02,3.3,6.1,0.74,8.4,Sea,Hurricane,Textiles,Singapore,Hamburg,1,0.9845896857748593,High
12324.19,43.62,2.2,0.3,0.85,10.99,Rail,Rain,Perishables,Shanghai,Los Angeles,0,0.11436241520288692,Low
10749.43,486.26,4.44,9.3,0.9,66.01,Sea,Storm,Electronics,Busan,Los Angeles,1,0.9577607435409647,High
11070.6,259.49,2.1,5.2,0.75,30.22,Rail,Storm,Automotive,Busan,Dubai,1,0.8220636110250443,High
11683.42,307.48,1.87,0.4,0.58,1.23,Air,Rain,Pharmaceuticals,Rotterdam,Antwerp,0,0.19825510777154176,Low
1573.65,119.07,2.66,3.4,0.71,7.76,Sea,Storm,Electronics,Busan,Marseille,1,0.6854869029348699,High
5697.75,242.27,1.39,0.8,0.89,4.7,Road,Fog,Electronics,Singapore,Marseille,0,0.250799753711711,Low
2180.1,215.15,4.43,3.9,0.71,0.8,Air,Hurricane,Pharmaceuticals,Singapore,Antwerp,1,0.9841877464886044,High
13015.0,38.37,3.14,6.7,0.85,71.68,Sea,Storm,Perishables,Antwerp,Singapore,1,0.956417279191821,High
9537.82,53.97,3.04,4.7,0.75,130.77,Sea,Hurricane,Pharmaceuticals,Busan,Hamburg,1,0.9994656117688292,High
5298.02,418.9,3.36,3.8,0.62,13.62,Sea,Fog,Perishables,Rotterdam,Shanghai,1,0.3589822409454903,Medium
1421.6,120.67,2.84,1.2,0.9,2.51,Sea,Rain,Electronics,Rotterdam,Hamburg,0,0.1269436134164871,Low
5009.24,98.28,1.31,2.4,0.54,31.75,Rail,Hurricane,Perishables,Rotterdam,Dubai,1,0.9819259881995782,High
5215.16,252.95,3.22,1.0,0.76,3.97,Rail,Clear,Perishables,Shanghai,Hamburg,1,0.18836152525059832,Low
11079.29,384.6,3.56,8.1,0.6,16.0,Rail,Fog,Automotive,Antwerp,Dubai,0,0.6250585580314043,High
9744.58,31.91,2.58,1.4,0.53,6.24,Road,Clear,Textiles,Dubai,Antwerp,0,0.2798143132557556,Low
13364.58,288.83,3.7,6.0,0.75,1.59,Air,Fog,Textiles,Antwerp,Los Angeles,1,0.4871517532907533,Medium
7347.12,60.49,1.95,3.4,0.75,3.66,Air,Hurricane,Electronics,Antwerp,Dubai,1,0.9758845806658767,High
2234.12,19.19,1.93,2.3,0.85,0.5,Air,Rain,Electronics,Los Angeles,Singapore,1,0.39980253379699515,Medium
10842.05,27.32,1.73,6.4,0.87,29.43,Rail,Storm,Textiles,Hamburg,Rotterdam,1,0.8754802558181047,High
11531.38,417.25,2.43,4.6,0.86,78.49,Rail,Hurricane,Pharmaceuticals,Antwerp,Singapore,1,0.9974992162155154,High
8638.52,59.87,4.0,4.0,0.71,1.94,Air,Fog,Automotive,Dubai,Singapore,1,0.48141255299517,Medium
11679.02,23.53,3.93,5.9,0.82,6.92,Air,Hurricane,Textiles,Hamburg,Singapore,1,0.9891676703175699,High
7660.04,219.51,2.46,4.9,0.79,15.17,Sea,Rain,Automotive,Busan,Dubai,1,0.3188238206572077,Medium
8079.63,422.15,3.14,3.0,0.71,50.51,Rail,Hurricane,Automotive,Rotterdam,Los Angeles,1,0.9862876063775796,High
6699.34,131.94,3.58,5.6,0.8,3.61,Air,Hurricane,Textiles,Rotterdam,Hamburg,1,0.9843104929270491,High
868.58,211.43,2.0,6.7,0.97,0.93,Air,Hurricane,Electronics,Antwerp,Busan,1,0.98661692673563,High
2064.43,20.92,1.75,0.3,0.6,0.99,Road,Clear,Pharmaceuticals,Hamburg,Marseille,0,0.2789825122513889,Low
955.72,225.09,4.41,4.7,0.95,0.6,Air,Fog,Electronics,Dubai,Shanghai,0,0.5455317473725323,Medium
9727.95,289.23,3.24,0.6,0.53,13.93,Sea,Clear,Textiles,Los Angeles,Antwerp,1,0.22649780393451646,Low
5058.16,285.88,4.44,1.9,0.65,0.78,Air,Storm,Textiles,Los Angeles,Rotterdam,0,0.7387926430435635,High
7874.28,166.88,2.31,5.6,0.64,17.18,Sea,Rain,Textiles,Los Angeles,Hamburg,0,0.47605883634645524,Medium
13659.71,158.45,3.52,8.7,0.81,108.49,Rail,Hurricane,Textiles,Hamburg,Busan,1,0.9995506961461055,High
4114.74,54.21,1.93,8.8,0.57,3.39,Road,Clear,Pharmaceuticals,Dubai,Marseille,1,0.6899438919918922,High
6450.55,184.03,2.06,0.7,0.94,9.61,Sea,Clear,Electronics,Rotterdam,Dubai,0,0.11139893541250936,Low
11455.49,50.65,2.89,4.2,0.91,28.85,Sea,Fog,Automotive,Rotterdam,Hamburg,0,0.3241936246678919,Medium
3817.57,383.53,2.25,5.8,0.83,3.01,Air,Hurricane,Perishables,Dubai,Shanghai,1,0.988463521933857,High
1616.21,483.17,1.75,1.5,0.73,1.59,Road,Rain,Automotive,Shanghai,Marseille,0,0.2661541319777517,Low
4701.4,485.07,2.07,7.7,0.97,0.82,Air,Fog,Textiles,Dubai,Singapore,1,0.7103270764915449,High
2837.71,432.67,1.32,7.4,0.92,0.5,Air,Clear,Textiles,Busan,Rotterdam,1,0.6355090290361911,High
13980.62,300.8,3.52,9.0,0.75,12.52,Road,Clear,Pharmaceuticals,Antwerp,Dubai,1,0.5764716162503769,Medium
12217.75,350.73,2.82,0.1,0.85,0.61,Air,Rain,Textiles,Hamburg,Dubai,0,0.2046301997218696,Low
9684.35,143.32,1.51,2.2,0.78,0.7,Air,Clear,Textiles,Antwerp,Dubai,0,0.32423719173534177,Medium
13136.18,315.75,1.77,8.3,0.79,0.99,Air,Fog,Perishables,Singapore,Dubai,1,0.5954577587708023,Medium
12153.25,228.37,1.54,6.7,0.67,14.04,Rail,Rain,Automotive,Shanghai,Los Angeles,1,0.39567286441656696,Medium
3205.27,241.53,3.22,8.9,0.73,9.81,Sea,Fog,Electronics,Singapore,Hamburg,1,0.6251677270672797,High
13442.11,379.13,1.51,0.6,0.54,24.04,Sea,Rain,Textiles,Antwerp,Los Angeles,0,0.21320291663024588,Low
8320.46,141.68,3.69,6.0,0.68,2.04,Air,Fog,Automotive,Rotterdam,Antwerp,1,0.5018199356784661,Medium
12207.88,159.7,1.27,5.7,0.85,11.27,Rail,Clear,Perishables,Singapore,Shanghai,0,0.3947571444497245,Medium
13493.32,462.4,2.02,0.4,0.98,12.3,Road,Fog,Pharmaceuticals,Singapore,Shanghai,0,0.1987546839023549,Low
5111.05,29.06,4.14,5.1,0.98,4.12,Road,Rain,Electronics,Los Angeles,Rotterdam,1,0.33625326131387445,Medium
2095.75,243.33,3.57,6.1,0.78,2.08,Road,Clear,Pharmaceuticals,Hamburg,Shanghai,1,0.5291562869704612,Medium
3805.06,456.49,1.44,1.9,0.8,0.5,Air,Clear,Perishables,Rotterdam,Singapore,0,0.32685361961750514,Medium
6693.06,305.57,3.91,2.7,0.59,1.46,Air,Storm,Automotive,Hamburg,Los Angeles,1,0.7066083515859214,High
12361.21,273.66,2.83,6.4,0.85,182.19,Sea,Hurricane,Electronics,Hamburg,Los Angeles,1,0.999913715083155,High
12980.59,125.62,3.99,4.7,0.54,177.59,Sea,Hurricane,Electronics,Rotterdam,Busan,1,0.9998484565072481,High
600.81,172.29,3.18,8.6,0.64,0.5,Road,Fog,Electronics,Singapore,Shanghai,0,0.7075367209496748,High
7905.84,426.17,3.45,3.4,0.83,8.15,Road,Fog,Pharmaceuticals,Hamburg,Shanghai,1,0.39397866992371977,Medium
6552.46,280.05,4.48,2.7,0.66,35.77,Road,Hurricane,Electronics,Los Angeles,Dubai,1,0.9873990295263574,High
3720.56,257.86,1.97,9.8,0.53,0.57,Air,Clear,Automotive,Singapore,Hamburg,0,0.7789027117753995,High
2238.05,50.69,3.26,9.1,0.92,15.06,Road,Hurricane,Perishables,Dubai,Busan,1,0.9917551988125536,High
5395.42,9.0,2.72,0.3,0.66,4.29,Road,Rain,Perishables,Busan,Los Angeles,0,0.17099035809729365,Low
14172.19,481.88,1.33,7.7,0.53,40.3,Sea,Fog,Electronics,Shanghai,Rotterdam,1,0.6919221515430987,High
5186.44,189.12,1.25,1.1,0.54,10.98,Rail,Storm,Textiles,Los Angeles,Singapore,1,0.7260862103181366,High
8022.46,302.0,1.59,0.3,0.63,3.33,Air,Hurricane,Textiles,Antwerp,Rotterdam,1,0.9642426359783179,High
10693.77,40.78,3.34,2.7,0.59,8.41,Road,Rain,Automotive,Los Angeles,Marseille,0,0.31304002703132366,Medium
5772.63,341.87,3.07,2.7,0.89,4.34,Road,Clear,Pharmaceuticals,Hamburg,Antwerp,1,0.2824121663081187,Low
14590.84,466.35,3.03,8.2,0.66,17.28,Rail,Rain,Electronics,Singapore,Hamburg,0,0.5569285275244632,Medium
14455.49,288.26,1.31,7.1,0.9,14.49,Rail,Clear,Automotive,Antwerp,Dubai,1,0.4045811773512172,Medium
4150.84,63.93,2.75,9.8,0.59,25.66,Sea,Storm,Perishables,Antwerp,Dubai,1,0.9321158061912044,High
7710.1,291.28,4.25,7.1,0.75,9.27,Road,Fog,Automotive,Antwerp,Busan,0,0.511062043467796,Medium
4862.74,383.41,2.51,4.2,0.84,4.8,Road,Rain,Electronics,Dubai,Shanghai,0,0.3668273755232855,Medium
4630.19,203.8,3.26,7.0,0.83,29.71,Road,Hurricane,Textiles,Singapore,Antwerp,1,0.9947670190877056,High
1034.86,440.04,3.77,10.0,0.8,0.99,Air,Storm,Automotive,Singapore,Shanghai,1,0.942436481128791,High
9338.68,324.69,3.79,7.1,0.96,13.45,Rail,Fog,Textiles,Hamburg,Busan,0,0.5237176269533841,Medium
7788.85,449.73,2.91,7.6,0.61,0.5,Air,Fog,Pharmaceuticals,Los Angeles,Antwerp,1,0.6791265041057264,High
1246.44,312.13,4.03,9.4,0.75,3.64,Sea,Rain,Perishables,Busan,Singapore,0,0.604880729495917,High
4540.37,66.51,2.49,1.1,0.94,9.02,Road,Storm,Textiles,Los Angeles,Rotterdam,0,0.6036107477314551,High
13669.86,155.54,4.13,7.0,0.54,3.36,Air,Storm,Automotive,Dubai,Hamburg,0,0.8380317860157489,High
3973.65,101.7,1.99,8.5,0.53,3.09,Road,Rain,Perishables,Los Angeles,Rotterdam,1,0.6271058494976943,High
2600.98,454.5,2.12,9.5,0.62,1.27,Air,Hurricane,Perishables,Los Angeles,Hamburg,1,0.995336127584437,High
7597.07,380.44,1.38,2.1,0.82,0.5,Air,Rain,Textiles,Hamburg,Singapore,1,0.3904879436012389,Medium
14791.93,338.52,3.83,5.0,0.63,18.87,Rail,Fog,Electronics,Busan,Singapore,1,0.4830929817261498,Medium
4009.8,151.18,2.58,6.8,0.6,12.07,Rail,Storm,Textiles,Rotterdam,Los Angeles,1,0.8332653100900967,High
10245.97,92.84,1.96,2.5,0.73,20.55,Road,Storm,Perishables,Shanghai,Antwerp,1,0.6896479238973573,High
11543.48,378.47,1.96,6.0,0.81,15.62,Rail,Fog,Electronics,Rotterdam,Busan,0,0.37040345170976474,Medium
3945.74,237.6,4.17,2.6,0.62,0.55,Air,Rain,Electronics,Rotterdam,Shanghai,1,0.37069417819020406,Medium
11059.14,113.67,3.95,3.3,0.65,11.04,Rail,Rain,Textiles,Shanghai,Rotterdam,0,0.3058887614273376,Medium
5832.86,308.69,3.03,4.4,0.81,1.3,Air,Hurricane,Perishables,Antwerp,Busan,1,0.9763962832424694,High
9668.43,21.13,3.23,5.3,0.97,6.95,Road,Clear,Pharmaceuticals,Singapore,Antwerp,0,0.35062537584793724,Medium
9686.18,163.76,2.77,4.5,0.84,9.89,Road,Fog,Perishables,Antwerp,Marseille,0,0.4248391593979813,Medium
8268.73,234.81,2.49,4.9,0.89,17.38,Sea,Rain,Electronics,Hamburg,Antwerp,0,0.3440016629640527,Medium
1809.2,74.83,4.22,3.0,0.68,0.72,Air,Hurricane,Electronics,Hamburg,Marseille,1,0.9838835752112602,High
12611.89,492.34,1.61,1.6,0.64,151.28,Sea,Hurricane,Electronics,Rotterdam,Los Angeles,1,0.9991976014366629,High
5151.31,105.34,2.58,0.5,0.73,8.38,Road,Storm,Pharmaceuticals,Rotterdam,Marseille,0,0.5605757840108109,Medium
3204.52,66.05,2.34,2.0,0.9,4.73,Sea,Clear,Perishables,Hamburg,Singapore,0,0.2227714405774751,Low
1091.24,102.56,2.84,5.8,0.73,1.56,Road,Rain,Automotive,Singapore,Rotterdam,0,0.45305148091907577,Medium
9067.95,384.76,2.71,7.9,0.92,13.86,Rail,Fog,Electronics,Dubai,Los Angeles,0,0.513729076213466,Medium
10324.68,213.33,2.91,1.7,0.99,62.57,Rail,Hurricane,Electronics,Busan,Singapore,1,0.9904592787495395,High
740.52,283.14,1.66,1.1,0.54,0.73,Road,Storm,Pharmaceuticals,Rotterdam,Busan,1,0.5474090247743614,Medium
7925.35,11.48,2.89,7.5,0.52,121.68,Sea,Hurricane,Automotive,Singapore,Hamburg,1,0.9996912706181568,High
3784.19,18.18,2.0,3.1,0.58,2.96,Road,Clear,Automotive,Rotterdam,Hamburg,1,0.2886555960275875,Low
9855.01,223.47,1.81,9.5,0.69,8.6,Road,Clear,Automotive,Dubai,Los Angeles,1,0.5722253603684828,Medium
3028.31,408.51,1.41,7.1,0.57,1.92,Road,Rain,Automotive,Singapore,Hamburg,0,0.5544394332892006,Medium
10518.6,442.73,3.72,3.3,0.94,11.4,Road,Fog,Pharmaceuticals,Hamburg,Marseille,0,0.36899158613692506,Medium
6107.66,44.27,2.61,2.9,0.51,14.27,Sea,Fog,Textiles,Busan,Shanghai,1,0.42518441992976863,Medium
14082.58,269.64,3.27,5.2,0.66,31.91,Road,Storm,Textiles,Dubai,Rotterdam,1,0.8643574696687326,High
2494.05,456.7,3.6,0.8,0.59,14.44,Rail,Hurricane,Electronics,Shanghai,Los Angeles,1,0.9577403245109011,High
5445.46,194.6,3.44,1.2,0.97,6.78,Rail,Fog,Perishables,Dubai,Singapore,0,0.24613953712015696,Low
2145.37,414.95,2.75,1.8,0.84,0.5,Air,Clear,Perishables,Los Angeles,Marseille,1,0.3861294551657101,Medium
13908.06,67.71,2.48,7.7,0.96,107.19,Rail,Hurricane,Automotive,Rotterdam,Hamburg,1,0.9990185327854011,High
13221.42,467.76,2.44,5.1,0.99,18.1,Rail,Fog,Automotive,Shanghai,Singapore,0,0.39770215196534986,Medium
4240.15,375.96,3.31,0.1,0.75,4.11,Rail,Fog,Perishables,Rotterdam,Marseille,0,0.19558093050578512,Low
10069.77,470.73,2.83,6.7,0.62,8.42,Road,Clear,Textiles,Antwerp,Hamburg,1,0.5468192447060923,Medium
12349.72,338.63,4.0,4.2,0.6,1.07,Air,Fog,Perishables,Antwerp,Rotterdam,0,0.4223838501613888,Medium
8550.41,182.34,4.09,5.1,0.61,3.97,Air,Hurricane,Automotive,Shanghai,Hamburg,1,0.9828615533026082,High
8179.93,469.15,1.76,2.1,0.85,0.57,Air,Rain,Pharmaceuticals,Dubai,Singapore,0,0.32674583635845816,Medium
4006.86,138.51,1.65,5.5,0.52,0.67,Air,Rain,Automotive,Los Angeles,Marseille,0,0.6115258072494019,High
1849.99,166.75,3.28,9.8,0.53,12.16,Sea,Storm,Electronics,Los Angeles,Marseille,1,0.924985745640322,High
13509.63,350.7,2.19,0.7,0.8,10.74,Road,Rain,Perishables,Dubai,Shanghai,0,0.18308950843208752,Low
13556.06,382.89,1.26,2.8,0.82,85.86,Rail,Hurricane,Pharmaceuticals,Dubai,Singapore,1,0.9969267199151376,High
9679.97,464.77,4.13,2.4,0.83,14.58,Sea,Clear,Pharmaceuticals,Dubai,Marseille,0,0.24421945216574506,Low
5415.93,103.2,1.95,2.5,0.69,0.5,Air,Clear,Electronics,Hamburg,Dubai,1,0.37505367532505385,Medium
5563.54,399.2,4.27,3.8,0.9,8.6,Sea,Clear,Automotive,Los Angeles,Dubai,0,0.24268227768998515,Low
11026.36,369.53,3.57,8.2,0.77,1.11,Air,Fog,Automotive,Busan,Shanghai,1,0.6317247436233074,High
13508.1,32.83,3.72,9.1,0.55,27.15,Sea,Clear,Textiles,Singapore,Hamburg,1,0.6957012769179962,High
13362.75,194.22,1.86,2.0,0.9,24.89,Sea,Rain,Textiles,Shanghai,Rotterdam,0,0.2176220603414172,Low
11808.2,142.1,1.97,5.4,0.98,30.18,Rail,Storm,Perishables,Dubai,Antwerp,1,0.8029115641711778,High
9809.46,152.94,2.92,6.4,0.53,143.34,Sea,Hurricane,Perishables,Busan,Hamburg,1,0.9997978871568394,High
1720.03,491.49,1.77,5.2,0.7,1.14,Rail,Clear,Pharmaceuticals,Los Angeles,Dubai,1,0.42826154887762136,Medium
2843.62,321.75,2.21,4.3,0.74,2.65,Road,Clear,Automotive,Los Angeles,Singapore,0,0.4241378461575233,Medium
13529.04,359.12,2.26,1.9,0.57,0.6,Air,Fog,Perishables,Singapore,Marseille,1,0.3504198113882636,Medium
9293.22,488.33,1.73,4.9,0.93,9.75,Rail,Rain,Pharmaceuticals,Dubai,Marseille,0,0.3666469691426234,Medium
633.36,189.22,1.88,4.0,0.64,0.5,Air,Hurricane,Pharmaceuticals,Antwerp,Los Angeles,1,0.9833642220080643,High
1971.34,401.12,3.8,8.0,0.89,13.64,Road,Hurricane,Pharmaceuticals,Shanghai,Hamburg,1,0.991061861389977,High
10120.78,217.83,1.75,7.6,0.84,29.43,Rail,Storm,Electronics,Antwerp,Rotterdam,1,0.8833750795550971,High
573.39,434.9,1.29,1.3,0.8,0.5,Air,Hurricane,Textiles,Hamburg,Marseille,1,0.9804452240060675,High
2831.72,91.15,3.28,0.9,0.6,0.5,Air,Clear,Electronics,Hamburg,Singapore,1,0.3959359694394043,Medium
8456.64,473.9,4.42,9.1,0.61,6.39,Road,Clear,Automotive,Singapore,Shanghai,1,0.6511500198947122,High
10532.48,110.17,2.29,5.4,0.52,11.25,Rail,Rain,Pharmaceuticals,Dubai,Antwerp,1,0.4432676525948764,Medium
9953.44,163.78,1.59,8.6,0.62,1.15,Air,Rain,Pharmaceuticals,Busan,Hamburg,1,0.6453553445296933,High
3751.9,378.34,3.08,0.6,0.67,5.65,Sea,Rain,Automotive,Busan,Los Angeles,0,0.13626964049182122,Low
10826.6,197.48,4.19,5.3,0.92,1.52,Air,Storm,Perishables,Singapore,Busan,1,0.7138990899608821,High
3940.11,304.5,3.79,5.4,0.68,20.97,Sea,Storm,Electronics,Hamburg,Los Angeles,0,0.791634476251209,High
5218.3,222.84,3.25,8.6,0.88,12.61,Sea,Rain,Automotive,Los Angeles,Dubai,1,0.5077557029917789,Medium
11324.13,371.44,2.24,1.0,0.72,0.5,Air,Fog,Perishables,Dubai,Hamburg,0,0.26102487516838446,Low
9919.68,114.94,2.99,2.4,0.89,11.29,Rail,Fog,Automotive,Shanghai,Los Angeles,1,0.2063155705560414,Low
12813.74,30.17,1.5,4.1,0.99,12.85,Road,Fog,Perishables,Shanghai,Antwerp,0,0.30268251123630563,Medium
10035.39,150.66,3.44,8.7,0.62,10.96,Road,Rain,Perishables,Rotterdam,Marseille,0,0.5955075198848184,Medium
8740.47,237.68,3.59,9.4,0.93,1.36,Air,Storm,Automotive,Singapore,Busan,1,0.8634683331230099,High
1858.28,84.84,4.38,9.9,0.81,1.43,Air,Hurricane,Textiles,Shanghai,Los Angeles,1,0.9945043363919661,High
5831.88,178.04,2.06,9.6,0.91,11.97,Sea,Clear,Automotive,Los Angeles,Antwerp,0,0.5568469300902369,Medium
4345.43,200.59,1.26,0.1,0.83,1.33,Air,Storm,Automotive,Los Angeles,Dubai,0,0.5815758024628117,Medium
4037.85,29.64,3.0,0.5,0.71,5.35,Sea,Clear,Automotive,Antwerp,Rotterdam,0,0.1483315094009464,Low
14608.65,292.07,3.53,1.5,0.61,174.33,Sea,Hurricane,Textiles,Shanghai,Busan,1,0.9997270280958945,High
6199.92,442.29,3.81,3.5,0.54,80.05,Sea,Hurricane,Pharmaceuticals,Los Angeles,Shanghai,1,0.9975864002335684,High
13434.68,76.72,1.84,8.3,0.77,38.63,Rail,Storm,Textiles,Antwerp,Busan,1,0.9215493936362064,High
9651.51,299.31,2.06,8.9,1.0,1.03,Air,Clear,Perishables,Shanghai,Rotterdam,0,0.5507397667126511,Medium
12024.76,332.7,2.89,1.9,0.87,17.37,Sea,Clear,Automotive,Rotterdam,Busan,0,0.12431451417121044,Low
7788.24,210.25,2.29,6.2,0.66,5.96,Road,Clear,Pharmaceuticals,Singapore,Rotterdam,1,0.47252817591115337,Medium
8865.11,350.85,4.04,9.2,0.91,13.98,Rail,Fog,Electronics,Busan,Rotterdam,0,0.6152602901339335,High
7641.51,205.96,2.76,4.6,0.88,1.11,Air,Fog,Pharmaceuticals,Dubai,Los Angeles,0,0.41193030570562167,Medium
3331.02,252.81,3.84,1.0,0.64,1.13,Air,Hurricane,Textiles,Singapore,Busan,1,0.9706116231837179,High
10975.56,4.67,3.12,4.6,0.51,0.5,Air,Rain,Pharmaceuticals,Shanghai,Rotterdam,1,0.4158268083148616,Medium
4571.2,346.17,3.75,3.8,0.56,0.54,Air,Clear,Automotive,Shanghai,Hamburg,0,0.4482120529838832,Medium
852.58,331.01,2.3,5.8,0.94,2.2,Sea,Clear,Electronics,Singapore,Marseille,0,0.3789328933403925,Medium
9859.35,20.16,3.94,4.4,0.92,24.71,Rail,Storm,Perishables,Rotterdam,Hamburg,1,0.7132341160590155,High
3068.1,184.76,2.11,0.2,0.65,0.89,Air,Hurricane,Electronics,Hamburg,Rotterdam,1,0.9637363273363398,High
14136.65,489.54,3.0,9.9,0.64,14.43,Rail,Clear,Pharmaceuticals,Shanghai,Rotterdam,1,0.6128198007316261,High
14331.96,210.95,1.91,5.4,0.9,25.6,Sea,Clear,Automotive,Los Angeles,Antwerp,0,0.3489804329567029,Medium
13765.53,251.47,2.77,4.7,0.97,36.08,Sea,Fog,Automotive,Hamburg,Los Angeles,0,0.39561296443547816,Medium
5867.3,455.06,2.25,9.5,0.89,4.54,Road,Clear,Automotive,Antwerp,Shanghai,1,0.6208165308577366,High
724.12,358.91,2.08,1.6,0.8,0.5,Air,Storm,Pharmaceuticals,Antwerp,Rotterdam,1,0.7103043616490685,High
13960.62,291.45,4.39,1.9,0.62,7.54,Air,Hurricane,Electronics,Busan,Shanghai,1,0.9678426807895033,High
6708.67,399.1,1.73,8.1,0.76,104.57,Sea,Hurricane,Pharmaceuticals,Antwerp,Marseille,1,0.9995375067013017,High
14516.49,432.32,3.8,2.6,0.62,9.89,Road,Clear,Textiles,Antwerp,Los Angeles,0,0.25738988030797244,Low
14472.49,228.99,4.45,8.0,0.9,0.71,Air,Clear,Electronics,Dubai,Busan,0,0.4416496887943119,Medium
12868.64,238.08,1.27,2.7,0.69,1.01,Air,Clear,Electronics,Singapore,Antwerp,0,0.3020692502017585,Medium
4769.51,193.64,3.51,0.3,0.92,1.24,Air,Storm,Pharmaceuticals,Antwerp,Shanghai,1,0.6154792564619533,High
6083.92,483.39,2.03,5.2,0.69,6.53,Rail,Rain,Perishables,Shanghai,Rotterdam,0,0.3731282168939984,Medium
12841.48,348.89,1.33,2.0,0.91,10.67,Rail,Clear,Pharmaceuticals,Singapore,Marseille,0,0.22503181986508974,Low
5095.37,42.53,2.53,7.6,0.67,4.86,Road,Rain,Pharmaceuticals,Shanghai,Marseille,0,0.5852260296646954,Medium
2957.64,431.62,4.29,6.4,0.72,1.5,Air,Hurricane,Electronics,Singapore,Antwerp,1,0.990028081841128,High
8573.62,240.8,1.24,9.2,0.81,59.8,Road,Hurricane,Electronics,Shanghai,Antwerp,1,0.9981636894319063,High
14074.24,35.31,3.14,7.8,0.54,1.76,Air,Fog,Perishables,Dubai,Singapore,1,0.6571473249591403,High
10592.43,275.31,2.85,1.8,0.97,24.18,Sea,Fog,Pharmaceuticals,Shanghai,Marseille,0,0.266782326544024,Low
8765.89,209.16,4.08,8.0,0.79,0.5,Air,Clear,Pharmaceuticals,Hamburg,Singapore,0,0.6572432241533721,High
1909.06,439.0,1.48,6.4,0.75,0.5,Air,Fog,Perishables,Hamburg,Singapore,0,0.7003521974637551,High
9417.6,102.79,3.45,6.7,0.92,139.45,Sea,Hurricane,Perishables,Shanghai,Rotterdam,1,0.9996555310634515,High
14855.78,413.41,3.44,8.3,0.93,28.93,Sea,Clear,Pharmaceuticals,Hamburg,Los Angeles,1,0.5003368180853458,Medium
2531.22,279.29,3.41,5.7,0.76,1.96,Road,Clear,Perishables,Busan,Shanghai,0,0.472978217838334,Medium
8015.78,28.25,4.31,4.7,0.96,3.64,Air,Hurricane,Automotive,Antwerp,Hamburg,1,0.9764167158628975,High
13221.91,485.95,3.92,6.4,0.53,193.11,Sea,Hurricane,Textiles,Antwerp,Rotterdam,1,0.9999662176741305,High
11241.14,256.8,1.34,3.0,0.56,7.66,Rail,Clear,Textiles,Singapore,Marseille,0,0.3627506128814875,Medium
10606.73,146.15,2.75,1.8,0.8,9.14,Road,Rain,Pharmaceuticals,Busan,Singapore,0,0.2530871022528324,Low
10686.02,235.23,2.51,6.2,0.68,25.24,Road,Storm,Textiles,Rotterdam,Shanghai,1,0.8732078488026918,High
5712.62,429.07,2.22,2.3,0.73,4.5,Road,Rain,Automotive,Los Angeles,Dubai,0,0.25981676681594945,Low
4757.08,153.15,2.69,0.8,0.66,2.61,Road,Clear,Textiles,Rotterdam,Shanghai,0,0.23583484820988232,Low
12235.74,97.15,2.47,0.0,0.7,7.3,Road,Rain,Automotive,Antwerp,Los Angeles,0,0.12513896007438643,Low
12246.64,65.41,2.63,6.1,0.91,32.91,Rail,Storm,Automotive,Hamburg,Rotterdam,0,0.8402536008807414,High
13072.55,149.63,4.43,3.6,0.8,73.88,Road,Hurricane,Textiles,Rotterdam,Busan,1,0.9946460335997188,High
13741.99,390.24,1.49,7.5,1.0,39.87,Rail,Storm,Automotive,Hamburg,Busan,1,0.8737070513028178,High
7914.46,236.34,4.24,3.8,0.89,17.11,Road,Storm,Pharmaceuticals,Dubai,Rotterdam,1,0.7267003256724683,High
7771.99,114.51,2.78,4.9,0.64,4.1,Air,Hurricane,Pharmaceuticals,Singapore,Hamburg,1,0.9855228262414772,High
12075.28,83.93,3.26,4.1,0.63,26.6,Road,Storm,Textiles,Rotterdam,Dubai,1,0.7944951783935345,High
9924.48,167.03,3.94,6.5,0.67,0.66,Air,Rain,Automotive,Shanghai,Busan,1,0.44212612865822476,Medium
10678.52,470.02,2.39,3.6,0.92,18.01,Sea,Clear,Pharmaceuticals,Singapore,Rotterdam,1,0.2580091692973136,Low
12038.99,172.17,2.62,9.6,0.51,0.92,Air,Rain,Automotive,Singapore,Los Angeles,0,0.642087733385547,High
13405.08,494.07,2.55,9.4,0.62,81.56,Sea,Storm,Pharmaceuticals,Antwerp,Singapore,1,0.9863876996663031,High
5400.93,243.13,2.44,8.5,0.95,5.91,Rail,Rain,Automotive,Shanghai,Hamburg,0,0.4857704616948338,Medium
5945.95,90.4,4.25,9.2,0.82,5.5,Rail,Clear,Electronics,Hamburg,Shanghai,0,0.6204797559482996,High
1862.74,445.68,3.94,4.5,0.61,5.08,Sea,Fog,Perishables,Los Angeles,Singapore,1,0.44539037253271835,Medium
8885.06,230.72,1.56,5.4,0.61,6.34,Road,Clear,Electronics,Dubai,Singapore,0,0.4664712193642957,Medium
1021.16,355.13,1.56,7.4,0.93,0.73,Road,Fog,Textiles,Los Angeles,Shanghai,1,0.631385979601382,High
7251.17,491.87,2.61,7.0,0.95,46.91,Road,Hurricane,Automotive,Antwerp,Hamburg,1,0.9952829904074505,High
8368.35,26.04,1.53,8.9,0.63,8.56,Rail,Clear,Perishables,Rotterdam,Shanghai,0,0.5751572505949745,Medium
4654.85,49.25,3.24,7.2,0.71,7.07,Rail,Fog,Automotive,Rotterdam,Antwerp,0,0.5035912196991896,Medium
9067.08,360.51,1.67,10.0,0.92,151.27,Sea,Hurricane,Textiles,Rotterdam,Marseille,1,0.9999157291980497,High
942.25,141.63,2.92,3.5,0.89,0.5,Rail,Clear,Electronics,Los Angeles,Singapore,0,0.3370109683763127,Medium
1041.55,92.97,1.22,8.3,0.91,1.09,Road,Rain,Perishables,Hamburg,Los Angeles,0,0.5266743451786602,Medium
12427.71,20.64,2.24,7.0,0.76,7.05,Air,Hurricane,Electronics,Los Angeles,Singapore,1,0.9893516419566359,High
5722.76,11.9,3.43,6.9,0.96,15.58,Sea,Fog,Electronics,Shanghai,Los Angeles,1,0.4090078979676453,Medium
2342.38,387.47,2.8,3.3,0.66,0.5,Air,Clear,Automotive,Rotterdam,Antwerp,1,0.39276937440638043,Medium
8072.53,68.08,4.43,7.9,0.58,6.35,Road,Clear,Electronics,Singapore,Antwerp,0,0.5807341358902536,Medium
11664.91,234.39,4.08,9.0,0.85,3.66,Air,Storm,Textiles,Busan,Rotterdam,1,0.8874890045581159,High
3629.4,303.34,2.38,2.2,0.77,3.39,Road,Fog,Electronics,Shanghai,Dubai,0,0.28652280481058434,Low
9531.91,214.75,1.35,6.3,0.93,1.27,Air,Clear,Automotive,Hamburg,Marseille,1,0.5090444307208665,Medium
1737.54,14.53,3.99,3.9,0.54,1.21,Rail,Clear,Automotive,Shanghai,Los Angeles,0,0.3136040996794729,Medium
1249.38,391.97,4.21,9.9,0.92,2.11,Road,Fog,Textiles,Hamburg,Antwerp,1,0.7408652205718719,High
8204.64,6.25,3.91,4.8,0.65,0.98,Air,Clear,Electronics,Shanghai,Marseille,0,0.4807145195426675,Medium
8339.21,381.18,1.62,2.3,0.83,1.06,Air,Rain,Automotive,Los Angeles,Busan,1,0.25549226169989975,Low
9742.73,446.76,4.49,3.8,0.52,19.53,Sea,Rain,Perishables,Busan,Rotterdam,0,0.34019331512255185,Medium
11028.32,216.99,2.05,6.5,0.81,1.45,Air,Clear,Perishables,Dubai,Shanghai,1,0.5117518252297484,Medium
14649.86,268.24,3.59,0.8,0.86,72.6,Road,Hurricane,Automotive,Dubai,Los Angeles,1,0.9881770951826123,High
7986.36,239.01,4.2,6.0,0.68,22.52,Rail,Storm,Automotive,Rotterdam,Shanghai,1,0.8301306360026516,High
5182.87,195.22,1.98,9.3,0.61,3.71,Road,Clear,Perishables,Los Angeles,Hamburg,1,0.6585996613831739,High
12030.2,443.82,4.2,8.5,0.77,12.42,Road,Rain,Pharmaceuticals,Shanghai,Dubai,1,0.5421687431684742,Medium
4427.07,447.07,2.22,0.7,0.92,8.31,Road,Storm,Automotive,Hamburg,Shanghai,1,0.5803765640783214,Medium
6865.09,168.57,4.42,9.9,0.66,8.71,Road,Fog,Pharmaceuticals,Shanghai,Dubai,1,0.7104903936123693,High
1637.62,307.92,2.13,7.0,0.63,1.82,Rail,Clear,Automotive,Los Angeles,Shanghai,1,0.5592431932767898,Medium
867.59,463.53,4.35,1.6,0.64,0.5,Air,Rain,Pharmaceuticals,Dubai,Marseille,0,0.43322346931805716,Medium
14458.4,481.07,1.38,0.1,0.98,68.95,Road,Hurricane,Automotive,Busan,Shanghai,1,0.9871004374146232,High
12621.71,254.97,3.54,1.7,0.68,4.71,Air,Hurricane,Perishables,Busan,Singapore,1,0.9661107828304678,High
10591.63,226.96,2.96,8.4,0.5,9.73,Road,Clear,Textiles,Dubai,Rotterdam,0,0.6474859933029049,High
6429.82,140.07,2.78,0.2,0.89,26.97,Sea,Storm,Automotive,Hamburg,Rotterdam,1,0.5488887659821898,Medium
3012.77,479.48,1.94,2.3,0.85,1.26,Air,Clear,Electronics,Rotterdam,Antwerp,1,0.310324355785369,Medium
2768.34,72.26,3.53,7.6,0.56,0.6,Air,Clear,Perishables,Dubai,Marseille,1,0.7244682607229433,High
4128.52,290.33,1.83,5.9,0.99,9.12,Sea,Rain,Electronics,Dubai,Rotterdam,1,0.32485567504503526,Medium
8463.79,141.99,3.02,7.8,0.8,65.13,Rail,Hurricane,Automotive,Antwerp,Marseille,1,0.9981529292779538,High
10861.64,140.23,2.04,7.5,0.75,15.01,Rail,Fog,Textiles,Rotterdam,Marseille,1,0.5958128181531346,Medium
10072.86,203.08,4.35,0.5,0.69,43.29,Sea,Storm,Automotive,Singapore,Hamburg,1,0.7020993620282556,High
4559.04,499.4,1.29,8.9,0.95,13.7,Rail,Storm,Textiles,Dubai,Hamburg,1,0.898227831023219,High
14345.55,28.43,1.86,2.3,0.62,10.74,Road,Rain,Perishables,Los Angeles,Dubai,1,0.24038701893522976,Low
11199.51,289.69,2.0,5.5,0.64,12.01,Road,Fog,Pharmaceuticals,Los Angeles,Shanghai,1,0.5293803326598648,Medium
8538.13,42.2,2.57,6.4,0.56,6.24,Road,Clear,Automotive,Antwerp,Hamburg,0,0.4822862389468859,Medium
9369.95,78.11,1.97,1.7,0.88,113.8,Sea,Hurricane,Automotive,Hamburg,Busan,1,0.997533490891471,High
6584.2,220.34,2.82,9.8,0.8,9.27,Rail,Rain,Textiles,Dubai,Marseille,1,0.7085118894882764,High
4092.1,255.72,4.08,4.9,0.81,5.41,Rail,Fog,Pharmaceuticals,Rotterdam,Hamburg,1,0.37335383054865984,Medium
5661.6,130.14,3.55,0.6,0.61,5.28,Road,Fog,Electronics,Dubai,Shanghai,0,0.2810139864216605,Low
11488.77,158.91,3.11,9.4,0.83,187.31,Sea,Hurricane,Automotive,Busan,Singapore,1,0.9999719559236261,High
708.71,44.4,1.49,5.9,0.88,1.17,Road,Storm,Pharmaceuticals,Busan,Rotterdam,1,0.7738300343682816,High
2183.05,152.31,3.49,7.0,0.68,6.83,Sea,Fog,Perishables,Busan,Rotterdam,1,0.49984292012377857,Medium
1167.04,483.31,1.75,5.3,0.9,2.47,Rail,Fog,Textiles,Dubai,Marseille,1,0.5210212030269439,Medium
1090.57,472.41,3.8,8.3,0.67,2.77,Rail,Storm,Textiles,Hamburg,Rotterdam,1,0.8938234696727312,High
12904.18,168.1,2.03,0.3,0.88,0.98,Air,Fog,Electronics,Busan,Antwerp,0,0.19209571168827286,Low
10703.04,285.86,2.58,2.7,0.52,9.89,Rail,Rain,Pharmaceuticals,Shanghai,Busan,0,0.24802382352113428,Low
7375.52,454.89,2.36,4.7,0.78,3.58,Air,Hurricane,Pharmaceuticals,Rotterdam,Busan,1,0.9739629721230415,High
1918.6,4.09,4.03,0.8,0.99,3.36,Sea,Clear,Electronics,Shanghai,Marseille,0,0.14750311345295128,Low
7628.43,405.53,1.62,7.1,0.99,16.55,Sea,Rain,Textiles,Hamburg,Shanghai,1,0.512765380796384,Medium
7365.34,474.24,3.07,3.9,0.64,3.91,Air,Hurricane,Pharmaceuticals,Rotterdam,Antwerp,1,0.9777163589318629,High
3011.43,46.57,1.67,2.7,0.72,2.74,Rail,Clear,Perishables,Los Angeles,Hamburg,0,0.29098274793377005,Low
6790.85,81.56,3.53,0.0,0.53,9.38,Sea,Clear,Electronics,Hamburg,Rotterdam,0,0.16929601888473905,Low
6278.32,480.41,4.19,7.2,0.94,18.23,Sea,Fog,Electronics,Shanghai,Marseille,0,0.5359719755548389,Medium
9429.83,269.23,2.63,8.3,0.78,2.16,Air,Storm,Pharmaceuticals,Shanghai,Dubai,0,0.8670261602486938,High
9708.86,8.08,2.81,4.0,0.69,65.2,Rail,Hurricane,Pharmaceuticals,Singapore,Rotterdam,1,0.9955768825524314,High
1156.91,129.56,4.26,5.6,0.56,1.3,Sea,Clear,Textiles,Singapore,Rotterdam,0,0.4396164572135974,Medium
5931.88,225.52,2.92,2.3,0.97,5.72,Road,Fog,Textiles,Antwerp,Marseille,0,0.3423939492132733,Medium
9574.97,346.76,2.81,6.2,0.77,7.44,Road,Clear,Pharmaceuticals,Los Angeles,Dubai,0,0.44072456371917507,Medium
7795.48,366.85,3.11,0.1,0.64,42.23,Rail,Hurricane,Perishables,Singapore,Dubai,1,0.980321344713709,High
12919.1,497.72,3.47,4.9,0.68,28.16,Road,Storm,Electronics,Hamburg,Busan,1,0.8105797838403863,High
10051.06,144.47,1.55,6.4,0.64,10.67,Rail,Rain,Textiles,Busan,Antwerp,1,0.5027487170979,Medium
2862.55,269.57,3.91,9.2,0.8,3.95,Rail,Rain,Perishables,Rotterdam,Busan,1,0.5037195713088697,Medium
1523.25,267.13,2.64,3.8,0.97,1.16,Rail,Rain,Textiles,Dubai,Antwerp,1,0.3259862577165965,Medium
9815.08,203.42,1.44,7.7,0.93,9.01,Rail,Clear,Textiles,Antwerp,Dubai,0,0.4993559457001174,Medium
884.41,85.41,3.79,6.0,0.73,5.2,Sea,Storm,Pharmaceuticals,Los Angeles,Rotterdam,0,0.7588890373056897,High
8993.75,488.75,2.44,9.3,0.91,54.03,Sea,Storm,Textiles,Hamburg,Los Angeles,1,0.9557745175231874,High
14133.34,426.81,1.53,4.0,0.71,9.05,Road,Clear,Electronics,Rotterdam,Antwerp,0,0.24915853484547215,Low
8844.38,249.67,3.29,3.2,0.63,5.92,Road,Clear,Automotive,Busan,Antwerp,0,0.2960275920645497,Low
6128.46,302.02,4.1,8.9,0.99,5.6,Road,Rain,Pharmaceuticals,Shanghai,Busan,0,0.4897632938627292,Medium
9827.68,114.4,4.13,0.5,0.65,13.28,Sea,Clear,Perishables,Antwerp,Busan,1,0.14263419180660727,Low
7144.67,272.35,4.36,1.4,0.66,32.09,Sea,Storm,Textiles,Dubai,Los Angeles,0,0.7007694608292901,High
8411.44,347.79,4.06,0.8,1.0,0.99,Air,Rain,Perishables,Singapore,Antwerp,1,0.20951842123285808,Low
14151.24,258.07,1.21,8.4,0.57,36.32,Road,Storm,Pharmaceuticals,Los Angeles,Shanghai,1,0.94418364401404,High
6098.49,495.15,2.45,0.1,0.88,4.81,Rail,Clear,Electronics,Rotterdam,Antwerp,1,0.12692918946294002,Low
14437.26,306.06,3.9,8.6,0.97,19.06,Road,Fog,Automotive,Rotterdam,Los Angeles,1,0.47376145328229063,Medium
13627.58,186.12,2.41,4.5,0.76,91.73,Rail,Hurricane,Textiles,Busan,Shanghai,1,0.9984435217372247,High
3338.97,386.3,3.19,0.0,0.5,0.5,Air,Fog,Perishables,Rotterdam,Los Angeles,1,0.2636562468357377,Low
1505.74,86.06,3.2,4.0,0.69,0.5,Air,Rain,Pharmaceuticals,Rotterdam,Dubai,0,0.4341281634754168,Medium
1961.28,192.87,2.4,1.9,0.56,0.5,Air,Fog,Automotive,Rotterdam,Singapore,1,0.42777910704698535,Medium
764.22,174.13,4.18,6.2,0.71,1.67,Sea,Clear,Electronics,Busan,Los Angeles,0,0.35095786010774827,Medium
1869.42,216.47,2.86,6.8,0.9,1.37,Road,Fog,Automotive,Dubai,Singapore,0,0.5511647617166504,Medium
10403.6,391.11,2.73,4.9,0.72,71.01,Rail,Hurricane,Pharmaceuticals,Singapore,Dubai,1,0.9969574569156326,High
1532.24,242.6,4.49,0.4,0.72,3.11,Road,Storm,Electronics,Los Angeles,Busan,0,0.5271322903808529,Medium
5125.15,397.21,2.83,6.6,0.78,1.31,Air,Storm,Perishables,Busan,Rotterdam,1,0.8458706209347894,High
12750.69,288.67,1.79,8.4,0.79,75.56,Sea,Storm,Automotive,Los Angeles,Shanghai,1,0.9728582010292675,High
837.44,171.69,2.89,7.2,0.93,1.46,Sea,Rain,Perishables,Shanghai,Singapore,1,0.41836836066839334,Medium
12309.79,405.18,3.89,8.3,0.65,36.66,Rail,Storm,Automotive,Hamburg,Dubai,1,0.92738638392781,High
4586.89,119.91,3.76,2.0,0.91,8.75,Sea,Rain,Pharmaceuticals,Dubai,Marseille,0,0.21825742811411772,Low
2213.39,112.97,3.8,8.9,0.78,0.5,Air,Fog,Automotive,Los Angeles,Rotterdam,1,0.730694836064743,High
10602.69,252.75,3.54,3.2,0.65,1.33,Air,Storm,Pharmaceuticals,Singapore,Hamburg,0,0.7211406089159855,High
9619.67,131.16,2.04,0.1,0.65,5.55,Road,Clear,Perishables,Los Angeles,Busan,0,0.15503841680687327,Low
13223.34,5.53,4.04,8.4,0.68,1.4,Air,Clear,Textiles,Dubai,Rotterdam,1,0.6155540343151494,High
11158.53,324.5,4.15,9.4,0.81,12.39,Road,Rain,Electronics,Antwerp,Marseille,1,0.6422202480024173,High
12150.47,256.04,1.84,6.6,0.62,2.36,Air,Storm,Electronics,Busan,Los Angeles,1,0.7976500194016327,High
4589.5,223.31,1.63,2.3,0.96,9.02,Road,Storm,Textiles,Busan,Los Angeles,0,0.6181267207818052,High
3072.87,483.52,4.42,2.5,0.79,3.52,Rail,Fog,Textiles,Singapore,Los Angeles,0,0.31387028245556164,Medium
11383.91,286.03,4.07,4.7,0.96,0.87,Air,Clear,Electronics,Singapore,Marseille,0,0.3899188074539027,Medium
12199.1,431.85,4.15,9.0,0.52,36.53,Sea,Fog,Automotive,Dubai,Rotterdam,1,0.7488202372464068,High
14862.32,70.59,4.13,1.5,0.67,176.04,Sea,Hurricane,Perishables,Shanghai,Marseille,1,0.9997584826892982,High
6482.96,285.03,2.99,8.3,0.51,4.41,Air,Hurricane,Perishables,Hamburg,Rotterdam,1,0.9939490623608163,High
5894.26,434.12,3.33,2.9,0.64,75.93,Sea,Hurricane,Pharmaceuticals,Hamburg,Antwerp,1,0.9963324589684153,High
11757.99,291.97,3.0,8.1,0.93,91.43,Rail,Hurricane,Automotive,Rotterdam,Singapore,1,0.9988687989547852,High
5441.65,359.29,1.37,9.2,0.52,13.66,Road,Storm,Automotive,Antwerp,Marseille,1,0.933863359578013,High
13995.98,186.65,3.66,4.3,0.72,188.68,Sea,Hurricane,Perishables,Antwerp,Dubai,1,0.9999070459625017,High
12946.98,47.13,2.87,3.7,0.56,6.29,Air,Hurricane,Perishables,Dubai,Singapore,1,0.9809500816746433,High
6720.41,229.49,3.34,8.0,0.71,17.31,Road,Storm,Electronics,Shanghai,Marseille,1,0.9011764273292572,High
11387.63,197.85,2.86,5.3,0.92,1.15,Air,Fog,Perishables,Hamburg,Shanghai,0,0.4720351529766793,Medium
11440.87,433.66,2.82,6.8,0.81,13.31,Road,Fog,Perishables,Antwerp,Busan,1,0.4807074056272211,Medium
1995.3,122.75,1.77,6.2,0.87,28.41,Sea,Hurricane,Perishables,Los Angeles,Rotterdam,1,0.9883663183147582,High
13587.02,483.4,2.12,1.5,0.68,61.37,Sea,Storm,Pharmaceuticals,Antwerp,Singapore,1,0.858794085791483,High
7826.16,479.11,1.72,8.4,0.97,53.31,Road,Hurricane,Textiles,Dubai,Rotterdam,1,0.9975333796735276,High
12483.63,124.57,1.85,2.0,0.86,76.67,Rail,Hurricane,Perishables,Dubai,Marseille,1,0.9946404416123547,High
5140.72,174.68,4.41,9.3,0.71,41.39,Rail,Hurricane,Textiles,Busan,Rotterdam,1,0.9975710790506419,High
13485.09,447.88,1.71,2.5,0.71,11.76,Road,Rain,Electronics,Busan,Shanghai,1,0.2673741077259678,Low
6143.42,483.34,2.09,7.3,0.96,4.96,Rail,Clear,Automotive,Singapore,Los Angeles,0,0.39511705639197703,Medium
657.15,222.28,3.15,2.8,0.79,0.88,Rail,Clear,Pharmaceuticals,Rotterdam,Shanghai,1,0.2747938501785101,Low
13628.04,161.18,3.21,3.2,0.85,31.95,Rail,Storm,Pharmaceuticals,Busan,Singapore,0,0.7724319429461542,High
1823.66,263.52,1.71,3.1,0.71,0.5,Air,Clear,Perishables,Rotterdam,Antwerp,0,0.38774123767246377,Medium
5130.05,344.2,3.82,7.5,0.61,39.94,Rail,Hurricane,Pharmaceuticals,Los Angeles,Rotterdam,1,0.9962631668765703,High
14275.9,137.46,3.79,5.6,0.86,3.27,Air,Storm,Textiles,Shanghai,Rotterdam,1,0.753984222311854,High
14283.8,368.5,1.98,8.8,0.8,1.34,Air,Fog,Textiles,Hamburg,Busan,1,0.6256166314942108,High
8814.85,26.78,2.15,3.1,0.75,20.93,Sea,Fog,Textiles,Los Angeles,Rotterdam,0,0.3745226164129777,Medium
9661.64,25.6,4.3,6.9,0.81,23.27,Road,Storm,Automotive,Rotterdam,Hamburg,0,0.827904686639737,High
7002.46,193.76,3.92,7.5,0.6,8.86,Road,Fog,Perishables,Rotterdam,Busan,1,0.5238732277256695,Medium
4751.56,177.38,3.5,1.5,0.9,4.89,Rail,Rain,Perishables,Rotterdam,Antwerp,0,0.1661800046025609,Low
5265.64,158.5,1.47,4.0,0.97,12.94,Rail,Storm,Automotive,Dubai,Marseille,1,0.7220815808180571,High
10251.52,246.02,2.58,4.8,0.95,25.71,Rail,Storm,Automotive,Shanghai,Busan,0,0.7176030126271676,High
11409.43,161.05,3.05,3.6,0.66,64.07,Road,Hurricane,Electronics,Los Angeles,Singapore,1,0.9959864007358814,High
11977.9,96.94,1.82,3.2,0.7,24.61,Road,Storm,Textiles,Antwerp,Hamburg,0,0.7855892755852198,High
11949.46,155.43,2.68,6.9,0.9,26.1,Sea,Rain,Textiles,Dubai,Shanghai,0,0.529658171254982,Medium
1822.49,487.48,3.18,2.2,0.8,1.83,Rail,Rain,Textiles,Shanghai,Rotterdam,0,0.26562855444586,Low
7669.09,206.15,2.28,7.1,0.77,10.72,Rail,Fog,Textiles,Busan,Singapore,1,0.6302974603861305,High
1334.6,222.91,3.78,9.4,0.96,2.87,Sea,Clear,Electronics,Busan,Singapore,0,0.55257632033206,Medium
8468.17,288.7,3.97,5.7,0.77,0.5,Air,Fog,Electronics,Busan,Rotterdam,0,0.4962312952972366,Medium
6902.19,491.69,2.27,6.1,0.76,0.81,Air,Rain,Electronics,Los Angeles,Rotterdam,0,0.5105400560913754,Medium
13371.71,121.56,3.97,0.7,0.52,0.5,Air,Fog,Electronics,Rotterdam,Singapore,1,0.25194558533165895,Low
5588.27,340.96,1.54,8.6,0.54,0.5,Air,Fog,Textiles,Antwerp,Marseille,0,0.8073320364743015,High
2197.47,358.28,3.96,2.9,0.5,1.67,Road,Rain,Textiles,Singapore,Antwerp,1,0.416579115498205,Medium
2573.38,304.05,1.7,6.2,0.96,1.4,Air,Storm,Textiles,Los Angeles,Busan,0,0.8451639237590836,High
11541.9,45.2,1.47,9.8,0.7,36.21,Sea,Fog,Automotive,Singapore,Hamburg,0,0.7670301868493643,High
9464.16,338.76,3.32,6.0,0.73,26.13,Rail,Storm,Perishables,Rotterdam,Hamburg,1,0.8210057480041445,High
1966.28,32.98,2.76,7.2,0.92,2.3,Road,Clear,Pharmaceuticals,Rotterdam,Los Angeles,0,0.4072669840171508,Medium
1719.55,298.48,4.2,4.5,0.81,5.56,Road,Storm,Textiles,Rotterdam,Antwerp,1,0.7516786958390722,High
10664.05,370.05,2.4,0.6,0.81,9.83,Road,Fog,Electronics,Singapore,Rotterdam,1,0.2061396844066085,Low
1555.06,106.27,2.15,8.0,0.65,2.22,Rail,Clear,Textiles,Rotterdam,Hamburg,0,0.5755987841124016,Medium
12416.97,420.97,2.85,0.3,0.92,13.67,Rail,Fog,Pharmaceuticals,Singapore,Shanghai,0,0.2039886053813391,Low
10740.51,16.15,2.7,7.0,0.58,20.64,Sea,Clear,Automotive,Rotterdam,Antwerp,0,0.44329701629913243,Medium
1679.56,422.06,2.34,0.2,0.53,0.98,Air,Clear,Pharmaceuticals,Hamburg,Rotterdam,0,0.35648215301507136,Medium
1730.15,230.7,3.49,8.6,0.6,0.5,Air,Clear,Electronics,Rotterdam,Los Angeles,0,0.650620689970502,High
14806.27,109.58,3.71,1.6,0.63,28.27,Road,Storm,Electronics,Antwerp,Marseille,1,0.7232478990608345,High
5926.93,67.76,4.01,5.1,0.64,31.21,Sea,Storm,Textiles,Singapore,Marseille,0,0.8879879281281855,High
5874.31,476.7,4.41,6.0,0.84,5.21,Rail,Clear,Textiles,Hamburg,Los Angeles,1,0.4255885041924302,Medium
12285.59,37.26,2.08,4.6,0.61,25.32,Sea,Rain,Perishables,Shanghai,Antwerp,0,0.3745548854754059,Medium
14235.1,100.35,3.56,3.4,0.84,10.7,Road,Clear,Textiles,Los Angeles,Rotterdam,0,0.28446962585190544,Low
14797.02,174.56,2.5,4.7,0.55,16.06,Road,Fog,Automotive,Busan,Shanghai,0,0.4610380886512545,Medium
11423.98,310.5,3.43,3.1,0.57,62.72,Road,Hurricane,Automotive,Busan,Marseille,1,0.9952431987269732,High
5955.76,272.86,2.77,4.4,0.75,0.65,Air,Fog,Pharmaceuticals,Busan,Marseille,0,0.5322826837903127,Medium
1710.76,63.7,4.48,3.6,0.96,1.33,Road,Rain,Automotive,Rotterdam,Dubai,0,0.23714408761736858,Low
11768.63,145.57,3.61,5.7,0.93,26.01,Road,Storm,Perishables,Los Angeles,Antwerp,1,0.8182040777687795,High
8596.86,120.14,4.34,2.4,0.98,13.07,Sea,Clear,Automotive,Antwerp,Marseille,0,0.20484875857271323,Low
6651.22,107.56,3.96,9.9,0.83,55.56,Rail,Hurricane,Textiles,Rotterdam,Marseille,1,0.9984333061300564,High
13642.14,206.16,4.18,5.0,0.84,18.49,Rail,Fog,Textiles,Rotterdam,Singapore,1,0.44138314546797774,Medium
2112.36,352.31,3.89,1.9,0.81,2.64,Sea,Clear,Automotive,Hamburg,Dubai,0,0.19064521193292716,Low
7643.06,109.51,2.72,4.8,0.81,5.99,Rail,Clear,Textiles,Rotterdam,Antwerp,1,0.3287972722210912,Medium
664.63,183.97,2.03,8.7,0.57,0.5,Air,Clear,Textiles,Dubai,Los Angeles,1,0.7607453269929371,High
7295.58,196.07,2.42,0.2,0.77,5.55,Road,Fog,Perishables,Busan,Hamburg,0,0.20164146172576988,Low
1316.4,488.25,1.27,6.8,0.69,1.35,Road,Fog,Textiles,Shanghai,Marseille,1,0.6448833581870398,High
2222.86,477.38,2.93,5.5,0.72,12.62,Road,Hurricane,Automotive,Los Angeles,Shanghai,1,0.988152145104444,High
2204.13,400.27,2.87,1.7,0.76,1.68,Air,Hurricane,Perishables,Antwerp,Shanghai,1,0.9757929990634768,High
9913.55,121.59,2.93,8.2,0.56,7.93,Road,Clear,Pharmaceuticals,Antwerp,Dubai,1,0.5904077876771929,Medium
11317.65,34.95,4.41,3.7,0.68,24.76,Road,Storm,Textiles,Rotterdam,Dubai,1,0.7665025893167337,High
8958.85,159.14,4.21,2.9,0.53,1.09,Air,Clear,Automotive,Shanghai,Singapore,1,0.3985664873661341,Medium
14451.5,134.13,1.73,8.3,0.99,20.96,Rail,Fog,Perishables,Singapore,Los Angeles,1,0.5201282832967321,Medium
5935.62,253.46,2.42,6.4,0.56,0.5,Air,Rain,Automotive,Los Angeles,Hamburg,1,0.5844199881173899,Medium
4642.83,389.09,2.6,9.0,0.63,2.71,Air,Hurricane,Textiles,Antwerp,Rotterdam,1,0.9951011996926753,High
13094.69,429.3,2.39,6.3,0.95,14.3,Rail,Rain,Automotive,Rotterdam,Shanghai,0,0.33900120982247695,Medium
3742.14,422.59,3.84,7.4,0.74,0.5,Air,Clear,Textiles,Shanghai,Marseille,0,0.6970080756635528,High
14466.73,180.48,2.93,8.4,0.57,20.98,Rail,Fog,Pharmaceuticals,Rotterdam,Los Angeles,1,0.5697052642441833,Medium
676.24,343.93,3.09,0.5,0.69,0.99,Road,Fog,Textiles,Busan,Singapore,0,0.3397668839617443,Medium
14563.24,157.1,4.01,7.8,0.56,33.82,Sea,Rain,Electronics,Singapore,Hamburg,0,0.6209473440074976,High
1125.82,31.39,3.86,6.1,0.6,2.28,Sea,Rain,Textiles,Shanghai,Los Angeles,1,0.3972847301389961,Medium
13421.58,351.08,1.64,0.7,0.53,153.96,Sea,Hurricane,Electronics,Shanghai,Los Angeles,1,0.9992853321968093,High
8151.67,5.9,3.56,5.1,0.72,14.11,Sea,Clear,Pharmaceuticals,Busan,Singapore,0,0.40209018667606305,Medium
14897.99,205.18,2.64,0.8,0.9,21.14,Sea,Clear,Pharmaceuticals,Rotterdam,Los Angeles,0,0.10330880747447369,Low
1570.05,165.36,2.17,7.4,0.79,0.5,Air,Storm,Electronics,Singapore,Hamburg,1,0.8921525849957492,High
8530.89,347.0,1.37,5.5,0.8,7.8,Road,Rain,Perishables,Antwerp,Shanghai,0,0.4278322840299995,Medium
14554.89,383.36,2.81,9.5,0.6,15.48,Road,Rain,Textiles,Antwerp,Singapore,1,0.7244448599891842,High
8084.92,152.74,2.37,1.8,0.67,15.59,Sea,Rain,Perishables,Dubai,Busan,1,0.19733166092576382,Low
9626.28,406.0,2.03,6.1,0.92,0.72,Air,Rain,Textiles,Singapore,Marseille,0,0.5392170822737005,Medium
10588.36,147.66,3.49,2.1,0.54,130.6,Sea,Hurricane,Textiles,Antwerp,Singapore,1,0.9994411431252693,High
7090.85,223.72,3.74,6.1,0.93,15.56,Sea,Rain,Electronics,Los Angeles,Dubai,0,0.3750225558337884,Medium
9599.59,363.78,2.01,7.2,0.74,9.22,Road,Rain,Pharmaceuticals,Busan,Shanghai,1,0.5327136546152694,Medium
8972.56,346.77,1.36,7.2,0.92,0.7,Air,Rain,Automotive,Antwerp,Hamburg,0,0.5008677891626605,Medium
13566.79,493.7,4.0,8.2,0.66,212.15,Sea,Hurricane,Textiles,Dubai,Singapore,1,0.9999891817659252,High
1158.97,113.36,1.23,8.5,0.67,0.5,Air,Rain,Textiles,Shanghai,Dubai,1,0.7399867236630556,High
4573.97,331.5,4.29,0.8,0.88,9.42,Rail,Storm,Pharmaceuticals,Antwerp,Hamburg,0,0.5531028267998646,Medium
14280.97,305.23,3.27,3.4,0.89,10.89,Rail,Clear,Textiles,Rotterdam,Antwerp,0,0.22084957066988345,Low
13408.82,457.63,2.26,6.9,0.62,100.41,Rail,Hurricane,Perishables,Hamburg,Los Angeles,1,0.9991291462856391,High
7107.02,79.02,2.01,5.0,0.99,37.44,Sea,Storm,Electronics,Busan,Dubai,1,0.8071906118997663,High
9491.92,376.15,1.23,1.9,0.54,22.03,Sea,Fog,Perishables,Los Angeles,Antwerp,1,0.33641862092521524,Medium
4522.03,284.57,1.98,5.5,0.53,0.98,Air,Storm,Electronics,Shanghai,Dubai,1,0.8438051677692856,High
3227.76,138.06,1.65,4.1,0.8,3.62,Rail,Rain,Automotive,Hamburg,Rotterdam,1,0.32558451724054466,Medium
7223.63,237.74,3.22,3.9,0.86,48.31,Rail,Hurricane,Textiles,Antwerp,Shanghai,1,0.9937098391135077,High
5623.61,167.55,1.75,8.1,0.98,13.56,Sea,Rain,Textiles,Hamburg,Dubai,0,0.5301072267770838,Medium
8963.01,290.08,2.94,4.1,0.7,44.53,Sea,Storm,Automotive,Los Angeles,Antwerp,1,0.8492459244352653,High
1627.15,444.61,3.15,0.3,0.51,17.77,Sea,Hurricane,Automotive,Singapore,Shanghai,1,0.9646895436149907,High
14628.72,285.08,2.18,0.6,0.8,167.07,Sea,Hurricane,Automotive,Singapore,Rotterdam,1,0.9994848682052744,High
14800.06,316.23,1.32,8.6,0.65,234.84,Sea,Hurricane,Electronics,Shanghai,Singapore,1,0.9999938706041365,High
10623.34,259.86,1.32,9.6,0.72,2.34,Air,Storm,Automotive,Singapore,Antwerp,1,0.9014587783173613,High
8273.4,26.53,1.29,6.9,0.74,0.5,Air,Clear,Pharmaceuticals,Antwerp,Busan,0,0.5183032526150525,Medium
4988.15,117.2,3.64,3.6,0.53,4.37,Road,Clear,Perishables,Los Angeles,Singapore,1,0.43203678077253904,Medium
12300.03,246.51,2.25,9.4,0.74,32.14,Road,Storm,Perishables,Dubai,Hamburg,1,0.9330447303471793,High
10428.6,155.81,3.83,6.6,0.71,19.37,Sea,Clear,Pharmaceuticals,Antwerp,Rotterdam,1,0.45214513770369064,Medium
2857.95,91.7,2.62,8.4,0.86,3.44,Rail,Clear,Textiles,Dubai,Rotterdam,1,0.5836500917695616,Medium
13708.44,252.56,2.69,7.7,0.82,104.15,Rail,Hurricane,Perishables,Shanghai,Busan,1,0.999086326914338,High
12426.79,162.08,2.89,3.8,0.59,61.34,Sea,Storm,Textiles,Rotterdam,Shanghai,0,0.906230039345456,High
14272.1,129.8,3.55,4.8,0.6,18.23,Rail,Fog,Electronics,Antwerp,Shanghai,1,0.4706365890236822,Medium
11022.93,232.53,2.1,1.9,0.63,4.85,Air,Hurricane,Electronics,Hamburg,Los Angeles,1,0.9626149761140363,High
9394.52,67.51,1.6,2.9,0.59,14.87,Sea,Clear,Pharmaceuticals,Hamburg,Los Angeles,1,0.2592710619813777,Low
6564.52,463.95,3.03,7.8,0.83,7.24,Road,Rain,Pharmaceuticals,Antwerp,Rotterdam,0,0.5335241403004799,Medium
14024.56,433.98,2.28,8.9,1.0,42.61,Rail,Storm,Electronics,Dubai,Rotterdam,1,0.9171266921888038,High
13057.93,354.1,2.66,7.2,0.83,1.41,Air,Clear,Pharmaceuticals,Hamburg,Dubai,0,0.511402527050556,Medium
1155.67,54.0,3.33,4.7,0.8,2.0,Sea,Clear,Textiles,Antwerp,Busan,0,0.31210185811197066,Medium
882.32,388.16,2.83,0.9,0.71,0.5,Road,Rain,Textiles,Los Angeles,Rotterdam,1,0.2685259106742541,Low
5958.72,404.17,3.25,0.6,0.66,0.5,Air,Storm,Automotive,Antwerp,Dubai,1,0.6164104496679547,High
12253.02,384.11,3.0,3.7,0.96,9.34,Rail,Clear,Perishables,Busan,Hamburg,0,0.23138897797145933,Low
14815.5,57.87,3.64,4.6,0.99,76.23,Sea,Storm,Textiles,Rotterdam,Dubai,1,0.9098348838792972,High
2681.04,322.31,3.53,6.1,0.75,2.51,Road,Rain,Electronics,Dubai,Antwerp,0,0.4672834647955505,Medium
9114.9,417.33,2.96,0.1,0.65,18.95,Rail,Storm,Electronics,Busan,Singapore,1,0.6196090379535667,High
6022.92,289.1,3.44,9.9,0.89,0.52,Air,Fog,Textiles,Hamburg,Antwerp,1,0.7774824829260125,High
14563.76,323.56,4.08,3.6,0.57,13.3,Road,Rain,Pharmaceuticals,Hamburg,Los Angeles,0,0.3080847293477987,Medium
12710.72,229.72,2.63,8.5,0.88,12.52,Road,Rain,Textiles,Dubai,Los Angeles,0,0.5215452113517637,Medium
12655.77,264.82,2.56,5.3,0.91,89.58,Rail,Hurricane,Perishables,Antwerp,Shanghai,1,0.9981879181779048,High
7296.05,18.15,3.72,1.3,0.56,43.18,Rail,Hurricane,Textiles,Rotterdam,Marseille,1,0.9878429203305863,High
6514.88,319.84,3.12,8.0,0.99,7.56,Rail,Rain,Electronics,Shanghai,Busan,1,0.41608701551927874,Medium
4464.4,41.64,1.43,7.1,0.99,4.19,Road,Clear,Automotive,Los Angeles,Shanghai,0,0.4859263151759353,Medium
1317.44,218.07,4.14,5.3,0.97,2.22,Road,Fog,Automotive,Busan,Singapore,0,0.46441626754014564,Medium
13038.47,147.03,1.3,5.1,0.75,2.44,Air,Storm,Textiles,Rotterdam,Marseille,1,0.7711517696562374,High
12287.06,273.17,3.67,0.9,0.62,9.31,Rail,Clear,Electronics,Shanghai,Hamburg,0,0.17607423776508505,Low
14995.91,67.57,3.7,6.6,0.79,41.67,Rail,Storm,Electronics,Los Angeles,Shanghai,1,0.9008632326266601,High
14951.23,346.13,4.35,9.1,0.71,1.7,Air,Fog,Textiles,Antwerp,Busan,1,0.6407599203018757,High
8553.76,397.71,1.38,0.9,0.6,3.83,Air,Hurricane,Textiles,Dubai,Shanghai,1,0.9732810391926783,High
11650.32,82.51,3.17,2.6,0.71,7.5,Road,Clear,Pharmaceuticals,Singapore,Busan,0,0.22951459138482116,Low
14199.1,53.05,2.61,9.0,0.83,8.43,Air,Hurricane,Electronics,Rotterdam,Dubai,1,0.9876427069648019,High
12819.89,73.61,2.29,2.8,0.54,0.85,Air,Fog,Perishables,Antwerp,Rotterdam,0,0.35527934852028054,Medium
4086.55,438.69,1.5,6.5,0.67,60.7,Sea,Hurricane,Perishables,Singapore,Hamburg,1,0.9970268478147227,High
7032.89,264.57,3.06,5.3,0.51,14.81,Sea,Rain,Textiles,Shanghai,Rotterdam,0,0.44469563910663795,Medium
2372.81,234.16,2.78,6.0,0.88,3.63,Sea,Clear,Electronics,Rotterdam,Shanghai,0,0.32318630949677296,Medium
14333.74,54.25,1.55,4.2,0.82,28.49,Sea,Rain,Automotive,Busan,Hamburg,0,0.31064428507648034,Medium
9289.53,325.13,3.22,3.0,0.53,2.85,Air,Hurricane,Automotive,Antwerp,Dubai,1,0.9750864302054604,High
3815.32,434.13,3.64,0.5,0.98,5.18,Sea,Clear,Pharmaceuticals,Shanghai,Dubai,0,0.1234748694504143,Low
10239.66,414.26,3.73,7.4,0.51,8.38,Road,Clear,Textiles,Shanghai,Marseille,0,0.6231407281959989,High
9462.86,313.4,4.19,7.5,0.8,0.61,Air,Clear,Perishables,Hamburg,Shanghai,1,0.5980497535595604,Medium
5693.36,38.56,2.55,6.7,0.89,2.18,Air,Storm,Perishables,Los Angeles,Rotterdam,1,0.839194797622308,High
2146.59,57.09,4.35,6.4,0.89,4.23,Sea,Clear,Textiles,Dubai,Busan,1,0.37623498819764967,Medium
10237.81,25.61,4.06,2.4,0.52,64.07,Rail,Hurricane,Pharmaceuticals,Shanghai,Hamburg,1,0.9939794657119453,High
8044.46,129.48,2.18,0.2,0.95,16.12,Rail,Storm,Pharmaceuticals,Singapore,Busan,0,0.4792065569174829,Medium
11698.62,68.7,1.73,8.1,0.96,34.04,Rail,Storm,Automotive,Antwerp,Hamburg,1,0.8912609312460653,High
8042.37,130.76,2.64,4.9,0.78,0.5,Air,Rain,Electronics,Antwerp,Busan,0,0.3865291839348789,Medium
12856.63,193.14,2.53,3.1,0.74,26.09,Road,Storm,Automotive,Hamburg,Rotterdam,1,0.7346140334558648,High
8502.65,471.55,3.1,1.0,0.52,4.92,Road,Clear,Textiles,Singapore,Shanghai,0,0.302400962036276,Medium
8633.6,305.58,3.13,0.6,0.78,41.5,Road,Hurricane,Textiles,Rotterdam,Busan,1,0.9756481611159218,High
13211.48,417.65,3.67,3.5,0.71,64.01,Sea,Storm,Electronics,Busan,Singapore,1,0.9025896086531959,High
6350.5,355.47,2.88,8.0,0.89,7.86,Rail,Rain,Perishables,Busan,Dubai,1,0.49727558272937905,Medium
2443.22,57.14,1.55,9.2,0.7,1.41,Air,Hurricane,Electronics,Singapore,Hamburg,1,0.994613898586683,High
917.35,368.22,4.03,9.0,0.84,0.54,Road,Clear,Automotive,Los Angeles,Antwerp,0,0.6117041615622854,High
11449.49,138.27,2.22,9.2,0.55,69.65,Sea,Storm,Pharmaceuticals,Hamburg,Antwerp,1,0.9792302536921725,High
9494.49,319.91,4.41,9.1,0.57,29.34,Rail,Storm,Pharmaceuticals,Los Angeles,Rotterdam,1,0.9370037189865668,High
10709.16,171.14,1.59,5.3,0.57,1.06,Air,Fog,Perishables,Singapore,Busan,0,0.4834383358740379,Medium
3587.98,498.84,4.36,2.2,0.52,19.23,Road,Hurricane,Electronics,Los Angeles,Dubai,1,0.9813908262114671,High
2477.39,132.51,1.5,8.0,0.77,0.5,Air,Fog,Electronics,Rotterdam,Dubai,1,0.6478089739754694,High
710.9,140.29,1.96,2.1,0.9,0.51,Rail,Fog,Electronics,Singapore,Dubai,0,0.26715495555960966,Low
5583.52,465.41,1.35,2.7,0.81,26.55,Sea,Storm,Textiles,Dubai,Shanghai,1,0.7658367269977725,High
9053.81,13.3,3.53,2.3,0.79,17.8,Sea,Rain,Pharmaceuticals,Los Angeles,Antwerp,1,0.24322067822082946,Low
6187.54,348.65,4.01,5.1,0.84,87.17,Sea,Hurricane,Textiles,Singapore,Busan,1,0.9979667165517095,High
6843.39,362.94,2.63,3.2,0.67,5.81,Rail,Clear,Electronics,Rotterdam,Hamburg,1,0.2526409623043627,Low
13610.3,418.35,4.26,1.5,0.68,10.55,Road,Rain,Electronics,Shanghai,Singapore,0,0.22526468109130243,Low
5549.7,487.25,3.15,4.5,0.66,1.06,Air,Clear,Pharmaceuticals,Hamburg,Singapore,0,0.558232620359615,Medium
7952.85,487.83,3.28,8.7,0.86,54.82,Road,Hurricane,Textiles,Antwerp,Los Angeles,1,0.9977620387466353,High
11862.97,33.57,3.99,5.7,0.58,71.46,Road,Hurricane,Pharmaceuticals,Dubai,Singapore,1,0.998152828501826,High
6249.87,411.1,2.18,8.8,0.51,42.3,Road,Hurricane,Textiles,Antwerp,Rotterdam,1,0.9980400159526615,High
9520.26,323.51,2.37,2.0,0.8,8.88,Rail,Rain,Perishables,Antwerp,Shanghai,0,0.2382057063527434,Low
13004.27,324.02,4.19,1.7,0.97,7.49,Road,Clear,Automotive,Los Angeles,Hamburg,0,0.16259879601065344,Low
14268.05,65.05,4.17,5.8,0.81,0.99,Air,Fog,Pharmaceuticals,Singapore,Antwerp,0,0.4585555854414134,Medium
2632.57,325.44,4.42,4.6,0.89,2.35,Rail,Rain,Automotive,Shanghai,Rotterdam,0,0.2969103885955538,Low
13935.52,491.26,4.18,6.6,0.84,32.97,Road,Storm,Automotive,Shanghai,Antwerp,1,0.8562843830587963,High
7635.69,456.0,1.62,7.9,0.75,10.97,Rail,Fog,Electronics,Hamburg,Shanghai,0,0.6388846487427443,High
4244.54,220.13,3.92,7.5,0.86,2.29,Air,Hurricane,Pharmaceuticals,Dubai,Los Angeles,1,0.9886554991401242,High
7157.47,20.93,2.55,9.4,0.91,15.04,Sea,Clear,Perishables,Dubai,Antwerp,1,0.5573841061257848,Medium
14710.47,181.78,4.47,4.0,0.61,0.97,Air,Rain,Electronics,Hamburg,Busan,1,0.3154460731990185,Medium
7642.96,413.37,2.76,2.1,0.67,8.59,Rail,Fog,Textiles,Los Angeles,Shanghai,0,0.3721005354110246,Medium
5266.9,351.05,3.03,5.5,0.61,31.31,Road,Hurricane,Electronics,Los Angeles,Dubai,1,0.9927751447853017,High
9684.31,230.21,2.95,1.1,0.73,114.07,Sea,Hurricane,Textiles,Busan,Marseille,1,0.9984951306464935,High
3982.11,28.5,2.26,2.9,0.94,2.38,Road,Clear,Automotive,Antwerp,Busan,0,0.2221599908592066,Low
1600.02,214.02,1.45,2.1,0.67,0.93,Rail,Rain,Textiles,Singapore,Busan,0,0.2773273071894727,Low
2368.76,235.04,4.16,4.0,0.69,0.5,Air,Clear,Electronics,Hamburg,Shanghai,1,0.5291113670930156,Medium
2356.66,464.35,3.85,1.1,0.93,3.76,Sea,Rain,Textiles,Rotterdam,Shanghai,0,0.16088872846368213,Low
2702.59,320.9,1.66,0.3,0.76,0.88,Air,Hurricane,Electronics,Antwerp,Rotterdam,1,0.9595085958319604,High
2512.99,156.51,3.76,6.6,0.77,0.5,Air,Fog,Electronics,Shanghai,Marseille,1,0.6564891729967051,High
9792.68,263.13,3.27,6.1,0.93,22.66,Road,Storm,Automotive,Shanghai,Antwerp,0,0.8076990895291142,High
3137.26,33.96,2.55,7.1,0.75,4.7,Rail,Rain,Automotive,Hamburg,Antwerp,0,0.5142499283357141,Medium
5512.18,486.31,2.04,6.6,0.84,0.54,Air,Fog,Electronics,Dubai,Los Angeles,0,0.5413601983038288,Medium
13503.43,180.67,4.04,1.1,0.54,6.26,Air,Hurricane,Pharmaceuticals,Shanghai,Antwerp,1,0.9599469136742504,High
7372.44,239.46,3.51,2.9,0.59,39.25,Road,Hurricane,Automotive,Hamburg,Dubai,1,0.9896331156943038,High
10179.59,178.29,3.01,1.3,0.7,14.62,Sea,Clear,Pharmaceuticals,Hamburg,Shanghai,0,0.22339026754697677,Low
2998.64,341.57,3.21,8.4,0.75,17.22,Sea,Storm,Perishables,Busan,Dubai,1,0.8702708733823972,High
3288.19,331.45,1.5,7.5,0.98,8.93,Rail,Storm,Pharmaceuticals,Antwerp,Dubai,0,0.8292914643476048,High
1092.59,357.95,2.76,2.0,0.99,6.89,Rail,Hurricane,Perishables,Busan,Marseille,1,0.9608547932699648,High
2949.56,134.8,1.84,3.4,0.93,7.71,Rail,Storm,Electronics,Los Angeles,Marseille,1,0.7040780679212342,High
4539.56,158.52,1.89,9.7,0.66,14.2,Rail,Storm,Automotive,Dubai,Busan,1,0.9018693597348719,High
3066.65,63.5,3.38,5.9,0.98,8.17,Sea,Fog,Textiles,Busan,Shanghai,1,0.4579530139527316,Medium
1786.19,328.1,4.21,8.0,0.85,10.11,Sea,Storm,Perishables,Busan,Hamburg,1,0.825601012845801,High
2249.22,20.86,2.53,2.6,0.7,12.68,Road,Hurricane,Pharmaceuticals,Singapore,Busan,1,0.9736301475393296,High
7181.29,299.24,1.89,2.1,0.85,4.34,Air,Hurricane,Perishables,Busan,Singapore,1,0.9722082187551515,High
3491.84,434.98,3.34,7.8,0.51,0.83,Air,Storm,Perishables,Shanghai,Rotterdam,1,0.9035078961661336,High
5781.91,445.53,4.07,6.9,0.57,0.87,Air,Clear,Pharmaceuticals,Hamburg,Busan,0,0.6112067336477018,High
7799.55,225.07,3.67,6.8,0.92,58.26,Rail,Hurricane,Perishables,Shanghai,Rotterdam,1,0.9959445498117298,High
10510.73,230.19,4.07,5.5,0.82,28.33,Rail,Storm,Electronics,Antwerp,Los Angeles,0,0.801706355916001,High
1070.03,39.41,2.97,5.6,0.68,0.5,Road,Rain,Pharmaceuticals,Los Angeles,Dubai,0,0.46978637442311566,Medium
12091.45,335.71,3.68,7.4,0.75,6.65,Air,Hurricane,Automotive,Los Angeles,Singapore,1,0.9901041195259017,High
9604.56,410.81,1.66,2.7,0.95,6.69,Road,Clear,Textiles,Dubai,Antwerp,0,0.263414665845043,Low
1685.51,123.08,2.35,3.5,0.82,4.74,Sea,Fog,Textiles,Antwerp,Singapore,1,0.3843412760697548,Medium
13166.89,211.23,2.49,8.7,0.7,89.62,Road,Hurricane,Perishables,Dubai,Marseille,1,0.999354694813103,High
13852.65,419.58,2.89,3.1,0.56,15.64,Rail,Fog,Textiles,Singapore,Antwerp,1,0.40587199517174405,Medium
1385.63,438.68,4.27,5.5,0.65,8.15,Road,Hurricane,Pharmaceuticals,Hamburg,Busan,1,0.9853587839518243,High
4514.73,122.35,4.09,7.0,0.99,8.98,Sea,Clear,Pharmaceuticals,Los Angeles,Marseille,0,0.44790709945793766,Medium
12189.92,275.73,1.64,10.0,0.72,37.3,Rail,Storm,Automotive,Hamburg,Singapore,1,0.9560880683637146,High
11349.77,97.05,1.77,4.4,0.74,28.2,Rail,Storm,Pharmaceuticals,Shanghai,Los Angeles,1,0.7600585329157825,High
3175.55,51.84,2.38,4.3,0.75,6.5,Sea,Rain,Textiles,Antwerp,Singapore,0,0.3901408075353222,Medium
3535.57,455.65,2.16,8.4,0.94,23.87,Road,Hurricane,Electronics,Dubai,Antwerp,1,0.9937109777219605,High
5871.85,410.43,3.23,8.1,0.8,91.82,Sea,Hurricane,Electronics,Shanghai,Hamburg,1,0.9990194770088249,High
7525.58,380.26,4.18,7.3,0.85,48.32,Road,Hurricane,Automotive,Rotterdam,Hamburg,1,0.9950163732004634,High
9464.69,25.33,4.38,4.6,0.7,10.25,Road,Fog,Textiles,Busan,Rotterdam,1,0.45385885022210604,Medium
5849.25,422.02,3.36,3.2,0.52,4.64,Road,Clear,Automotive,Dubai,Shanghai,0,0.37415924202592366,Medium
7206.75,219.58,3.97,6.1,0.97,0.5,Air,Fog,Perishables,Dubai,Rotterdam,1,0.4923170486656814,Medium
11338.33,171.86,2.93,8.8,0.98,12.06,Rail,Clear,Electronics,Los Angeles,Shanghai,0,0.540822025456437,Medium
1031.91,273.69,1.89,8.8,0.98,0.5,Air,Clear,Automotive,Hamburg,Marseille,0,0.721083422195185,High
4160.34,46.59,2.93,1.1,0.97,4.34,Road,Fog,Automotive,Rotterdam,Antwerp,1,0.1819350783386248,Low
10843.57,378.57,3.03,4.3,0.91,27.24,Rail,Storm,Perishables,Los Angeles,Shanghai,1,0.790847988135388,High
13480.5,291.64,3.65,4.6,0.84,16.73,Rail,Fog,Pharmaceuticals,Busan,Hamburg,0,0.3785860434925503,Medium
7919.32,94.11,1.93,9.8,0.92,24.31,Sea,Fog,Electronics,Los Angeles,Busan,1,0.6460427404070104,High
8215.65,94.93,2.42,6.8,0.8,0.96,Air,Rain,Automotive,Los Angeles,Antwerp,1,0.5234099215432705,Medium
2053.99,92.94,2.4,4.1,0.57,2.06,Rail,Rain,Perishables,Los Angeles,Marseille,0,0.42780629375852225,Medium
6987.48,29.44,4.37,0.3,0.7,6.88,Road,Fog,Perishables,Hamburg,Marseille,0,0.2723643421156554,Low
8222.95,294.31,2.67,5.7,0.99,22.69,Rail,Storm,Pharmaceuticals,Los Angeles,Rotterdam,1,0.8024930388099386,High
4015.82,420.33,3.69,1.0,0.68,16.94,Sea,Storm,Textiles,Los Angeles,Singapore,1,0.6850492016455173,High
4404.03,9.73,3.68,8.3,0.93,0.5,Air,Fog,Perishables,Los Angeles,Shanghai,1,0.6934457816875352,High
5970.62,25.45,2.08,7.5,0.55,10.76,Sea,Clear,Textiles,Los Angeles,Antwerp,0,0.5756086358643001,Medium
791.03,286.81,3.09,4.6,0.67,0.5,Air,Clear,Pharmaceuticals,Dubai,Marseille,1,0.5925389802790291,Medium
5170.15,409.93,4.15,4.3,0.68,6.16,Road,Fog,Automotive,Rotterdam,Hamburg,1,0.3714854996131795,Medium
3566.0,164.04,2.77,9.0,0.53,1.09,Air,Storm,Automotive,Shanghai,Rotterdam,1,0.9185720857684568,High
5248.71,175.46,4.32,2.9,0.56,4.02,Road,Rain,Electronics,Shanghai,Los Angeles,0,0.27168436962310044,Low
2236.55,298.58,1.91,2.5,0.6,5.23,Sea,Fog,Electronics,Shanghai,Dubai,0,0.2741757448655479,Low
13412.65,137.83,1.44,9.4,0.92,18.3,Road,Fog,Perishables,Busan,Antwerp,0,0.6423481074874934,High
9107.09,14.28,4.14,8.1,0.53,18.72,Sea,Clear,Automotive,Singapore,Busan,0,0.5380517605966413,Medium
10346.98,367.88,4.0,8.2,0.65,24.45,Sea,Rain,Pharmaceuticals,Singapore,Busan,0,0.5668503658547797,Medium
11942.98,313.2,4.48,2.0,0.51,12.33,Rail,Fog,Perishables,Busan,Rotterdam,0,0.28872433876909065,Low
7727.41,290.8,3.44,1.4,0.85,39.58,Road,Hurricane,Textiles,Dubai,Antwerp,1,0.9849714664029555,High
1760.34,371.1,4.29,0.3,0.81,2.94,Sea,Clear,Electronics,Dubai,Marseille,0,0.16667913264914083,Low
8288.04,337.94,3.93,2.4,0.82,19.43,Rail,Storm,Pharmaceuticals,Busan,Antwerp,1,0.6790858248921543,High
9009.2,103.74,3.99,7.7,0.69,139.21,Sea,Hurricane,Textiles,Hamburg,Singapore,1,0.9998750850982705,High
11308.87,176.89,3.08,2.4,0.6,60.49,Road,Hurricane,Pharmaceuticals,Busan,Los Angeles,1,0.9920706748571002,High
6759.06,63.93,2.46,7.3,0.86,0.5,Air,Clear,Perishables,Rotterdam,Shanghai,0,0.532482404952355,Medium
2349.91,65.8,4.28,2.5,0.91,1.76,Rail,Rain,Perishables,Hamburg,Rotterdam,0,0.23883516596449123,Low
4614.75,338.42,2.63,4.0,0.57,22.87,Sea,Storm,Pharmaceuticals,Antwerp,Dubai,1,0.7907397120634442,High
5764.69,429.44,2.98,9.8,0.74,1.07,Air,Rain,Perishables,Los Angeles,Dubai,1,0.7212926801443537,High
9865.8,481.4,2.67,2.4,0.62,6.21,Road,Clear,Electronics,Rotterdam,Singapore,0,0.25752674295304606,Low
8776.29,314.55,3.06,3.8,0.58,58.16,Rail,Hurricane,Pharmaceuticals,Singapore,Rotterdam,1,0.9949862184263147,High
5663.4,92.87,2.75,3.0,0.87,1.17,Air,Storm,Textiles,Antwerp,Busan,0,0.7110699026342903,High
14804.47,53.72,1.36,1.1,0.77,1.77,Air,Rain,Textiles,Busan,Rotterdam,0,0.21608374945449074,Low
9283.73,406.61,4.11,4.9,0.61,24.06,Sea,Fog,Perishables,Singapore,Busan,0,0.44976668132236136,Medium
3939.79,289.8,2.67,3.8,0.66,3.31,Road,Fog,Perishables,Dubai,Marseille,0,0.4452809168358382,Medium
1975.85,309.52,3.14,6.9,0.98,29.9,Sea,Hurricane,Perishables,Antwerp,Shanghai,1,0.9909700464645687,High
2716.46,390.95,1.66,8.2,0.92,22.33,Rail,Hurricane,Electronics,Rotterdam,Antwerp,1,0.9909282647079299,High
4066.39,351.94,1.21,5.4,0.94,0.68,Air,Rain,Automotive,Busan,Hamburg,1,0.45677152785237884,Medium
2829.88,417.39,2.01,0.3,0.73,13.3,Road,Hurricane,Pharmaceuticals,Shanghai,Singapore,1,0.965999542252805,High
3205.22,29.05,3.53,6.2,0.81,8.2,Sea,Fog,Automotive,Busan,Marseille,1,0.46443711656077574,Medium
4633.88,374.01,1.53,0.6,0.69,19.37,Sea,Storm,Pharmaceuticals,Dubai,Rotterdam,1,0.5803974469544152,Medium
3013.92,425.58,4.2,6.2,0.54,1.62,Air,Storm,Textiles,Singapore,Busan,1,0.8903319762878327,High
13503.1,143.78,1.91,6.9,0.7,37.6,Rail,Storm,Electronics,Singapore,Shanghai,1,0.9095036516052644,High
1663.39,320.58,1.88,2.0,0.8,0.5,Air,Fog,Perishables,Los Angeles,Singapore,0,0.4564018282689744,Medium
8105.42,157.77,1.8,8.2,0.64,11.82,Rail,Fog,Automotive,Antwerp,Los Angeles,1,0.5839843965527614,Medium
6450.75,479.03,1.25,9.1,0.92,7.67,Rail,Rain,Automotive,Shanghai,Los Angeles,0,0.4843735555963009,Medium
14744.49,17.68,3.75,8.1,0.58,37.82,Road,Storm,Electronics,Dubai,Antwerp,1,0.9289277490869116,High
2124.56,290.32,4.09,3.1,0.68,0.5,Air,Clear,Perishables,Dubai,Rotterdam,0,0.43015530168957883,Medium
6268.91,84.09,3.23,5.9,0.56,39.2,Road,Hurricane,Electronics,Hamburg,Antwerp,1,0.9952776723208835,High
14557.32,356.4,1.82,9.1,0.7,3.38,Air,Storm,Electronics,Rotterdam,Los Angeles,1,0.8225030670871801,High
13049.85,88.77,2.14,3.2,0.52,1.55,Air,Rain,Electronics,Hamburg,Dubai,0,0.35423009597868765,Medium
12347.55,118.46,2.77,8.2,0.64,15.3,Rail,Rain,Textiles,Los Angeles,Marseille,1,0.6536447908274541,High
4239.59,247.69,4.35,0.1,0.7,7.14,Sea,Rain,Perishables,Hamburg,Los Angeles,0,0.13857086647853187,Low
2977.87,457.5,2.02,0.0,0.74,6.06,Rail,Storm,Automotive,Busan,Singapore,0,0.5533216857904074,Medium
10195.33,106.65,3.61,7.6,0.77,11.76,Rail,Rain,Pharmaceuticals,Dubai,Marseille,1,0.5465356441119731,Medium
13975.95,72.98,2.65,7.6,0.64,32.11,Sea,Rain,Automotive,Dubai,Marseille,0,0.6054632974445923,High
8573.06,379.73,2.18,7.9,0.76,48.98,Sea,Storm,Textiles,Rotterdam,Singapore,1,0.9438784283384337,High
8788.38,250.81,2.7,9.3,0.76,6.14,Air,Hurricane,Automotive,Busan,Hamburg,1,0.9927953072777477,High
4559.7,455.98,1.43,1.2,0.66,6.83,Sea,Clear,Perishables,Antwerp,Hamburg,1,0.19653807941117882,Low
11657.65,74.16,3.84,2.3,0.92,17.49,Sea,Clear,Automotive,Los Angeles,Shanghai,0,0.20491987699693634,Low
3212.13,323.32,2.0,9.0,0.77,0.5,Air,Storm,Electronics,Antwerp,Busan,1,0.8999362007460561,High
5193.35,117.21,3.59,1.8,0.67,6.69,Sea,Clear,Automotive,Dubai,Busan,1,0.1701387780678206,Low
6668.83,79.22,1.43,6.8,0.97,9.7,Rail,Fog,Electronics,Dubai,Antwerp,1,0.4831816200177816,Medium
7860.35,342.03,4.35,5.3,0.92,0.5,Air,Rain,Electronics,Antwerp,Marseille,1,0.4601546225101601,Medium
4014.94,297.25,1.84,0.8,0.99,17.2,Sea,Storm,Pharmaceuticals,Hamburg,Dubai,0,0.5318667196528978,Medium
2165.13,377.66,4.11,2.9,0.85,1.72,Road,Clear,Textiles,Busan,Dubai,0,0.32518186820983164,Medium
9353.99,155.42,3.87,5.2,0.69,24.3,Rail,Storm,Textiles,Rotterdam,Antwerp,1,0.821051501286881,High
4685.14,224.54,4.39,8.5,0.64,28.11,Sea,Storm,Electronics,Rotterdam,Dubai,1,0.8913399345620757,High
8927.95,203.33,2.78,7.1,0.83,8.68,Road,Rain,Pharmaceuticals,Los Angeles,Shanghai,1,0.5198929977680452,Medium
2738.26,492.06,3.6,6.2,0.99,7.44,Sea,Fog,Perishables,Shanghai,Rotterdam,1,0.3742293391011011,Medium
7476.53,146.83,2.42,5.0,0.81,43.65,Road,Hurricane,Pharmaceuticals,Hamburg,Busan,1,0.9924956994992464,High
8222.55,148.11,1.81,3.0,0.94,6.15,Rail,Clear,Electronics,Los Angeles,Antwerp,1,0.23348488563739433,Low
1251.44,177.92,2.66,1.2,0.67,5.83,Sea,Storm,Automotive,Antwerp,Dubai,0,0.5274638575424804,Medium
5380.76,282.73,1.75,4.1,0.7,35.67,Rail,Hurricane,Pharmaceuticals,Antwerp,Rotterdam,1,0.989986834948533,High
2449.01,126.91,4.44,0.3,0.95,10.95,Sea,Storm,Perishables,Los Angeles,Rotterdam,1,0.44964090447873134,Medium
1418.94,457.73,1.52,2.1,0.88,4.44,Rail,Storm,Perishables,Rotterdam,Antwerp,1,0.554254862367239,Medium
14854.42,133.58,3.14,4.3,0.99,1.74,Air,Fog,Pharmaceuticals,Rotterdam,Antwerp,0,0.28394907809910275,Low
5174.13,448.01,3.27,4.2,0.89,11.92,Road,Storm,Perishables,Busan,Hamburg,1,0.7359777505775423,High
12243.18,52.63,2.98,0.4,0.72,5.57,Air,Hurricane,Pharmaceuticals,Singapore,Antwerp,1,0.9527100449749707,High
4192.29,328.62,3.39,5.9,0.77,3.5,Rail,Clear,Textiles,Rotterdam,Hamburg,1,0.4141679325732463,Medium
10381.79,453.59,1.58,5.5,0.95,27.67,Sea,Fog,Electronics,Antwerp,Shanghai,1,0.48424869382310787,Medium
11523.3,85.21,3.03,0.8,0.78,20.96,Sea,Rain,Automotive,Busan,Shanghai,0,0.18403473706334972,Low
9136.76,484.2,2.15,9.4,0.63,27.75,Sea,Fog,Automotive,Rotterdam,Shanghai,1,0.7044373203721647,High
7337.85,226.99,4.3,1.0,0.72,2.69,Air,Hurricane,Automotive,Dubai,Shanghai,1,0.9635448637007364,High
6471.69,472.91,3.71,8.5,0.76,0.5,Air,Fog,Perishables,Busan,Singapore,1,0.7212282177564419,High
5558.59,338.73,4.41,0.0,0.55,3.75,Rail,Clear,Electronics,Hamburg,Antwerp,1,0.2052782490883719,Low
13978.17,151.49,1.32,8.8,0.87,0.76,Air,Rain,Textiles,Hamburg,Shanghai,1,0.6296940143520527,High
12543.98,94.96,2.14,0.2,0.56,2.82,Air,Storm,Textiles,Singapore,Busan,1,0.5784912495874877,Medium
14492.89,152.56,1.84,7.6,0.7,14.38,Road,Rain,Pharmaceuticals,Antwerp,Shanghai,1,0.5507824771719494,Medium
2302.31,47.42,1.24,3.6,0.9,6.15,Rail,Storm,Textiles,Shanghai,Busan,1,0.6635586810493609,High
11097.58,72.79,2.0,7.4,0.73,31.5,Sea,Fog,Automotive,Rotterdam,Singapore,0,0.6041493080153645,High
14105.94,53.23,3.44,4.0,0.92,11.19,Rail,Clear,Pharmaceuticals,Singapore,Hamburg,0,0.259856620847882,Low
3127.88,212.05,1.96,0.7,0.67,1.66,Road,Rain,Electronics,Los Angeles,Antwerp,0,0.22567912831665865,Low
1464.2,397.99,2.88,7.7,0.98,0.99,Road,Rain,Textiles,Hamburg,Los Angeles,1,0.521817251698964,Medium
11246.25,71.55,4.13,0.7,0.61,19.59,Sea,Rain,Perishables,Busan,Los Angeles,0,0.16255099120943514,Low
8829.86,66.03,3.49,9.2,0.52,9.47,Road,Rain,Textiles,Shanghai,Busan,1,0.6477939716877804,High
12706.52,322.07,2.5,0.5,0.94,5.73,Air,Hurricane,Electronics,Busan,Antwerp,1,0.9369165255926147,High
2526.7,99.39,2.43,4.8,0.88,0.5,Air,Storm,Perishables,Dubai,Shanghai,1,0.8179671467487252,High
12031.38,49.71,2.7,7.2,0.62,6.83,Air,Hurricane,Perishables,Hamburg,Los Angeles,1,0.9879626507782368,High
3423.6,84.26,1.78,3.9,0.99,6.8,Road,Storm,Perishables,Dubai,Busan,0,0.6468126912613681,High
2873.01,461.94,3.29,2.2,0.75,13.47,Sea,Storm,Automotive,Dubai,Shanghai,0,0.6389766334287372,High
2881.85,410.91,2.4,7.6,0.98,0.5,Air,Rain,Textiles,Hamburg,Dubai,0,0.649787144988741,High
12311.33,177.68,4.01,7.8,0.75,11.66,Road,Rain,Electronics,Dubai,Busan,0,0.46360161488045537,Medium
10145.36,328.25,3.7,9.2,0.74,9.31,Road,Clear,Textiles,Singapore,Antwerp,0,0.6592174488184849,High
8084.45,269.1,3.21,3.8,0.73,18.32,Road,Storm,Pharmaceuticals,Antwerp,Marseille,1,0.8017013046922825,High
5703.04,338.89,2.4,5.1,0.67,40.12,Rail,Hurricane,Pharmaceuticals,Shanghai,Singapore,1,0.9940937968218616,High
13219.41,341.65,1.89,3.6,0.77,12.93,Rail,Rain,Textiles,Dubai,Marseille,0,0.3489604374533387,Medium
6190.45,314.74,3.76,2.6,0.73,2.75,Air,Hurricane,Textiles,Los Angeles,Marseille,1,0.9817967247936492,High
12340.69,133.78,2.81,7.5,0.52,35.26,Sea,Fog,Automotive,Rotterdam,Hamburg,1,0.6298001571245796,High
6867.46,20.46,1.94,3.4,0.63,13.01,Sea,Rain,Textiles,Hamburg,Marseille,1,0.38838386682041226,Medium
5965.69,228.33,1.84,4.3,0.61,4.44,Road,Clear,Textiles,Dubai,Hamburg,1,0.434150230127101,Medium
7208.86,445.6,1.75,4.0,0.93,0.78,Air,Storm,Perishables,Dubai,Hamburg,0,0.7198343774594151,High
4869.98,285.18,3.76,7.1,0.8,8.23,Sea,Clear,Automotive,Busan,Antwerp,0,0.4181720963251944,Medium
11340.34,416.36,1.96,9.2,0.88,13.9,Rail,Rain,Automotive,Busan,Los Angeles,0,0.5017905758518211,Medium
7789.45,495.82,2.94,6.7,0.98,115.41,Sea,Hurricane,Automotive,Shanghai,Singapore,1,0.99935689917333,High
3867.08,82.64,2.69,4.7,0.82,4.69,Rail,Fog,Electronics,Antwerp,Marseille,1,0.44125305500392126,Medium
13543.83,346.2,3.11,7.8,0.99,18.96,Rail,Fog,Pharmaceuticals,Hamburg,Singapore,0,0.5984876841946949,Medium
6066.42,337.47,4.09,6.4,0.66,5.87,Road,Rain,Automotive,Busan,Singapore,1,0.5197557218088363,Medium
8381.52,490.0,4.06,0.6,0.59,95.46,Sea,Hurricane,Textiles,Rotterdam,Singapore,1,0.9968340713475718,High
13643.85,492.81,2.69,1.0,0.7,79.36,Rail,Hurricane,Perishables,Rotterdam,Marseille,1,0.9932193899304578,High
9551.45,343.65,1.25,0.4,0.74,6.68,Road,Clear,Pharmaceuticals,Dubai,Marseille,0,0.2114130672234738,Low
2195.02,122.56,2.61,4.6,0.95,5.94,Sea,Fog,Perishables,Antwerp,Dubai,0,0.32153509640658673,Medium
14127.57,399.48,3.2,8.3,0.78,0.56,Air,Rain,Electronics,Antwerp,Dubai,0,0.5254858451704316,Medium
9601.77,54.41,3.04,3.1,0.65,14.79,Sea,Clear,Perishables,Shanghai,Rotterdam,0,0.24347929345198718,Low
5356.13,390.57,3.35,3.8,0.87,13.38,Sea,Fog,Automotive,Shanghai,Antwerp,1,0.30384909987128167,Medium
2519.45,455.19,1.71,9.1,0.75,0.5,Air,Storm,Pharmaceuticals,Rotterdam,Los Angeles,1,0.8889993675594449,High
12013.37,192.03,3.33,8.4,0.58,11.17,Road,Rain,Electronics,Dubai,Antwerp,1,0.5818538194074012,Medium
9491.05,315.69,1.8,6.7,0.79,60.49,Road,Hurricane,Perishables,Los Angeles,Marseille,1,0.997582275563592,High
8235.19,215.64,3.68,2.7,0.96,7.94,Rail,Rain,Textiles,Dubai,Antwerp,0,0.255058319287502,Low
13461.44,219.44,2.32,1.2,0.92,23.97,Sea,Rain,Textiles,Dubai,Singapore,1,0.23051168106049666,Low
11934.66,155.88,3.54,0.2,0.79,16.84,Sea,Clear,Electronics,Hamburg,Antwerp,1,0.14899450726693472,Low
2699.29,381.3,1.36,1.1,0.69,5.89,Rail,Storm,Electronics,Hamburg,Rotterdam,1,0.5982187342400779,Medium
5019.97,468.15,2.55,2.9,0.54,0.5,Air,Clear,Perishables,Antwerp,Marseille,1,0.4737239719507136,Medium
4103.09,470.43,3.53,5.5,0.74,5.71,Rail,Fog,Automotive,Hamburg,Rotterdam,1,0.465493629154615,Medium
11287.22,88.22,1.95,0.6,0.88,11.17,Road,Fog,Electronics,Busan,Antwerp,0,0.19604181175655186,Low
986.22,437.5,3.82,1.4,0.68,5.6,Rail,Hurricane,Pharmaceuticals,Dubai,Marseille,1,0.9674011695416389,High
8763.4,368.98,3.28,1.8,0.62,15.42,Sea,Rain,Automotive,Busan,Rotterdam,0,0.20965696273477763,Low
11555.65,127.17,3.14,6.3,0.97,20.55,Sea,Clear,Pharmaceuticals,Antwerp,Marseille,0,0.4223405682303751,Medium
13213.1,34.58,2.37,6.2,0.91,71.57,Sea,Storm,Textiles,Rotterdam,Los Angeles,1,0.9236754339360972,High
5460.19,134.73,2.79,5.5,0.82,5.9,Rail,Rain,Textiles,Rotterdam,Shanghai,0,0.40509605400716625,Medium
12408.23,456.19,3.17,2.5,0.57,4.75,Air,Hurricane,Textiles,Singapore,Rotterdam,1,0.9750640567893937,High
2104.16,316.96,2.76,3.7,0.57,2.3,Rail,Rain,Electronics,Rotterdam,Shanghai,0,0.33814433435075936,Medium
12773.56,360.81,3.5,1.0,0.55,12.28,Road,Fog,Textiles,Los Angeles,Antwerp,1,0.3123125847065558,Medium
2348.59,129.32,2.63,2.3,0.81,0.5,Air,Fog,Perishables,Hamburg,Marseille,0,0.46326227919219454,Medium
6260.67,359.97,1.87,9.0,0.56,49.9,Rail,Hurricane,Pharmaceuticals,Shanghai,Rotterdam,1,0.9978804210761301,High
12060.78,15.03,1.91,9.8,0.92,15.01,Rail,Rain,Textiles,Los Angeles,Dubai,1,0.6279557860420492,High
2673.8,188.29,1.22,6.5,1.0,3.09,Road,Fog,Perishables,Rotterdam,Los Angeles,0,0.3820010938077193,Medium
3824.15,313.75,2.19,9.2,0.68,8.01,Sea,Clear,Perishables,Antwerp,Shanghai,1,0.6161529913039888,High
10972.66,73.9,3.67,6.4,0.73,15.03,Rail,Fog,Automotive,Shanghai,Marseille,1,0.5199286235364143,Medium
10940.53,411.68,3.82,0.3,0.86,19.17,Sea,Rain,Textiles,Shanghai,Singapore,0,0.1913287669832497,Low
9796.64,118.28,1.87,10.0,0.97,10.32,Road,Rain,Pharmaceuticals,Shanghai,Antwerp,1,0.5907961513165297,Medium
10562.25,326.49,4.36,1.0,0.95,22.6,Rail,Storm,Pharmaceuticals,Busan,Singapore,1,0.620078373966402,High
8369.5,203.19,2.86,6.8,0.53,7.26,Rail,Clear,Pharmaceuticals,Singapore,Rotterdam,0,0.5126368656590173,Medium
4151.09,298.43,4.23,2.5,0.59,3.71,Road,Rain,Perishables,Singapore,Marseille,0,0.3580495875056346,Medium
5512.59,54.62,3.53,3.9,0.88,9.17,Sea,Clear,Automotive,Antwerp,Shanghai,0,0.276895164090092,Low
3133.17,9.44,3.58,6.5,0.84,7.23,Sea,Rain,Perishables,Shanghai,Antwerp,0,0.3796382294977196,Medium
13672.53,454.87,1.48,4.4,0.57,92.84,Rail,Hurricane,Perishables,Shanghai,Singapore,1,0.998497042230268,High
8959.18,135.55,1.93,2.5,0.75,7.39,Rail,Rain,Electronics,Hamburg,Rotterdam,0,0.2390679288746572,Low
6312.35,410.02,1.23,3.3,0.89,2.5,Air,Hurricane,Automotive,Rotterdam,Busan,1,0.9588341835917588,High
7199.08,499.68,3.56,3.4,0.61,11.2,Sea,Clear,Electronics,Shanghai,Dubai,1,0.2693059358141965,Low
14235.61,106.5,2.34,9.6,0.94,2.88,Air,Storm,Pharmaceuticals,Antwerp,Rotterdam,0,0.8611220790910149,High
2723.6,133.32,3.8,8.0,0.53,42.14,Sea,Hurricane,Electronics,Hamburg,Los Angeles,1,0.9959350916866812,High
9000.33,331.77,2.32,4.6,0.89,23.55,Rail,Storm,Textiles,Los Angeles,Marseille,1,0.8340806126903559,High
7835.39,482.76,3.9,2.0,0.81,12.57,Sea,Clear,Electronics,Los Angeles,Hamburg,0,0.2059399284039765,Low
9366.09,457.99,1.63,8.1,0.66,21.79,Sea,Rain,Textiles,Hamburg,Los Angeles,0,0.5935783258322029,Medium
762.6,251.93,1.77,1.6,0.86,0.56,Rail,Rain,Electronics,Busan,Los Angeles,0,0.18510041853229717,Low
13145.8,397.76,2.32,2.1,0.89,9.74,Rail,Clear,Automotive,Rotterdam,Antwerp,0,0.1480386965722287,Low
14015.72,68.74,2.55,3.7,0.97,17.32,Rail,Fog,Pharmaceuticals,Rotterdam,Hamburg,1,0.2618475835802945,Low
8694.43,488.74,2.35,8.8,0.68,17.49,Sea,Clear,Textiles,Rotterdam,Singapore,0,0.6201405130685376,High
10601.44,482.21,3.72,1.3,0.84,5.11,Air,Hurricane,Perishables,Singapore,Hamburg,1,0.9575866058004319,High
13876.24,82.7,1.52,1.2,0.8,1.17,Air,Clear,Electronics,Singapore,Shanghai,0,0.22934225417350448,Low
10754.96,150.41,2.36,4.9,0.76,17.48,Sea,Clear,Pharmaceuticals,Dubai,Rotterdam,0,0.3312331855565237,Medium
2711.82,50.98,3.96,2.8,0.95,1.21,Air,Hurricane,Textiles,Dubai,Singapore,1,0.9807049144235896,High
8856.18,136.59,1.42,5.7,0.5,19.65,Sea,Rain,Pharmaceuticals,Busan,Shanghai,1,0.5038262688486804,Medium
9297.37,408.16,4.31,4.5,0.64,9.28,Rail,Rain,Perishables,Busan,Shanghai,1,0.3815264519765889,Medium
6649.89,189.78,4.45,4.3,0.77,7.32,Rail,Rain,Pharmaceuticals,Hamburg,Busan,0,0.3212193995858233,Medium
11178.44,45.11,1.49,1.1,0.59,49.03,Sea,Storm,Automotive,Busan,Shanghai,1,0.783553312119873,High
14048.32,171.77,2.16,1.4,0.95,83.64,Rail,Hurricane,Automotive,Rotterdam,Shanghai,1,0.9923181467057555,High
13920.74,490.71,2.43,8.2,0.82,15.79,Rail,Rain,Pharmaceuticals,Rotterdam,Marseille,1,0.5016022948781095,Medium
7037.17,315.21,3.76,8.9,0.74,20.61,Sea,Fog,Electronics,Busan,Hamburg,0,0.6521399764923694,High
2141.95,208.66,3.17,2.3,0.91,11.76,Road,Hurricane,Automotive,Antwerp,Hamburg,1,0.9672816149561648,High
14780.2,84.1,3.33,1.1,0.73,32.98,Sea,Fog,Electronics,Hamburg,Rotterdam,1,0.2755041387009222,Low
12664.02,493.1,3.7,0.5,0.78,9.04,Rail,Clear,Pharmaceuticals,Dubai,Shanghai,1,0.17307837552592858,Low
2307.61,410.6,1.59,6.1,0.5,13.72,Road,Hurricane,Pharmaceuticals,Busan,Shanghai,1,0.9921269644556174,High
13852.21,141.46,3.95,7.2,0.68,26.14,Sea,Clear,Electronics,Los Angeles,Busan,0,0.46543950571059023,Medium
13113.5,35.96,3.53,3.7,0.57,11.43,Rail,Clear,Textiles,Shanghai,Dubai,0,0.3319056200419332,Medium
8023.15,29.26,3.11,6.8,0.85,8.34,Rail,Clear,Electronics,Busan,Los Angeles,0,0.3891450296072781,Medium
9073.49,61.07,4.14,7.1,0.74,16.94,Sea,Clear,Automotive,Hamburg,Antwerp,1,0.4737616385118588,Medium
6285.54,290.8,3.51,9.4,0.65,0.5,Air,Rain,Perishables,Dubai,Shanghai,1,0.7325588601448346,High
1294.04,464.45,1.87,0.6,0.73,15.26,Sea,Hurricane,Perishables,Antwerp,Busan,1,0.9438771754683081,High
5360.36,248.87,2.62,1.9,0.61,24.34,Sea,Storm,Pharmaceuticals,Hamburg,Singapore,1,0.7533896718018375,High
12141.38,421.63,2.83,0.7,0.96,26.63,Sea,Fog,Electronics,Rotterdam,Antwerp,0,0.17026514709183654,Low
567.16,223.5,1.38,8.7,0.53,1.27,Sea,Clear,Automotive,Hamburg,Shanghai,1,0.6111125507415335,High
5335.74,354.58,4.35,7.9,0.93,6.21,Road,Fog,Automotive,Singapore,Busan,1,0.5213474787927349,Medium
6273.45,366.2,1.62,5.7,0.76,13.49,Sea,Rain,Electronics,Singapore,Shanghai,1,0.42536352366606345,Medium
8292.24,87.81,3.5,0.8,0.81,6.82,Road,Rain,Electronics,Rotterdam,Los Angeles,0,0.1305935606794381,Low
13837.91,181.25,2.87,2.7,0.65,32.69,Rail,Storm,Electronics,Dubai,Antwerp,1,0.7533430290230156,High
5522.02,319.01,1.28,3.0,0.98,5.15,Road,Fog,Perishables,Hamburg,Antwerp,0,0.3121892783192269,Medium
5530.82,36.28,4.25,5.6,0.64,28.71,Sea,Storm,Textiles,Busan,Dubai,0,0.8655875749336236,High
11193.77,181.41,4.01,2.6,0.79,12.78,Rail,Fog,Automotive,Singapore,Busan,0,0.24902201422441633,Low
7057.16,267.86,2.93,0.7,1.0,0.5,Air,Clear,Electronics,Busan,Rotterdam,0,0.19941532913721108,Low
3756.77,498.12,1.96,7.3,0.94,2.55,Air,Hurricane,Textiles,Busan,Rotterdam,1,0.9906793383906202,High
7060.37,237.79,1.6,3.0,0.77,33.26,Sea,Storm,Pharmaceuticals,Hamburg,Marseille,1,0.8031177158940636,High
2542.43,408.21,2.4,4.5,1.0,7.27,Rail,Storm,Pharmaceuticals,Singapore,Marseille,1,0.7525408048469481,High
3057.61,216.6,2.04,1.3,0.85,0.69,Air,Hurricane,Automotive,Antwerp,Rotterdam,1,0.9617819669629465,High
7726.33,398.4,2.87,8.0,0.6,2.86,Air,Storm,Automotive,Hamburg,Singapore,1,0.9145111657353469,High
6574.42,298.11,4.39,5.7,0.7,12.58,Sea,Clear,Pharmaceuticals,Los Angeles,Shanghai,0,0.4436998739498908,Medium
13765.27,443.41,3.1,9.0,0.67,41.68,Sea,Fog,Textiles,Singapore,Dubai,0,0.7945959304182229,High
5754.71,206.06,4.14,5.0,0.67,33.37,Road,Hurricane,Electronics,Dubai,Marseille,1,0.9929849172739501,High
8918.53,302.55,3.35,9.4,0.88,5.44,Air,Hurricane,Electronics,Los Angeles,Busan,1,0.9910874121503876,High
9667.83,315.38,2.77,8.9,0.79,0.68,Air,Rain,Textiles,Antwerp,Singapore,0,0.7048149526731015,High
689.87,209.27,4.02,5.8,0.52,0.5,Air,Rain,Perishables,Antwerp,Rotterdam,0,0.6242169819409347,High
10121.29,73.01,2.76,9.3,0.94,0.92,Air,Clear,Textiles,Antwerp,Hamburg,1,0.6532902391934452,High
3081.52,47.69,4.07,3.2,0.65,5.98,Road,Storm,Automotive,Los Angeles,Shanghai,1,0.7392471271405795,High
14435.52,9.32,2.16,3.7,1.0,70.79,Sea,Storm,Electronics,Rotterdam,Los Angeles,0,0.8288644213594817,High
2655.61,436.89,1.63,0.5,0.98,2.16,Rail,Rain,Pharmaceuticals,Antwerp,Singapore,1,0.19542338768786016,Low
6512.05,119.0,4.02,5.9,0.97,0.5,Air,Rain,Pharmaceuticals,Antwerp,Singapore,1,0.5142196698270174,Medium
1737.57,106.54,3.14,7.2,0.91,2.73,Road,Rain,Automotive,Los Angeles,Rotterdam,0,0.48399015608059115,Medium
14954.68,368.28,4.13,7.7,0.61,0.81,Air,Clear,Textiles,Hamburg,Los Angeles,1,0.5575148850693186,Medium
7781.83,160.69,4.29,1.5,0.77,17.65,Sea,Fog,Perishables,Shanghai,Dubai,0,0.23081019126450236,Low
9133.08,253.52,1.38,4.4,0.61,10.04,Road,Fog,Electronics,Antwerp,Shanghai,0,0.4712967943519238,Medium
1472.61,82.09,2.85,1.8,0.63,0.5,Air,Fog,Textiles,Los Angeles,Marseille,1,0.5280736311645112,Medium
11374.43,479.91,2.44,6.6,0.81,72.31,Road,Hurricane,Textiles,Hamburg,Singapore,1,0.9985961058775408,High
3543.63,425.94,3.27,1.6,0.52,0.64,Air,Clear,Perishables,Hamburg,Dubai,0,0.3980535087260293,Medium
13521.79,432.03,3.82,9.0,0.99,41.04,Rail,Storm,Pharmaceuticals,Hamburg,Rotterdam,1,0.9260364560654815,High
3474.52,203.98,2.13,2.3,0.96,8.19,Rail,Storm,Perishables,Antwerp,Los Angeles,1,0.5610842733490699,Medium
3264.97,381.42,3.04,2.9,0.69,0.5,Air,Fog,Automotive,Los Angeles,Shanghai,1,0.4815896985455968,Medium
1029.97,72.79,3.54,8.5,0.76,2.55,Road,Storm,Textiles,Shanghai,Rotterdam,1,0.8836935002284964,High
7344.97,5.3,1.64,4.6,0.73,7.61,Road,Fog,Perishables,Rotterdam,Hamburg,0,0.367812209766106,Medium
8690.2,10.97,3.89,0.2,0.94,18.29,Rail,Storm,Pharmaceuticals,Rotterdam,Hamburg,1,0.4672122813478585,Medium
1452.78,293.71,3.2,4.9,0.84,1.63,Rail,Rain,Pharmaceuticals,Hamburg,Busan,0,0.3529198529741895,Medium
11745.15,228.24,4.33,0.8,0.64,1.16,Air,Fog,Pharmaceuticals,Shanghai,Los Angeles,0,0.22679060547169905,Low
7072.69,259.49,2.32,9.9,0.72,14.75,Sea,Clear,Automotive,Busan,Shanghai,1,0.6387358345441194,High
8103.66,4.72,1.56,5.9,0.71,6.13,Road,Clear,Electronics,Busan,Dubai,0,0.41918757336996443,Medium
6891.06,211.92,2.87,2.6,0.98,43.17,Rail,Hurricane,Perishables,Hamburg,Marseille,1,0.9880092500283675,High
6311.06,359.32,1.48,5.6,0.59,14.17,Road,Storm,Automotive,Busan,Marseille,1,0.8517227143660085,High
8614.78,221.9,4.4,0.8,0.55,37.43,Sea,Storm,Pharmaceuticals,Los Angeles,Busan,0,0.6961126501179693,High
2750.98,366.38,1.33,8.0,0.94,6.31,Sea,Rain,Pharmaceuticals,Dubai,Antwerp,1,0.4633926906289249,Medium
3137.96,117.28,3.69,9.3,0.95,21.95,Road,Hurricane,Automotive,Singapore,Antwerp,1,0.9944248441269494,High
12995.89,406.76,2.93,8.7,0.94,1.47,Air,Clear,Electronics,Rotterdam,Los Angeles,1,0.44016370744120514,Medium
14218.67,294.63,2.42,3.4,0.76,11.21,Rail,Clear,Automotive,Singapore,Hamburg,0,0.24958659404630038,Low
5912.99,106.17,1.42,3.3,0.83,0.84,Air,Fog,Pharmaceuticals,Singapore,Rotterdam,1,0.4180215973042931,Medium
4425.8,119.12,3.25,0.4,0.78,0.5,Air,Fog,Pharmaceuticals,Rotterdam,Los Angeles,1,0.22467343656072336,Low
9837.99,314.39,3.13,6.5,0.54,28.18,Sea,Fog,Perishables,Shanghai,Hamburg,0,0.5957204476594458,Medium
6426.65,415.14,2.13,5.3,0.8,0.53,Air,Fog,Electronics,Hamburg,Antwerp,1,0.5350543899615865,Medium
868.1,208.4,4.2,4.6,0.51,0.5,Air,Fog,Electronics,Hamburg,Shanghai,1,0.6588864602981171,High
2764.21,129.89,2.2,9.1,0.66,16.75,Sea,Storm,Textiles,Rotterdam,Hamburg,1,0.8943935015184131,High
10881.6,433.64,2.68,1.7,0.97,0.5,Air,Clear,Textiles,Busan,Rotterdam,1,0.24191767067299938,Low
10054.4,334.96,2.99,0.1,0.65,1.32,Air,Storm,Electronics,Singapore,Los Angeles,0,0.5217746656274546,Medium
892.89,224.59,1.53,0.7,0.97,1.98,Sea,Rain,Electronics,Los Angeles,Busan,0,0.11892335111490608,Low
3718.6,244.46,4.28,2.2,0.63,8.4,Sea,Fog,Pharmaceuticals,Shanghai,Antwerp,1,0.27836331410720977,Low
3850.58,102.92,2.44,0.3,0.66,2.39,Road,Fog,Automotive,Rotterdam,Busan,0,0.16651834292820467,Low
10242.44,313.77,1.47,5.0,0.81,0.65,Air,Clear,Perishables,Singapore,Antwerp,1,0.4202955606583723,Medium
785.8,180.01,2.48,3.1,0.88,0.5,Air,Rain,Textiles,Busan,Hamburg,1,0.4471787161170379,Medium
2009.57,497.83,3.18,1.8,0.75,1.59,Rail,Clear,Perishables,Los Angeles,Dubai,1,0.2483067600794147,Low
12098.78,240.61,2.9,7.5,0.94,185.62,Sea,Hurricane,Electronics,Dubai,Shanghai,1,0.9999481933148642,High
3088.9,243.46,3.49,2.0,0.52,6.06,Sea,Rain,Perishables,Antwerp,Marseille,1,0.28162049227219715,Low
9964.82,283.36,1.38,6.9,0.96,6.35,Air,Hurricane,Pharmaceuticals,Hamburg,Antwerp,1,0.9873613665320002,High
3953.65,458.46,2.14,3.5,0.6,6.17,Sea,Clear,Electronics,Busan,Los Angeles,0,0.25384869709495755,Low
1941.9,400.61,3.9,5.1,0.94,10.09,Sea,Storm,Perishables,Dubai,Marseille,1,0.7353924270419899,High
4026.0,226.11,1.46,9.3,0.7,4.75,Road,Fog,Electronics,Busan,Dubai,1,0.6792611805285531,High
10972.87,359.63,4.02,0.4,0.92,123.86,Sea,Hurricane,Pharmaceuticals,Singapore,Shanghai,1,0.9981935810545111,High
12907.6,293.53,1.5,5.0,0.84,10.74,Rail,Clear,Textiles,Dubai,Busan,0,0.31904874317155746,Medium
12538.19,246.69,3.95,8.5,0.59,0.74,Air,Fog,Perishables,Shanghai,Rotterdam,1,0.623193920946958,High
6259.16,96.97,2.39,5.9,0.96,5.5,Road,Clear,Perishables,Rotterdam,Singapore,0,0.3827702514286256,Medium
10187.23,232.5,3.22,2.8,0.62,3.79,Air,Hurricane,Pharmaceuticals,Singapore,Hamburg,1,0.9748021871708545,High
3472.27,123.66,1.7,4.0,0.62,0.9,Air,Clear,Electronics,Hamburg,Antwerp,0,0.5080399295037743,Medium
4750.64,457.51,1.42,6.8,0.91,11.23,Sea,Rain,Pharmaceuticals,Antwerp,Hamburg,0,0.42700954993503276,Medium
13496.87,168.37,1.91,8.9,0.55,16.51,Rail,Rain,Electronics,Shanghai,Dubai,1,0.5910717285163947,Medium
688.53,476.18,1.62,0.4,0.61,0.5,Rail,Rain,Electronics,Busan,Antwerp,0,0.2152819451851316,Low
1739.87,266.99,2.23,0.7,0.75,0.5,Road,Clear,Textiles,Rotterdam,Singapore,0,0.24499762143660483,Low
3514.35,316.14,2.9,3.3,0.92,2.16,Road,Clear,Automotive,Los Angeles,Shanghai,0,0.3070682526123932,Medium
884.72,271.93,3.14,2.3,0.57,1.34,Rail,Fog,Pharmaceuticals,Hamburg,Rotterdam,0,0.3625239141731339,Medium
3130.81,65.56,3.81,2.6,0.77,3.17,Road,Fog,Perishables,Antwerp,Dubai,0,0.3260913811369887,Medium
8954.1,188.53,3.37,2.2,0.86,3.62,Air,Hurricane,Perishables,Singapore,Antwerp,1,0.9651830608874157,High
6610.66,50.47,3.21,2.0,0.93,1.14,Air,Fog,Pharmaceuticals,Shanghai,Rotterdam,0,0.2999807352387709,Low
13443.74,311.85,2.56,1.3,0.97,1.59,Air,Clear,Electronics,Los Angeles,Dubai,0,0.18856194812226193,Low
12352.93,223.99,2.76,9.3,0.89,16.07,Road,Fog,Textiles,Antwerp,Los Angeles,1,0.6466249812948777,High
5456.35,389.21,2.57,1.4,0.83,6.15,Rail,Fog,Automotive,Busan,Shanghai,0,0.25280679716755594,Low
4261.64,111.01,3.98,2.0,0.72,0.5,Air,Fog,Pharmaceuticals,Los Angeles,Marseille,0,0.4425268760865108,Medium
6005.54,83.12,1.96,2.5,0.56,0.5,Air,Rain,Perishables,Singapore,Dubai,1,0.3836303215799566,Medium
9059.28,203.76,1.22,9.3,0.86,23.98,Road,Storm,Textiles,Los Angeles,Dubai,1,0.9293466513353944,High
4386.92,463.37,3.35,7.6,1.0,4.49,Road,Rain,Textiles,Busan,Rotterdam,1,0.5151633355575378,Medium
9550.16,355.5,1.87,7.9,0.87,10.85,Rail,Rain,Electronics,Shanghai,Dubai,1,0.46602053562986256,Medium
6436.47,210.04,4.14,1.0,0.51,4.7,Road,Rain,Electronics,Los Angeles,Shanghai,0,0.2728455437458577,Low
8504.68,259.12,4.03,8.4,0.75,19.88,Sea,Rain,Automotive,Busan,Singapore,1,0.5886545390807737,Medium
6823.83,43.02,1.45,4.1,0.81,8.42,Rail,Fog,Perishables,Antwerp,Dubai,0,0.3645969483448518,Medium
4769.75,492.3,1.55,2.6,0.85,7.71,Sea,Clear,Perishables,Hamburg,Singapore,0,0.2632270127850788,Low
14252.57,333.54,2.83,5.8,0.86,86.42,Road,Hurricane,Textiles,Dubai,Marseille,1,0.9986358967941769,High
11572.28,143.42,3.21,8.2,0.78,29.12,Road,Storm,Automotive,Rotterdam,Los Angeles,1,0.8593316183640324,High
2531.64,293.32,2.11,7.8,0.61,1.64,Air,Hurricane,Electronics,Singapore,Busan,1,0.9921906012663857,High
13092.79,55.63,3.57,8.9,0.97,31.25,Sea,Rain,Electronics,Shanghai,Dubai,0,0.5454863382239973,Medium
7567.75,482.95,3.16,9.3,0.85,15.15,Sea,Clear,Electronics,Hamburg,Los Angeles,0,0.5349122478903755,Medium
13471.01,88.22,2.27,2.4,0.62,10.54,Road,Rain,Perishables,Busan,Shanghai,0,0.2701492647500798,Low
12097.9,324.37,1.28,4.2,0.66,15.03,Rail,Fog,Pharmaceuticals,Hamburg,Antwerp,1,0.4285938934102461,Medium
6665.6,123.48,3.68,0.1,0.96,2.8,Air,Hurricane,Pharmaceuticals,Los Angeles,Hamburg,1,0.9473216341214887,High
825.8,359.06,1.91,8.8,0.94,2.19,Road,Storm,Automotive,Dubai,Los Angeles,1,0.8364702415025292,High
4395.82,388.63,3.95,1.5,0.7,51.57,Sea,Hurricane,Textiles,Singapore,Los Angeles,1,0.9875825576139439,High
8353.7,337.04,2.59,8.6,0.52,25.23,Rail,Storm,Electronics,Los Angeles,Shanghai,1,0.9354841855200359,High
9685.43,307.64,3.1,3.3,0.52,0.74,Air,Fog,Electronics,Shanghai,Hamburg,0,0.41469481179262624,Medium
4239.37,446.34,4.08,3.7,0.64,5.15,Rail,Rain,Perishables,Los Angeles,Shanghai,1,0.38199927455071436,Medium
2520.66,40.23,4.05,0.4,0.82,2.08,Rail,Fog,Pharmaceuticals,Antwerp,Marseille,1,0.24415993926293894,Low
12606.49,166.13,2.43,3.3,0.79,0.5,Air,Clear,Textiles,Dubai,Antwerp,0,0.34200456780335275,Medium
14773.83,124.9,1.89,8.9,0.82,12.6,Road,Clear,Perishables,Singapore,Dubai,1,0.5391665463278447,Medium
8122.51,494.02,3.76,0.3,0.86,34.48,Sea,Storm,Electronics,Rotterdam,Dubai,0,0.5495350923240863,Medium
2989.35,195.31,2.63,4.1,0.51,1.59,Road,Rain,Pharmaceuticals,Hamburg,Los Angeles,0,0.38960492536781505,Medium
4448.46,366.57,1.83,0.3,0.55,49.79,Sea,Hurricane,Electronics,Shanghai,Los Angeles,1,0.9799576433227197,High
766.66,342.68,4.18,3.7,0.68,1.92,Road,Storm,Perishables,Antwerp,Singapore,1,0.7700900589253509,High
13757.33,106.83,1.85,1.7,0.58,11.98,Rail,Rain,Pharmaceuticals,Los Angeles,Busan,0,0.20191770307173348,Low
2207.39,120.26,1.29,2.5,0.54,2.41,Rail,Clear,Pharmaceuticals,Singapore,Busan,0,0.2997574812238807,Low
8859.49,141.36,1.27,8.8,0.82,0.5,Air,Clear,Electronics,Singapore,Marseille,0,0.664592078370699,High
4473.8,206.15,3.25,4.4,0.91,2.79,Road,Clear,Electronics,Busan,Hamburg,0,0.32437921643848194,Medium
8535.58,117.93,3.38,2.7,0.88,0.91,Air,Rain,Pharmaceuticals,Rotterdam,Antwerp,1,0.2593993918167245,Low
9945.6,10.81,2.23,5.9,0.91,14.22,Rail,Fog,Textiles,Dubai,Shanghai,0,0.5221352355284858,Medium
12531.26,439.82,2.26,1.4,0.83,24.18,Road,Storm,Perishables,Shanghai,Marseille,1,0.6551158580138063,High
3493.11,482.84,2.32,2.6,0.87,3.45,Road,Rain,Textiles,Los Angeles,Busan,0,0.2797053054096244,Low
659.44,171.44,3.44,5.5,0.64,5.5,Rail,Hurricane,Electronics,Rotterdam,Marseille,1,0.982542932164587,High
2484.84,169.91,1.39,2.4,1.0,0.7,Air,Hurricane,Textiles,Busan,Dubai,1,0.9726947106041175,High
13550.27,4.54,4.27,6.8,0.59,86.9,Road,Hurricane,Perishables,Shanghai,Antwerp,1,0.998762144708093,High
13171.41,340.45,1.93,4.9,0.61,0.5,Air,Rain,Electronics,Dubai,Los Angeles,1,0.357338428541756,Medium
9162.49,412.89,4.5,7.7,0.64,9.28,Road,Rain,Perishables,Singapore,Marseille,0,0.6025460546708953,High
9207.49,74.16,1.77,9.5,0.99,0.67,Air,Clear,Perishables,Singapore,Hamburg,1,0.6228482088438443,High
10143.03,80.67,3.75,1.2,0.99,18.51,Sea,Rain,Pharmaceuticals,Dubai,Singapore,0,0.18998751793658097,Low
3042.88,395.25,1.94,3.3,0.9,0.81,Air,Rain,Pharmaceuticals,Rotterdam,Singapore,0,0.3866486641366824,Medium
13758.97,308.53,1.47,3.2,0.82,28.78,Road,Storm,Electronics,Shanghai,Busan,0,0.6869368458061401,High
6572.17,23.39,4.09,1.5,0.76,6.46,Road,Fog,Electronics,Rotterdam,Hamburg,0,0.22328646339866853,Low
6055.51,311.65,4.03,8.1,0.99,1.58,Air,Storm,Automotive,Busan,Rotterdam,1,0.8493906676460488,High
8024.31,155.15,2.53,7.6,0.85,4.64,Air,Hurricane,Automotive,Los Angeles,Antwerp,1,0.9892069640368129,High
1181.01,184.99,3.52,4.8,0.97,16.27,Sea,Hurricane,Automotive,Dubai,Singapore,1,0.9783585069448749,High
2911.11,385.1,3.04,5.4,0.66,4.57,Rail,Fog,Perishables,Dubai,Singapore,1,0.535343016394461,Medium
11201.49,405.66,4.01,0.6,0.67,12.8,Rail,Fog,Electronics,Busan,Dubai,0,0.21778108325634737,Low
1700.58,200.78,2.24,5.6,0.93,12.0,Rail,Hurricane,Perishables,Los Angeles,Singapore,1,0.9858414634754783,High
9245.71,473.63,2.93,7.9,0.58,21.63,Sea,Rain,Electronics,Singapore,Shanghai,0,0.617063155028174,High
4057.56,203.82,2.8,5.7,0.97,4.39,Rail,Rain,Textiles,Antwerp,Busan,1,0.375109729723055,Medium
6144.79,386.15,2.37,2.7,0.75,6.44,Rail,Fog,Pharmaceuticals,Dubai,Shanghai,0,0.3428981077629822,Medium
4686.06,242.45,4.14,6.7,0.96,29.59,Road,Hurricane,Textiles,Rotterdam,Antwerp,1,0.9917152100573081,High
5657.25,448.87,1.75,3.6,0.67,28.63,Sea,Storm,Electronics,Hamburg,Marseille,0,0.8171482967480043,High
10926.17,453.97,1.69,5.4,0.86,18.93,Sea,Clear,Perishables,Singapore,Hamburg,0,0.35743556399788284,Medium
4808.26,44.62,3.1,4.9,0.74,13.52,Sea,Fog,Electronics,Busan,Dubai,0,0.4019193109662253,Medium
8712.87,468.31,3.37,3.8,0.81,4.91,Air,Hurricane,Perishables,Busan,Dubai,1,0.975651221836612,High
7402.73,412.94,1.84,7.2,0.75,8.59,Rail,Rain,Automotive,Hamburg,Antwerp,1,0.5021700961317414,Medium
10123.23,395.86,2.49,8.8,0.98,15.49,Rail,Fog,Automotive,Busan,Shanghai,1,0.6081424544933292,High
14084.03,101.25,4.32,0.1,0.85,0.64,Air,Fog,Pharmaceuticals,Los Angeles,Dubai,0,0.18714710347053756,Low
11122.3,402.75,2.01,9.3,0.63,2.42,Air,Storm,Perishables,Rotterdam,Busan,1,0.8595956796165499,High
3616.64,425.22,3.41,5.1,0.96,22.35,Road,Hurricane,Electronics,Dubai,Singapore,1,0.988446054671056,High
952.16,145.29,3.64,7.0,0.65,1.48,Sea,Clear,Pharmaceuticals,Dubai,Antwerp,0,0.46467673383016944,Medium
4302.83,476.18,2.68,8.6,0.69,1.49,Air,Storm,Pharmaceuticals,Busan,Hamburg,1,0.9138632300975781,High
9128.63,25.88,4.29,4.7,0.55,18.08,Sea,Rain,Automotive,Hamburg,Busan,1,0.3507064531732606,Medium
1245.67,75.8,3.63,8.3,0.95,9.21,Rail,Hurricane,Automotive,Rotterdam,Busan,1,0.9829841429336417,High
7697.31,269.25,2.71,1.8,0.64,6.94,Road,Rain,Pharmaceuticals,Shanghai,Marseille,0,0.2847558380781154,Low
9154.22,288.32,3.08,1.6,0.63,6.86,Rail,Clear,Pharmaceuticals,Rotterdam,Dubai,0,0.18967826783767208,Low
5346.54,322.93,3.49,6.6,0.96,9.6,Sea,Clear,Automotive,Busan,Shanghai,0,0.3875315074200473,Medium
11678.23,9.47,3.15,8.7,0.9,10.66,Road,Clear,Pharmaceuticals,Hamburg,Singapore,1,0.6010400103977835,High
2045.67,480.22,4.1,8.9,0.57,1.09,Air,Storm,Electronics,Hamburg,Los Angeles,1,0.9242314545736878,High
1589.5,23.25,2.38,6.4,0.89,0.57,Air,Clear,Perishables,Dubai,Singapore,1,0.6172259151847764,High
11058.74,72.39,2.19,5.3,0.96,28.81,Sea,Fog,Electronics,Busan,Singapore,0,0.4757141835265177,Medium
7684.62,7.99,1.91,3.3,0.54,18.52,Rail,Storm,Pharmaceuticals,Singapore,Rotterdam,1,0.7682315560380711,High
10481.83,283.86,1.32,9.8,0.91,11.31,Road,Rain,Automotive,Antwerp,Shanghai,1,0.6215554231883228,High
6805.0,466.2,1.34,3.2,0.77,8.57,Rail,Fog,Pharmaceuticals,Rotterdam,Dubai,0,0.2922418583180001,Low
4072.83,333.31,4.07,7.4,0.84,5.57,Rail,Fog,Pharmaceuticals,Singapore,Antwerp,0,0.568119368809727,Medium
12376.98,411.51,3.44,5.3,0.75,2.53,Air,Storm,Textiles,Dubai,Los Angeles,1,0.765887658972349,High
12091.53,7.63,3.38,6.1,0.85,11.4,Road,Rain,Automotive,Los Angeles,Rotterdam,0,0.3802326514603998,Medium
10573.1,271.47,3.23,3.9,0.52,13.82,Rail,Fog,Electronics,Dubai,Shanghai,0,0.4492784964338701,Medium
4446.1,230.32,4.0,9.6,0.88,14.11,Sea,Fog,Pharmaceuticals,Shanghai,Los Angeles,0,0.5893798601599965,Medium
9058.34,249.99,2.78,5.7,0.52,7.57,Road,Rain,Electronics,Antwerp,Dubai,1,0.4563898592837119,Medium
5734.12,37.03,4.07,9.4,0.73,14.93,Road,Storm,Textiles,Los Angeles,Singapore,1,0.9411494878197757,High
1827.94,342.53,2.39,0.1,0.58,0.5,Air,Clear,Automotive,Busan,Singapore,0,0.3465172826694192,Medium
13801.05,252.11,4.26,5.7,0.91,1.39,Air,Rain,Automotive,Rotterdam,Hamburg,1,0.3113890744536892,Medium
2483.87,382.81,3.51,7.2,0.66,3.98,Rail,Fog,Perishables,Hamburg,Singapore,1,0.6457915156634866,High
14278.44,243.16,2.05,7.5,0.73,32.71,Sea,Rain,Perishables,Dubai,Shanghai,1,0.583230771212703,Medium
6967.08,75.54,3.06,9.0,0.71,20.95,Rail,Storm,Pharmaceuticals,Antwerp,Singapore,1,0.9301319287375965,High
3184.43,324.48,2.96,0.0,0.89,6.68,Rail,Storm,Perishables,Dubai,Hamburg,1,0.48802621978921606,Medium
8357.56,87.02,1.66,0.0,0.74,15.03,Road,Storm,Textiles,Shanghai,Marseille,1,0.6227361331642651,High
13157.71,436.32,3.15,4.7,0.89,0.7,Air,Rain,Electronics,Shanghai,Hamburg,1,0.31525599383498987,Medium
11117.26,306.95,2.24,0.3,0.54,8.79,Rail,Rain,Pharmaceuticals,Shanghai,Dubai,0,0.17475199677228373,Low
12195.14,79.44,1.37,9.7,0.6,15.17,Road,Fog,Pharmaceuticals,Singapore,Antwerp,0,0.7324784426586349,High
10052.36,481.21,4.33,2.2,0.78,2.38,Air,Storm,Perishables,Rotterdam,Hamburg,0,0.5936213062012886,Medium
10538.01,259.66,3.32,4.7,0.97,11.88,Road,Fog,Automotive,Rotterdam,Marseille,1,0.34428441254070574,Medium
12813.34,37.38,4.09,0.6,0.54,55.2,Sea,Storm,Automotive,Singapore,Rotterdam,1,0.7767335734349172,High
4120.19,313.79,3.43,5.2,0.52,11.46,Sea,Fog,Electronics,Los Angeles,Busan,0,0.43840501055391384,Medium
7596.66,127.35,2.38,3.8,0.58,99.82,Sea,Hurricane,Pharmaceuticals,Shanghai,Marseille,1,0.9986613348938215,High
3707.54,402.04,2.89,0.4,0.82,0.5,Air,Fog,Pharmaceuticals,Busan,Rotterdam,0,0.2925445224773121,Low
14821.19,409.09,3.43,3.4,0.7,1.54,Air,Fog,Perishables,Los Angeles,Dubai,0,0.342388397694635,Medium
14188.86,489.49,4.37,3.9,0.91,30.44,Road,Storm,Perishables,Shanghai,Rotterdam,1,0.7353736504018688,High
1071.69,251.43,2.04,9.9,0.54,16.94,Sea,Hurricane,Electronics,Singapore,Antwerp,1,0.9947939062689118,High
10730.84,228.02,4.09,2.1,0.6,1.11,Air,Fog,Perishables,Antwerp,Busan,0,0.30910140750709475,Medium
13916.1,376.98,4.25,5.4,0.65,84.12,Road,Hurricane,Textiles,Busan,Shanghai,1,0.9986214595163875,High
3118.34,67.1,3.41,9.9,0.81,7.91,Road,Storm,Automotive,Hamburg,Los Angeles,1,0.8939639672969497,High
8735.21,273.91,4.27,7.9,0.84,135.33,Sea,Hurricane,Textiles,Singapore,Busan,1,0.9997701820046095,High
13774.58,273.58,2.51,9.9,0.56,41.73,Sea,Fog,Electronics,Dubai,Busan,1,0.7782262145304084,High
992.22,45.65,4.34,9.7,0.97,0.76,Road,Rain,Pharmaceuticals,Los Angeles,Hamburg,1,0.6255045238098758,High
10612.59,209.57,3.52,4.9,0.67,0.5,Air,Rain,Automotive,Shanghai,Dubai,1,0.3857233932529458,Medium
4811.56,426.79,1.34,7.0,0.86,1.29,Air,Storm,Automotive,Singapore,Busan,1,0.8346646171752083,High
13903.74,428.22,4.19,1.1,0.76,6.03,Air,Hurricane,Automotive,Los Angeles,Marseille,1,0.9573626673365223,High
14580.34,50.52,2.8,4.4,0.61,3.1,Air,Storm,Textiles,Busan,Shanghai,1,0.7854948844368569,High
14191.86,46.27,2.72,8.1,0.92,40.25,Rail,Storm,Textiles,Shanghai,Hamburg,1,0.915192748347802,High
7376.11,132.09,3.07,5.1,0.91,12.41,Sea,Clear,Automotive,Busan,Hamburg,0,0.2967020548161694,Low
12999.62,437.51,1.69,7.0,0.7,24.68,Sea,Clear,Electronics,Singapore,Shanghai,1,0.5278374624258333,Medium
12745.97,65.32,2.75,7.5,0.79,36.3,Rail,Storm,Perishables,Dubai,Marseille,1,0.9130110949403617,High
5126.96,360.28,3.94,2.5,0.63,12.46,Sea,Fog,Electronics,Antwerp,Los Angeles,0,0.274857514618792,Low
12519.27,51.48,1.25,8.8,0.85,11.96,Road,Rain,Pharmaceuticals,Dubai,Los Angeles,0,0.503598119030793,Medium
1036.61,311.95,2.1,4.6,0.66,5.68,Sea,Storm,Electronics,Singapore,Shanghai,1,0.7429676785533947,High
9145.91,178.68,1.21,2.1,0.92,6.7,Rail,Clear,Electronics,Hamburg,Shanghai,0,0.22456846958376686,Low
3835.13,394.67,2.57,8.7,0.61,4.54,Road,Fog,Textiles,Singapore,Busan,1,0.6956546351507337,High
2248.22,117.61,3.6,4.2,0.51,1.63,Air,Hurricane,Electronics,Shanghai,Singapore,1,0.9881445481014406,High
1615.82,319.96,3.84,7.5,0.63,4.28,Sea,Rain,Automotive,Hamburg,Los Angeles,1,0.4546815498849902,Medium
10596.19,118.61,4.32,5.5,0.6,75.52,Rail,Hurricane,Textiles,Shanghai,Singapore,1,0.9983740985904146,High
5428.19,357.12,3.21,3.8,0.75,1.52,Air,Fog,Textiles,Los Angeles,Marseille,1,0.5650729478182033,Medium
11009.12,436.97,2.04,8.1,0.6,65.08,Sea,Storm,Electronics,Shanghai,Busan,1,0.9554292282729263,High
1447.67,64.27,4.25,5.8,0.88,3.5,Sea,Fog,Pharmaceuticals,Shanghai,Antwerp,0,0.3809315156631417,Medium
5071.71,433.43,3.76,3.9,0.62,33.75,Rail,Hurricane,Perishables,Los Angeles,Marseille,1,0.9915149217348238,High
8322.62,297.19,3.1,1.1,0.85,1.19,Air,Storm,Textiles,Antwerp,Busan,0,0.5941369453550528,Medium
11965.49,64.43,3.5,9.0,0.79,25.07,Sea,Clear,Perishables,Los Angeles,Shanghai,1,0.6227709137869062,High
5121.91,214.34,4.25,0.4,0.99,4.28,Road,Rain,Automotive,Los Angeles,Dubai,0,0.15537641843349784,Low
9575.42,81.27,3.55,8.6,1.0,9.43,Rail,Clear,Textiles,Los Angeles,Marseille,1,0.5845358117418442,Medium
13346.68,350.47,2.42,3.6,0.94,1.67,Air,Fog,Textiles,Rotterdam,Dubai,0,0.3051237815340947,Medium
9430.02,379.68,3.55,6.4,0.88,20.12,Sea,Rain,Perishables,Antwerp,Hamburg,0,0.4176925946570407,Medium
3877.91,53.79,1.33,9.2,0.69,5.18,Road,Fog,Automotive,Shanghai,Busan,0,0.6265853436062954,High
853.81,253.56,2.48,1.5,0.88,0.5,Air,Fog,Perishables,Dubai,Rotterdam,0,0.3580449951639241,Medium
13116.43,407.5,2.54,5.7,0.98,14.19,Road,Fog,Textiles,Busan,Shanghai,0,0.47872186274166684,Medium
808.41,468.15,1.75,7.6,0.51,1.32,Rail,Rain,Perishables,Antwerp,Rotterdam,0,0.5862358785781966,Medium
13183.17,257.25,1.28,7.6,0.77,202.42,Sea,Hurricane,Textiles,Shanghai,Los Angeles,1,0.9999705165014746,High
8169.59,475.19,1.64,5.3,0.61,17.42,Sea,Rain,Perishables,Rotterdam,Dubai,0,0.35494907164047396,Medium
14116.48,268.31,3.36,6.2,0.78,2.8,Air,Storm,Pharmaceuticals,Rotterdam,Antwerp,1,0.7458548267072763,High
12082.36,197.7,3.85,7.6,0.73,10.94,Rail,Clear,Pharmaceuticals,Antwerp,Busan,0,0.45322573139885447,Medium
14970.04,424.25,4.46,8.4,0.79,235.7,Sea,Hurricane,Perishables,Dubai,Los Angeles,1,0.9999904362502712,High
5585.32,247.0,2.34,7.6,0.78,6.4,Road,Fog,Perishables,Rotterdam,Antwerp,1,0.5303749688242854,Medium
11624.23,236.48,3.18,3.5,0.98,75.89,Rail,Hurricane,Electronics,Busan,Los Angeles,1,0.9938070628305345,High
6328.0,245.67,4.29,10.0,0.78,8.44,Rail,Rain,Electronics,Dubai,Shanghai,0,0.6652871277380614,High
7458.2,423.55,1.75,4.3,0.92,16.74,Road,Storm,Textiles,Dubai,Hamburg,1,0.7823908888974325,High
9598.83,416.14,3.57,0.2,0.66,0.69,Air,Storm,Textiles,Dubai,Antwerp,1,0.6122731185222077,High
13168.32,202.36,3.69,3.6,0.72,25.58,Sea,Rain,Automotive,Dubai,Rotterdam,1,0.28889451213061845,Low
14769.21,167.32,1.49,1.3,0.74,21.46,Sea,Clear,Automotive,Antwerp,Hamburg,1,0.17608942897355628,Low
11639.96,246.47,4.04,1.2,0.64,19.31,Sea,Rain,Perishables,Antwerp,Shanghai,0,0.2227570501814229,Low
6557.62,286.81,3.88,2.8,0.69,41.84,Rail,Hurricane,Automotive,Dubai,Rotterdam,1,0.9875671597572127,High
6609.68,119.93,1.31,0.5,0.8,0.5,Air,Clear,Electronics,Los Angeles,Busan,0,0.2147746694249505,Low
11194.94,397.18,1.5,6.9,0.79,2.29,Air,Storm,Textiles,Los Angeles,Shanghai,1,0.8673993331358304,High
3962.27,243.75,1.36,0.7,0.82,0.99,Air,Fog,Pharmaceuticals,Antwerp,Shanghai,1,0.35022148382983986,Medium
2101.87,167.69,2.3,2.0,0.68,0.5,Air,Storm,Perishables,Hamburg,Los Angeles,1,0.7101073151947985,High
5642.02,54.3,2.88,0.9,0.66,7.98,Sea,Clear,Textiles,Dubai,Singapore,0,0.24022362021631533,Low
4664.97,120.18,2.96,0.6,0.81,0.59,Air,Rain,Electronics,Busan,Marseille,0,0.2836465807121408,Low
4796.47,474.69,2.08,2.7,0.57,0.87,Air,Rain,Textiles,Busan,Rotterdam,1,0.4414101425407815,Medium
3887.31,153.24,4.21,5.7,0.63,0.5,Air,Rain,Electronics,Antwerp,Hamburg,1,0.5613537580003358,Medium
1110.35,85.26,2.42,9.6,0.52,0.6,Air,Storm,Textiles,Singapore,Marseille,1,0.9619077977450524,High
759.17,230.88,1.35,8.8,0.54,0.5,Air,Fog,Electronics,Singapore,Busan,1,0.7711977375032775,High
14821.97,154.24,2.19,8.8,0.62,22.16,Rail,Fog,Perishables,Hamburg,Busan,1,0.6474487042904332,High
6702.71,18.54,2.95,1.8,0.51,34.78,Road,Hurricane,Automotive,Singapore,Dubai,1,0.9857138158509156,High
6072.74,162.25,2.55,2.6,0.62,9.17,Sea,Clear,Textiles,Rotterdam,Hamburg,0,0.24340118221580828,Low
10354.89,272.51,2.1,0.8,0.83,18.91,Road,Storm,Textiles,Hamburg,Shanghai,0,0.6736381085051658,High
3664.68,276.3,1.63,7.8,0.53,1.48,Air,Storm,Pharmaceuticals,Singapore,Shanghai,1,0.927329075731512,High
14274.44,178.92,3.9,0.7,0.72,2.16,Air,Fog,Electronics,Hamburg,Dubai,0,0.23576765375558212,Low
11902.0,224.2,4.49,5.6,0.96,169.85,Sea,Hurricane,Perishables,Los Angeles,Antwerp,1,0.9998520217106079,High
1796.46,482.79,2.29,2.5,0.9,3.54,Sea,Fog,Automotive,Los Angeles,Marseille,1,0.26125992296291695,Low
6554.92,189.3,2.46,2.4,0.65,0.5,Air,Rain,Electronics,Dubai,Rotterdam,1,0.3360480757018215,Medium
13247.22,129.86,3.24,9.9,0.96,40.67,Rail,Storm,Electronics,Singapore,Antwerp,1,0.9377240829651752,High
14198.61,122.49,3.57,7.6,0.67,13.66,Rail,Clear,Perishables,Hamburg,Antwerp,0,0.5126270328993132,Medium
7277.32,229.42,2.49,8.4,0.54,47.75,Road,Hurricane,Textiles,Rotterdam,Dubai,1,0.9976019562724404,High
9394.47,380.0,4.19,5.7,1.0,1.59,Air,Storm,Textiles,Shanghai,Singapore,1,0.8100186156139872,High
2921.99,103.79,3.05,8.7,0.94,6.53,Sea,Clear,Pharmaceuticals,Singapore,Busan,0,0.46862140837599153,Medium
14871.95,354.94,2.69,6.5,0.73,2.03,Air,Fog,Perishables,Busan,Hamburg,0,0.49290862309471273,Medium
3859.24,11.55,3.33,9.5,0.83,3.13,Road,Clear,Textiles,Dubai,Marseille,1,0.7003552301235805,High
14169.61,210.05,4.34,2.8,0.84,11.33,Road,Rain,Pharmaceuticals,Rotterdam,Shanghai,1,0.21519025159015268,Low
9919.88,388.16,3.82,6.0,0.6,21.74,Sea,Rain,Pharmaceuticals,Rotterdam,Singapore,0,0.46648970929835687,Medium
9312.18,170.03,1.33,6.9,0.6,5.69,Air,Hurricane,Automotive,Hamburg,Antwerp,1,0.9902714202125519,High
7933.98,282.3,2.3,3.9,0.74,52.47,Rail,Hurricane,Pharmaceuticals,Dubai,Antwerp,1,0.9934292611136543,High
3844.71,103.28,2.75,8.8,0.96,9.11,Sea,Rain,Automotive,Los Angeles,Marseille,0,0.5317907837349436,Medium
3059.66,371.26,2.24,9.8,0.51,0.5,Air,Clear,Textiles,Los Angeles,Hamburg,0,0.8240321734213122,High
3697.05,27.09,3.51,4.9,0.89,7.57,Road,Storm,Automotive,Hamburg,Los Angeles,1,0.719381714697363,High
3203.35,426.42,3.93,3.9,0.53,7.87,Sea,Fog,Textiles,Hamburg,Antwerp,1,0.45443714145823083,Medium
11803.97,99.9,3.61,4.7,0.74,161.96,Sea,Hurricane,Perishables,Shanghai,Rotterdam,1,0.9997743557784816,High
5576.82,437.32,4.46,8.5,0.82,0.5,Air,Rain,Automotive,Antwerp,Hamburg,1,0.633881096219978,High
1338.72,176.91,2.1,6.5,0.84,0.5,Air,Rain,Perishables,Los Angeles,Busan,1,0.5515419769450791,Medium
14551.99,361.62,4.09,0.4,0.53,25.04,Sea,Rain,Electronics,Shanghai,Antwerp,0,0.18794980288035731,Low
13314.9,160.29,3.73,5.4,0.71,1.67,Air,Fog,Textiles,Dubai,Shanghai,1,0.5353101549219347,Medium
13952.41,453.05,2.4,0.2,0.79,9.67,Road,Rain,Pharmaceuticals,Busan,Singapore,0,0.17372505687401685,Low
14926.16,64.19,3.62,7.8,0.53,27.81,Sea,Clear,Electronics,Rotterdam,Los Angeles,1,0.4669810732761791,Medium
3021.48,90.08,1.54,3.3,0.57,16.98,Road,Hurricane,Pharmaceuticals,Busan,Shanghai,1,0.9857261933893721,High
6245.51,247.02,3.8,4.7,0.83,0.87,Air,Storm,Textiles,Shanghai,Los Angeles,0,0.7631705487784568,High
11494.46,41.89,2.96,8.0,0.76,2.07,Air,Storm,Textiles,Hamburg,Shanghai,1,0.8948638419130883,High
10592.3,98.79,2.16,0.5,0.58,6.9,Rail,Clear,Perishables,Singapore,Marseille,0,0.21244988088609004,Low
2731.49,471.94,3.36,1.6,0.77,2.93,Rail,Fog,Automotive,Antwerp,Singapore,0,0.2993835234953555,Low
12329.58,488.27,3.32,4.0,0.96,13.99,Road,Fog,Automotive,Shanghai,Hamburg,1,0.31023971711832754,Medium
3754.39,188.75,1.89,2.3,0.51,0.5,Air,Fog,Perishables,Singapore,Los Angeles,0,0.42377589502509144,Medium
3745.36,461.72,1.3,3.4,0.82,0.5,Air,Fog,Pharmaceuticals,Dubai,Shanghai,1,0.48648482786153024,Medium
8286.13,272.87,2.63,10.0,0.54,7.72,Road,Clear,Pharmaceuticals,Dubai,Shanghai,1,0.7275034488780989,High
9097.63,135.6,3.08,8.3,0.5,11.56,Road,Fog,Electronics,Antwerp,Hamburg,1,0.6801046223326354,High
8911.25,351.5,4.09,8.8,0.58,0.5,Air,Rain,Pharmaceuticals,Antwerp,Los Angeles,1,0.638088112133146,High
1826.56,329.79,4.26,9.4,0.71,2.73,Road,Fog,Electronics,Shanghai,Antwerp,1,0.6876973144460953,High
13223.18,494.57,2.95,3.4,0.9,13.96,Rail,Rain,Pharmaceuticals,Los Angeles,Antwerp,0,0.265122148334736,Low
4351.2,133.26,3.69,3.0,0.64,2.86,Rail,Rain,Pharmaceuticals,Singapore,Antwerp,1,0.3125674340507145,Medium
2377.97,336.36,2.65,2.3,0.81,14.14,Rail,Hurricane,Perishables,Antwerp,Shanghai,1,0.9738682787550038,High
13386.85,26.96,3.66,8.3,0.71,0.5,Air,Fog,Pharmaceuticals,Singapore,Los Angeles,1,0.5744710590029315,Medium
14356.95,57.71,1.88,6.8,0.62,32.02,Sea,Rain,Electronics,Hamburg,Marseille,0,0.5898832730801578,Medium
13000.85,2.96,2.42,2.4,0.76,1.25,Air,Clear,Automotive,Singapore,Busan,1,0.2313865998693813,Low
12237.98,499.73,3.29,3.8,0.9,8.71,Road,Clear,Automotive,Dubai,Los Angeles,1,0.22395595936060145,Low
10001.01,401.33,1.26,5.1,0.92,9.4,Rail,Clear,Electronics,Rotterdam,Marseille,1,0.3116009454866594,Medium
8487.43,393.57,3.58,5.3,0.92,8.08,Road,Rain,Pharmaceuticals,Dubai,Los Angeles,0,0.3287005996128221,Medium
1761.31,255.35,3.96,8.9,0.67,2.67,Road,Rain,Pharmaceuticals,Los Angeles,Dubai,1,0.6552807826327052,High
6422.57,150.73,2.52,3.8,0.9,11.2,Sea,Clear,Electronics,Rotterdam,Hamburg,0,0.21513159669219312,Low
5903.98,76.48,2.68,9.1,0.61,11.72,Sea,Clear,Electronics,Singapore,Hamburg,0,0.6048501759521596,High
4266.43,143.05,4.01,4.4,0.87,2.2,Air,Hurricane,Electronics,Antwerp,Singapore,1,0.9840092281653317,High
10989.59,188.61,3.76,7.5,0.97,62.44,Sea,Storm,Electronics,Busan,Shanghai,1,0.9435802877865154,High
7690.2,378.4,2.15,9.3,0.51,4.58,Air,Hurricane,Textiles,Shanghai,Rotterdam,1,0.9950896229678687,High
1675.17,270.29,2.27,9.1,0.72,10.18,Sea,Storm,Textiles,Los Angeles,Busan,1,0.8798473915081648,High
3692.66,39.66,3.44,0.6,0.82,2.67,Road,Rain,Perishables,Antwerp,Hamburg,0,0.19494193271347174,Low
10407.25,10.0,3.06,2.1,0.85,10.92,Road,Fog,Pharmaceuticals,Hamburg,Los Angeles,0,0.2534892580262753,Low
1603.9,52.06,1.74,4.8,0.59,0.5,Air,Storm,Automotive,Antwerp,Rotterdam,1,0.83686326521129,High
12842.5,205.84,2.22,4.3,0.99,173.02,Sea,Hurricane,Perishables,Rotterdam,Dubai,1,0.9997480858098766,High
7679.62,466.66,4.17,6.4,0.81,0.5,Air,Rain,Perishables,Rotterdam,Shanghai,1,0.4798110289567199,Medium
7468.51,319.06,3.47,9.4,0.58,1.01,Air,Rain,Pharmaceuticals,Dubai,Rotterdam,1,0.7123844167984595,High
9089.91,401.11,4.45,1.1,0.51,0.5,Air,Rain,Textiles,Shanghai,Rotterdam,1,0.30524342767713913,Medium
12457.87,233.72,3.73,4.5,0.89,1.09,Air,Fog,Electronics,Busan,Dubai,1,0.3642878098706565,Medium
5543.23,181.47,4.31,1.9,0.54,13.32,Sea,Fog,Textiles,Singapore,Busan,0,0.31451066199772887,Medium
10331.23,55.09,1.91,8.9,0.57,166.26,Sea,Hurricane,Electronics,Antwerp,Rotterdam,1,0.9999427698446413,High
8703.11,438.09,3.75,9.6,0.79,0.97,Air,Fog,Electronics,Hamburg,Singapore,1,0.7566985283695019,High
4371.91,391.8,1.27,4.8,0.8,7.51,Sea,Clear,Textiles,Shanghai,Busan,1,0.30782725826701557,Medium
13240.13,84.89,3.41,1.0,0.84,76.87,Rail,Hurricane,Textiles,Antwerp,Marseille,1,0.9945115176439769,High
12062.68,256.62,2.75,7.9,0.7,27.57,Sea,Rain,Textiles,Antwerp,Dubai,1,0.6106145198188189,High
10047.55,244.2,2.34,7.0,0.89,75.18,Rail,Hurricane,Textiles,Rotterdam,Singapore,1,0.9982260038533383,High
12833.44,312.92,4.05,3.5,0.99,84.08,Rail,Hurricane,Electronics,Rotterdam,Marseille,1,0.9956551071518979,High
13075.77,473.15,4.02,8.9,0.64,20.14,Rail,Fog,Electronics,Busan,Hamburg,1,0.6715374708020786,High
10771.26,290.31,1.27,9.8,0.85,1.3,Air,Fog,Automotive,Los Angeles,Shanghai,1,0.7058171370712722,High
12636.69,270.57,3.21,5.6,0.96,1.52,Air,Clear,Electronics,Busan,Rotterdam,0,0.3621840419807124,Medium
10613.34,26.11,2.41,5.7,0.84,23.5,Sea,Rain,Perishables,Antwerp,Singapore,0,0.446352419430948,Medium
10362.04,32.39,2.57,3.0,0.84,11.03,Road,Fog,Electronics,Los Angeles,Dubai,1,0.3087191418049915,Medium
9469.86,94.49,3.95,5.8,0.61,7.9,Road,Clear,Electronics,Los Angeles,Busan,1,0.41047971179271586,Medium
11414.39,17.2,2.22,4.4,0.77,1.68,Air,Storm,Textiles,Los Angeles,Singapore,1,0.7985535745746665,High
2799.77,371.93,4.31,3.0,0.78,0.5,Air,Storm,Electronics,Shanghai,Busan,1,0.6979091489580908,High
13272.63,361.94,1.79,0.7,0.85,5.98,Air,Hurricane,Perishables,Hamburg,Los Angeles,1,0.9380195192069761,High
13141.73,68.89,3.39,2.5,1.0,61.01,Sea,Storm,Textiles,Antwerp,Busan,1,0.8165246913476215,High
924.09,418.2,3.42,2.0,0.52,0.5,Air,Fog,Pharmaceuticals,Dubai,Shanghai,0,0.5197184966155384,Medium
12474.34,78.24,2.03,5.4,0.53,75.89,Road,Hurricane,Pharmaceuticals,Shanghai,Singapore,1,0.9982365335132545,High
2368.61,151.29,2.27,6.0,0.54,5.84,Sea,Rain,Pharmaceuticals,Shanghai,Singapore,1,0.47654057698657754,Medium
5359.22,125.24,3.95,6.1,0.87,4.03,Road,Clear,Perishables,Antwerp,Hamburg,1,0.4265062620397655,Medium
11280.87,186.78,3.71,3.9,0.57,149.35,Sea,Hurricane,Pharmaceuticals,Antwerp,Los Angeles,1,0.999652325939777,High
2831.02,128.08,2.29,4.2,0.81,7.3,Rail,Storm,Perishables,Dubai,Rotterdam,0,0.7132144499785148,High
12360.52,244.99,2.96,8.3,0.66,15.1,Road,Fog,Textiles,Dubai,Rotterdam,0,0.6667383909391437,High
12565.95,204.3,1.4,4.8,0.73,2.34,Air,Storm,Textiles,Los Angeles,Shanghai,1,0.8033112489764181,High
7858.28,493.3,1.89,9.9,0.61,65.21,Rail,Hurricane,Textiles,Dubai,Shanghai,1,0.9992181425136025,High
592.6,28.91,2.8,4.4,0.93,0.5,Rail,Clear,Perishables,Dubai,Hamburg,1,0.3285708779730599,Medium
4662.05,71.95,1.48,6.5,0.79,8.62,Sea,Clear,Textiles,Singapore,Dubai,0,0.45775390815408556,Medium
9445.44,27.36,3.98,0.5,0.97,15.72,Sea,Rain,Electronics,Hamburg,Busan,0,0.12113886900702613,Low
14727.2,313.29,3.57,6.5,0.79,32.2,Sea,Rain,Perishables,Rotterdam,Busan,0,0.3787513247955548,Medium
9661.3,28.2,4.31,8.5,0.56,57.02,Sea,Storm,Electronics,Dubai,Marseille,1,0.9662430689484245,High
4267.15,418.38,3.49,9.4,0.59,68.95,Sea,Hurricane,Textiles,Busan,Hamburg,1,0.9990193719592697,High
9693.08,256.46,4.3,10.0,1.0,60.7,Sea,Storm,Automotive,Rotterdam,Busan,1,0.9424232670478223,High
8329.79,263.98,3.03,2.8,0.86,13.65,Sea,Clear,Automotive,Busan,Hamburg,0,0.21298253667291722,Low
11807.76,281.24,3.18,5.8,0.53,84.87,Rail,Hurricane,Textiles,Singapore,Dubai,1,0.9988090112358765,High
2051.22,86.24,4.42,4.5,0.85,0.5,Air,Rain,Electronics,Los Angeles,Busan,0,0.42885623748053076,Medium
11534.9,99.65,3.32,5.6,0.71,61.21,Sea,Storm,Textiles,Los Angeles,Singapore,1,0.9478814023665108,High
8348.37,160.09,1.3,1.6,0.65,12.88,Sea,Clear,Perishables,Dubai,Marseille,1,0.23731989673381845,Low
14463.38,297.15,3.59,8.6,0.58,1.4,Air,Clear,Perishables,Rotterdam,Hamburg,1,0.5470943488164346,Medium
5457.15,105.85,4.19,9.1,0.92,4.83,Road,Clear,Automotive,Shanghai,Dubai,1,0.5403617546948221,Medium
9673.02,59.05,3.83,4.5,0.53,17.33,Sea,Clear,Perishables,Shanghai,Busan,0,0.31892575684514074,Medium
14014.41,485.09,3.13,2.8,0.65,28.52,Road,Storm,Pharmaceuticals,Singapore,Shanghai,0,0.78549483671449,High
1986.39,11.97,3.42,1.4,0.65,4.3,Rail,Storm,Electronics,Los Angeles,Hamburg,0,0.6147752391182868,High
14089.81,401.55,4.47,6.8,0.58,39.19,Sea,Fog,Electronics,Rotterdam,Singapore,0,0.6455944080411774,High
10474.34,394.23,1.5,3.1,0.75,16.04,Sea,Clear,Electronics,Hamburg,Rotterdam,1,0.2536664892208742,Low
1483.64,149.31,3.4,9.1,0.51,0.5,Air,Fog,Textiles,Singapore,Antwerp,1,0.8384684663543367,High
4863.97,68.68,2.14,6.7,0.65,13.48,Rail,Storm,Textiles,Dubai,Los Angeles,1,0.8541408887980275,High
10768.5,73.67,3.31,6.5,0.97,79.39,Rail,Hurricane,Textiles,Shanghai,Rotterdam,1,0.9979234220612697,High
1476.58,349.02,3.21,5.6,0.66,2.05,Road,Clear,Automotive,Hamburg,Dubai,1,0.48315568540445,Medium
8941.47,321.76,1.71,0.5,0.68,101.43,Sea,Hurricane,Pharmaceuticals,Busan,Marseille,1,0.9971614267072861,High
5515.3,391.59,1.88,9.3,0.74,4.45,Rail,Clear,Pharmaceuticals,Busan,Singapore,0,0.6503461541606912,High
9503.28,468.8,3.25,6.3,0.78,10.65,Rail,Rain,Perishables,Singapore,Los Angeles,0,0.39359650593156675,Medium
1163.26,346.27,1.62,9.9,0.9,9.76,Rail,Hurricane,Electronics,Dubai,Antwerp,1,0.9928462642281932,High
13137.28,78.77,2.08,5.4,0.6,6.58,Air,Hurricane,Electronics,Los Angeles,Dubai,1,0.9834141574245899,High
14615.59,122.48,3.96,7.1,0.94,220.25,Sea,Hurricane,Pharmaceuticals,Los Angeles,Marseille,1,0.9999834082062797,High
14548.73,421.25,2.28,0.6,0.88,1.17,Air,Clear,Perishables,Los Angeles,Shanghai,0,0.19172352232838077,Low
11369.95,105.44,2.81,6.3,0.86,26.24,Road,Storm,Electronics,Hamburg,Los Angeles,1,0.8276557711643306,High
2386.25,37.19,4.31,7.6,0.54,6.72,Rail,Storm,Electronics,Busan,Antwerp,1,0.8725873314303,High
11494.82,351.94,1.95,7.8,0.51,10.24,Road,Clear,Textiles,Rotterdam,Shanghai,0,0.5959501982519855,Medium
856.51,201.86,2.49,7.7,0.8,1.29,Sea,Clear,Electronics,Singapore,Hamburg,0,0.4616039106025289,Medium
820.79,460.1,3.2,2.3,0.93,0.5,Air,Storm,Automotive,Antwerp,Busan,1,0.669573808749958,High
5192.35,325.48,3.69,9.8,0.79,0.5,Air,Clear,Electronics,Singapore,Rotterdam,0,0.7139820417769022,High
7585.33,46.12,4.18,10.0,0.61,22.93,Rail,Storm,Textiles,Hamburg,Marseille,1,0.9575739319553853,High
11670.91,473.98,4.22,0.8,0.55,20.27,Sea,Rain,Textiles,Rotterdam,Dubai,0,0.19782892466294583,Low
10407.78,130.02,3.76,9.4,0.85,11.23,Rail,Clear,Automotive,Singapore,Dubai,0,0.5654720415839685,Medium
6965.59,169.27,1.95,2.9,0.86,13.56,Road,Storm,Automotive,Hamburg,Antwerp,1,0.6868340964398888,High
4467.59,201.73,1.28,6.9,0.59,5.4,Road,Fog,Automotive,Los Angeles,Antwerp,1,0.5963921200009085,Medium
14958.31,26.56,2.47,3.4,0.51,36.24,Sea,Fog,Textiles,Hamburg,Marseille,0,0.5631484034217726,Medium
6679.63,248.76,1.67,9.7,0.7,47.68,Road,Hurricane,Pharmaceuticals,Singapore,Hamburg,1,0.9982186769916361,High
7045.11,62.54,3.54,1.0,0.79,12.61,Road,Storm,Textiles,Busan,Los Angeles,1,0.5874016128320572,Medium
2872.55,201.08,3.38,5.0,0.85,5.2,Sea,Clear,Automotive,Singapore,Marseille,0,0.34908986233002637,Medium
12024.74,176.0,1.35,4.3,0.91,24.0,Sea,Rain,Pharmaceuticals,Shanghai,Dubai,1,0.2923566922017868,Low
10558.39,386.65,3.96,3.3,0.81,51.28,Sea,Storm,Electronics,Antwerp,Shanghai,0,0.8506296948252591,High
3701.16,401.78,2.02,6.5,0.56,8.19,Sea,Rain,Pharmaceuticals,Hamburg,Antwerp,1,0.49703302743622524,Medium
1694.53,77.55,2.63,1.3,0.84,9.91,Rail,Hurricane,Automotive,Dubai,Busan,1,0.9476064165571052,High
10367.24,183.91,3.4,7.2,0.99,0.97,Air,Clear,Electronics,Shanghai,Dubai,0,0.45409533527474566,Medium
9990.41,187.3,2.62,9.8,0.95,26.61,Road,Storm,Electronics,Singapore,Hamburg,1,0.9220867556442716,High
4462.26,76.55,2.66,8.0,0.94,34.7,Rail,Hurricane,Automotive,Hamburg,Shanghai,1,0.995206044588407,High
14287.52,399.43,1.42,8.6,0.65,16.85,Rail,Rain,Pharmaceuticals,Antwerp,Singapore,1,0.6310831823677733,High
2690.34,353.91,2.52,3.6,0.88,6.65,Sea,Fog,Automotive,Los Angeles,Busan,1,0.2566700698041262,Low
6768.85,96.0,3.72,3.2,0.93,16.5,Rail,Storm,Pharmaceuticals,Antwerp,Rotterdam,1,0.6804557970104073,High
14182.43,183.99,4.22,5.2,0.84,18.1,Rail,Fog,Automotive,Shanghai,Busan,0,0.33728645516095157,Medium
6586.05,53.8,2.56,0.5,0.63,0.88,Air,Storm,Perishables,Dubai,Rotterdam,0,0.6111291526895383,High
9758.63,314.48,2.6,9.5,0.98,25.14,Road,Storm,Perishables,Busan,Hamburg,1,0.9084893594030764,High
6265.12,61.56,3.52,1.4,0.73,31.96,Road,Hurricane,Electronics,Shanghai,Rotterdam,1,0.9773088135084687,High
4476.12,492.98,4.31,9.0,0.57,8.73,Sea,Clear,Perishables,Rotterdam,Hamburg,0,0.5425379343261276,Medium
14767.68,390.56,2.08,0.8,0.56,1.35,Air,Rain,Automotive,Los Angeles,Busan,0,0.18787654972899545,Low
6435.34,195.73,2.65,8.2,0.82,5.74,Road,Clear,Perishables,Busan,Hamburg,0,0.5438793729087014,Medium
13464.44,289.7,3.83,1.5,0.72,5.58,Air,Hurricane,Textiles,Singapore,Shanghai,1,0.9689095353782647,High
3834.34,455.76,3.21,0.4,0.55,2.71,Rail,Clear,Textiles,Singapore,Hamburg,0,0.2596452288449028,Low
3590.02,277.5,1.56,7.2,0.87,0.57,Air,Clear,Textiles,Los Angeles,Singapore,1,0.6894744499340365,High
951.44,88.07,3.27,2.8,0.9,1.04,Rail,Fog,Automotive,Hamburg,Busan,0,0.26701852249512603,Low
9949.17,189.97,1.82,7.1,0.86,74.66,Rail,Hurricane,Automotive,Dubai,Singapore,1,0.9982683280977492,High
5843.63,421.73,2.88,5.6,0.6,30.56,Sea,Storm,Textiles,Busan,Los Angeles,1,0.8597659614027919,High
13033.19,322.46,2.95,1.1,0.85,14.74,Rail,Fog,Automotive,Antwerp,Hamburg,0,0.20578665854876513,Low
7361.54,325.71,4.09,9.3,0.51,22.94,Rail,Storm,Perishables,Rotterdam,Shanghai,1,0.9277672966060272,High
14538.8,433.54,2.73,4.5,0.65,1.29,Air,Fog,Perishables,Singapore,Marseille,1,0.45880523151790287,Medium
3190.12,447.09,2.12,7.3,0.7,2.98,Road,Clear,Perishables,Dubai,Busan,0,0.507221999200682,Medium
13095.04,459.98,1.96,5.0,0.92,32.63,Sea,Fog,Pharmaceuticals,Dubai,Hamburg,0,0.4521924022629487,Medium
11760.65,48.33,4.09,6.0,0.7,32.57,Sea,Fog,Electronics,Dubai,Singapore,0,0.6014479951054631,High
11678.37,272.52,1.76,3.0,0.51,63.95,Road,Hurricane,Electronics,Hamburg,Antwerp,1,0.9954481178741775,High
12749.36,370.51,2.61,2.0,0.68,58.52,Sea,Storm,Electronics,Los Angeles,Dubai,1,0.8323592265092125,High
11534.85,378.71,1.82,5.4,0.75,8.57,Road,Clear,Textiles,Hamburg,Singapore,1,0.4876842761401257,Medium
9580.19,303.75,3.75,4.4,0.98,1.31,Air,Clear,Pharmaceuticals,Singapore,Marseille,0,0.4094773846428512,Medium
2403.05,84.23,2.77,3.9,0.97,0.67,Air,Hurricane,Automotive,Hamburg,Marseille,1,0.9812864503831461,High
971.63,398.91,2.36,6.7,0.59,1.51,Road,Clear,Electronics,Antwerp,Rotterdam,1,0.550365297575133,Medium
13852.29,360.34,2.39,6.9,0.59,13.51,Road,Rain,Pharmaceuticals,Singapore,Dubai,1,0.5129204745662517,Medium
9441.43,43.98,4.01,0.5,0.58,10.37,Rail,Fog,Textiles,Hamburg,Marseille,0,0.32213526574895146,Medium
12049.79,232.44,3.03,3.4,0.89,19.41,Sea,Clear,Electronics,Los Angeles,Rotterdam,0,0.2376135397828897,Low
7482.07,87.81,3.57,4.1,0.5,0.5,Air,Fog,Textiles,Rotterdam,Shanghai,0,0.5264369707196025,Medium
2200.97,169.4,4.16,1.0,0.56,1.43,Air,Hurricane,Pharmaceuticals,Dubai,Hamburg,1,0.9740371388771377,High
2315.19,10.02,4.18,2.4,0.77,28.91,Sea,Hurricane,Pharmaceuticals,Antwerp,Rotterdam,1,0.9768975959763923,High
10440.7,200.76,2.28,0.5,0.62,119.68,Sea,Hurricane,Pharmaceuticals,Rotterdam,Los Angeles,1,0.9973567701698189,High
6739.44,275.39,4.34,10.0,0.55,8.32,Rail,Rain,Textiles,Shanghai,Antwerp,1,0.7124513539580521,High
3407.61,310.17,1.28,7.4,0.68,9.5,Sea,Fog,Perishables,Antwerp,Shanghai,1,0.5812074317913978,Medium
7628.12,332.08,2.44,0.9,0.64,11.75,Sea,Clear,Textiles,Los Angeles,Hamburg,0,0.22405132369834754,Low
1431.03,418.31,4.16,0.2,0.76,2.25,Road,Fog,Automotive,Antwerp,Los Angeles,0,0.20441226602818244,Low
8938.59,108.52,2.11,7.2,0.99,8.44,Rail,Clear,Electronics,Los Angeles,Singapore,0,0.46900598117184455,Medium
4400.4,61.12,2.1,4.4,0.56,7.08,Sea,Clear,Pharmaceuticals,Rotterdam,Busan,1,0.2679625389263844,Low
12064.61,425.92,2.2,7.9,0.69,70.45,Sea,Storm,Perishables,Antwerp,Dubai,1,0.96496240713902,High
5000.25,79.15,3.22,9.2,0.97,40.48,Rail,Hurricane,Pharmaceuticals,Hamburg,Los Angeles,1,0.9960398038176731,High
7100.69,487.41,2.65,6.0,0.94,9.91,Rail,Fog,Electronics,Dubai,Antwerp,1,0.44791515436354606,Medium
668.5,421.43,3.6,1.9,0.7,0.5,Air,Fog,Textiles,Busan,Antwerp,1,0.48081884405756703,Medium
1550.48,250.94,4.15,7.8,0.85,11.05,Road,Hurricane,Automotive,Rotterdam,Antwerp,1,0.9877857077560549,High
6191.16,490.73,3.42,9.6,0.54,7.82,Road,Fog,Textiles,Los Angeles,Shanghai,1,0.7962574858413618,High
7459.11,49.59,1.87,5.8,0.86,0.74,Air,Clear,Electronics,Rotterdam,Hamburg,0,0.41450729150297505,Medium
9200.3,152.23,4.28,6.8,0.99,0.5,Air,Clear,Perishables,Los Angeles,Hamburg,1,0.4770612262435473,Medium
4729.11,319.47,2.07,3.4,0.77,26.18,Road,Hurricane,Automotive,Rotterdam,Hamburg,1,0.9801312920173215,High
10577.24,175.65,1.69,3.8,0.75,5.04,Air,Hurricane,Automotive,Hamburg,Rotterdam,1,0.9750566534852065,High
12971.77,464.26,1.5,7.3,0.59,37.32,Sea,Fog,Pharmaceuticals,Rotterdam,Antwerp,0,0.6402703339958965,High
11807.84,33.75,3.06,9.3,0.82,15.89,Road,Fog,Perishables,Antwerp,Dubai,0,0.6571098183896789,High
1074.47,275.16,1.58,6.3,0.8,1.75,Rail,Fog,Pharmaceuticals,Rotterdam,Marseille,0,0.49710454375615565,Medium
7467.35,295.84,1.66,7.9,0.83,1.57,Air,Storm,Automotive,Rotterdam,Los Angeles,1,0.806467808132317,High
2021.49,326.71,2.19,1.7,0.51,0.98,Air,Hurricane,Pharmaceuticals,Dubai,Hamburg,1,0.9786919730725812,High
4009.65,128.58,2.13,2.1,0.77,49.72,Sea,Hurricane,Perishables,Shanghai,Rotterdam,1,0.9854524277673194,High
14806.61,182.92,3.19,5.3,0.8,1.64,Air,Rain,Automotive,Shanghai,Antwerp,0,0.342398911267224,Medium
2566.19,422.0,3.9,1.8,0.6,0.65,Road,Rain,Pharmaceuticals,Rotterdam,Los Angeles,0,0.20916427264676413,Low
7733.88,98.28,3.71,6.3,0.6,8.36,Rail,Rain,Pharmaceuticals,Dubai,Hamburg,1,0.47997089872342613,Medium
9463.26,413.61,2.07,2.9,0.64,0.73,Air,Fog,Automotive,Rotterdam,Hamburg,0,0.3275959903233651,Medium
10685.74,281.77,2.01,7.9,0.86,10.69,Rail,Clear,Perishables,Singapore,Shanghai,1,0.5243861179271853,Medium
8614.91,381.33,4.39,8.1,0.8,10.77,Road,Fog,Electronics,Dubai,Hamburg,0,0.601601776598116,High
641.68,357.09,1.23,4.6,0.92,0.91,Rail,Clear,Electronics,Antwerp,Busan,0,0.3103180424948436,Medium
5233.69,104.55,4.1,1.8,0.65,0.5,Air,Storm,Automotive,Antwerp,Rotterdam,0,0.677012324594345,High
8006.82,284.84,1.86,6.5,0.96,14.85,Sea,Clear,Electronics,Hamburg,Antwerp,1,0.3985106119391351,Medium
1774.06,433.99,4.33,9.9,0.87,0.86,Air,Storm,Pharmaceuticals,Busan,Antwerp,1,0.9298102299530262,High
5584.09,216.63,2.33,6.2,0.7,34.13,Road,Hurricane,Textiles,Hamburg,Shanghai,1,0.9957297732673929,High
981.45,483.33,2.65,0.4,0.55,1.32,Air,Rain,Electronics,Rotterdam,Marseille,0,0.33442705447045473,Medium
1639.39,226.66,3.53,0.2,0.63,4.04,Rail,Storm,Textiles,Los Angeles,Busan,1,0.5685343039320073,Medium
6255.39,72.25,3.14,3.2,0.98,5.18,Road,Rain,Pharmaceuticals,Shanghai,Dubai,0,0.24398945481533374,Low
2424.38,195.33,2.25,2.0,0.66,0.5,Air,Storm,Textiles,Rotterdam,Dubai,1,0.7209038838735236,High
8729.34,475.9,3.03,8.1,0.67,51.07,Sea,Storm,Automotive,Rotterdam,Busan,1,0.9187597868107571,High
10497.24,160.54,3.61,8.4,0.6,82.99,Rail,Hurricane,Electronics,Singapore,Dubai,1,0.9991027562083027,High
12108.51,434.18,1.34,2.6,0.9,9.72,Rail,Clear,Textiles,Hamburg,Antwerp,1,0.2577139412239143,Low
3402.18,440.74,1.24,3.3,0.64,44.71,Sea,Hurricane,Electronics,Los Angeles,Busan,1,0.988254467454188,High
2928.5,175.74,2.71,2.4,0.67,5.61,Road,Storm,Perishables,Los Angeles,Antwerp,0,0.6885796580235045,High
2016.23,42.55,1.64,9.1,0.71,6.39,Sea,Fog,Electronics,Los Angeles,Antwerp,0,0.624805018496477,High
9728.24,362.55,3.39,5.0,0.72,21.09,Road,Storm,Pharmaceuticals,Singapore,Busan,0,0.7967461097216416,High
10743.9,156.44,1.91,6.6,0.71,14.66,Rail,Fog,Automotive,Dubai,Singapore,1,0.5597268535552494,Medium
958.0,391.68,2.63,4.2,0.75,1.01,Road,Rain,Automotive,Shanghai,Singapore,0,0.39518533333242073,Medium
14075.08,221.88,1.85,6.3,0.91,8.06,Air,Hurricane,Textiles,Busan,Antwerp,1,0.9848568064665674,High
1253.58,243.15,3.01,3.9,0.91,2.74,Rail,Storm,Electronics,Rotterdam,Shanghai,1,0.6472004083763899,High
8348.8,389.18,1.58,3.4,0.9,7.92,Rail,Rain,Automotive,Busan,Rotterdam,0,0.23635732309524693,Low
10781.38,191.8,1.28,6.3,0.55,30.32,Rail,Storm,Perishables,Dubai,Hamburg,0,0.8872846448276525,High
13129.05,222.12,1.37,5.9,0.9,28.93,Sea,Rain,Electronics,Rotterdam,Los Angeles,0,0.3147558667708661,Medium
10854.26,188.72,4.35,2.9,0.56,0.88,Air,Rain,Electronics,Antwerp,Dubai,0,0.3392472004400225,Medium
12125.06,184.3,1.67,1.5,0.56,60.93,Road,Hurricane,Electronics,Busan,Rotterdam,1,0.9912775250795682,High
5422.03,263.45,3.54,3.7,0.97,3.93,Air,Hurricane,Perishables,Busan,Hamburg,1,0.9752008883991321,High
12314.96,404.59,1.42,4.2,0.91,82.61,Rail,Hurricane,Textiles,Rotterdam,Singapore,1,0.9971829053866204,High
1661.67,181.52,1.56,6.3,0.78,1.66,Rail,Rain,Pharmaceuticals,Rotterdam,Antwerp,1,0.40701834224625844,Medium
13474.84,262.6,2.88,9.1,0.94,2.81,Air,Storm,Pharmaceuticals,Los Angeles,Rotterdam,1,0.8552119358402458,High
8440.09,335.69,2.73,0.4,1.0,7.35,Rail,Rain,Electronics,Los Angeles,Antwerp,0,0.14230877142335022,Low
12350.82,135.45,4.34,2.4,0.81,1.28,Air,Fog,Automotive,Singapore,Marseille,1,0.3288439946130714,Medium
7058.62,139.48,4.32,1.9,0.81,16.61,Sea,Fog,Perishables,Antwerp,Busan,0,0.22819098150357608,Low
9831.88,466.77,3.77,5.0,0.88,20.04,Sea,Rain,Perishables,Singapore,Busan,0,0.30934311555838384,Medium
8132.84,362.04,3.19,4.3,0.62,5.72,Road,Clear,Electronics,Hamburg,Singapore,1,0.4292615407466889,Medium
11108.05,289.02,2.7,7.3,0.58,14.55,Road,Fog,Electronics,Antwerp,Shanghai,1,0.6430267261807895,High
1683.63,324.21,2.38,2.4,0.88,2.08,Rail,Fog,Electronics,Los Angeles,Singapore,1,0.32874599806583715,Medium
1375.11,15.62,4.33,5.9,0.67,3.1,Road,Storm,Pharmaceuticals,Los Angeles,Hamburg,0,0.8257535760753152,High
4083.0,309.43,3.19,8.8,0.57,32.24,Rail,Hurricane,Textiles,Los Angeles,Shanghai,1,0.9975231902838555,High
2813.4,255.24,3.11,9.1,0.66,3.1,Rail,Clear,Pharmaceuticals,Shanghai,Dubai,0,0.6178488422286611,High
13140.86,273.33,1.97,9.6,0.68,27.52,Sea,Clear,Textiles,Rotterdam,Shanghai,1,0.6698424937964068,High
3678.6,180.35,1.35,7.7,0.98,1.23,Air,Storm,Pharmaceuticals,Busan,Hamburg,1,0.870376195091542,High
14650.05,41.66,4.32,9.1,0.85,236.39,Sea,Hurricane,Perishables,Busan,Marseille,1,0.9999938618706082,High
5384.99,97.48,2.24,2.3,0.77,12.71,Rail,Storm,Electronics,Dubai,Marseille,1,0.6900774170371446,High
3140.71,475.42,2.66,2.0,0.98,1.11,Air,Fog,Electronics,Busan,Singapore,1,0.3875844881447699,Medium
11950.63,204.94,1.58,0.1,0.95,1.47,Air,Fog,Electronics,Los Angeles,Shanghai,0,0.21091335461716373,Low
10051.26,233.87,3.96,7.1,0.76,75.18,Rail,Hurricane,Pharmaceuticals,Antwerp,Singapore,1,0.9985973565721862,High
7723.84,27.3,1.29,9.4,0.95,10.54,Rail,Fog,Pharmaceuticals,Antwerp,Los Angeles,1,0.5878073802176494,Medium
8552.77,19.75,3.95,1.9,0.7,4.05,Air,Hurricane,Pharmaceuticals,Singapore,Rotterdam,1,0.9684020709401402,High
10928.43,358.87,1.66,6.4,0.62,10.69,Road,Rain,Textiles,Antwerp,Busan,1,0.48756811634693137,Medium
3812.59,269.51,4.13,7.5,0.62,6.73,Sea,Clear,Perishables,Dubai,Rotterdam,0,0.48320719035177195,Medium
14946.84,254.84,3.61,9.3,0.83,18.23,Rail,Rain,Electronics,Antwerp,Los Angeles,0,0.524650733061761,Medium
14634.5,122.32,1.74,6.5,0.75,26.77,Sea,Clear,Automotive,Singapore,Rotterdam,1,0.43229643730493134,Medium
9929.72,372.63,3.07,9.7,0.83,12.34,Rail,Rain,Electronics,Shanghai,Hamburg,1,0.5850906615937652,Medium
3393.37,84.95,2.23,3.4,0.84,43.93,Sea,Hurricane,Pharmaceuticals,Busan,Hamburg,1,0.9877874395936729,High
10363.31,95.78,1.79,3.5,0.51,26.01,Rail,Storm,Electronics,Busan,Singapore,1,0.8209742709858242,High
1546.88,230.9,4.04,5.4,0.53,0.5,Air,Rain,Automotive,Singapore,Busan,1,0.5549046638439531,Medium
944.46,143.85,2.53,3.8,0.77,0.5,Air,Rain,Textiles,Los Angeles,Marseille,1,0.5604652414227707,Medium
4236.4,124.48,2.52,0.0,0.6,0.79,Air,Fog,Automotive,Antwerp,Shanghai,0,0.3377614887850202,Medium
7208.03,322.97,1.76,7.3,0.82,0.5,Air,Rain,Electronics,Singapore,Shanghai,1,0.5944616962325809,Medium
13089.95,325.83,2.46,7.5,0.78,19.4,Rail,Fog,Perishables,Antwerp,Singapore,0,0.6173903076857398,High
11043.95,412.43,4.08,7.5,0.79,1.68,Air,Fog,Perishables,Singapore,Rotterdam,0,0.5812065834454124,Medium
11269.24,209.44,2.4,3.5,0.65,14.46,Rail,Fog,Perishables,Los Angeles,Shanghai,1,0.40408833369731834,Medium
6669.65,37.47,4.34,5.2,0.82,46.65,Rail,Hurricane,Automotive,Hamburg,Shanghai,1,0.9942740043330527,High
5516.06,137.56,4.32,3.6,0.92,72.07,Sea,Hurricane,Pharmaceuticals,Busan,Los Angeles,1,0.9937433249097519,High
5880.06,490.02,1.68,0.2,1.0,4.28,Road,Rain,Automotive,Antwerp,Los Angeles,0,0.12568653495511953,Low
14820.92,298.53,1.79,5.6,0.92,2.92,Air,Storm,Automotive,Hamburg,Shanghai,0,0.7511517555596844,High
1081.58,355.16,4.05,1.2,0.78,0.5,Air,Storm,Perishables,Hamburg,Busan,1,0.6674553728576211,High
13071.96,4.67,2.5,0.8,0.6,18.61,Sea,Clear,Electronics,Busan,Singapore,0,0.20567660757814996,Low
8890.79,259.58,1.21,7.6,0.84,50.86,Sea,Storm,Automotive,Rotterdam,Busan,1,0.8941076374793595,High
6859.92,19.73,2.1,0.1,0.97,8.99,Sea,Clear,Pharmaceuticals,Antwerp,Marseille,0,0.14135469343555737,Low
11016.24,285.05,3.17,9.6,0.61,11.98,Road,Rain,Pharmaceuticals,Hamburg,Singapore,1,0.7198151803897263,High
7556.7,460.46,3.84,5.2,0.63,16.94,Road,Storm,Perishables,Singapore,Shanghai,1,0.847558560176449,High
13164.64,484.24,1.64,9.8,0.58,32.57,Sea,Rain,Perishables,Rotterdam,Hamburg,0,0.6670073220149125,High
13560.18,270.74,1.56,0.6,0.87,154.48,Sea,Hurricane,Pharmaceuticals,Busan,Antwerp,1,0.9992533986716606,High
6614.95,229.64,4.24,5.8,0.7,0.75,Air,Storm,Automotive,Busan,Marseille,1,0.8407087511807104,High
4514.0,472.56,3.68,3.5,0.53,1.8,Air,Storm,Perishables,Shanghai,Rotterdam,0,0.7824137673566129,High
9089.08,337.13,3.15,8.4,0.94,26.61,Sea,Fog,Electronics,Shanghai,Los Angeles,1,0.5503627101777651,Medium
13729.27,33.38,3.74,3.6,0.78,1.15,Air,Clear,Electronics,Rotterdam,Hamburg,0,0.2567042721848059,Low
3554.6,233.4,2.62,2.6,0.67,2.95,Road,Rain,Textiles,Rotterdam,Busan,0,0.2603604061747105,Low
9533.02,120.88,3.7,8.6,0.67,0.5,Air,Clear,Electronics,Antwerp,Shanghai,1,0.6628266127398623,High
9657.62,235.43,2.43,3.7,0.65,5.67,Air,Hurricane,Automotive,Antwerp,Marseille,1,0.9814228716985934,High
11130.14,228.28,2.01,0.2,0.73,10.36,Road,Fog,Pharmaceuticals,Dubai,Rotterdam,0,0.20465956159344462,Low
2407.73,291.49,3.61,3.9,0.67,2.01,Rail,Rain,Electronics,Busan,Singapore,0,0.38236615802837587,Medium
10879.46,179.03,2.58,6.5,0.77,0.74,Air,Clear,Automotive,Singapore,Rotterdam,0,0.4734735487087393,Medium
13680.97,82.97,4.44,2.5,0.89,170.77,Sea,Hurricane,Perishables,Rotterdam,Marseille,1,0.9996806111445301,High
3105.41,252.36,2.35,4.3,0.84,18.89,Road,Hurricane,Pharmaceuticals,Busan,Los Angeles,1,0.9812702214275217,High
3944.38,415.27,4.24,0.6,0.65,8.0,Sea,Fog,Automotive,Los Angeles,Rotterdam,1,0.20134253455205567,Low
14585.23,332.34,4.28,5.9,0.76,31.2,Sea,Rain,Perishables,Busan,Los Angeles,0,0.3957325629608784,Medium
3124.17,169.85,2.0,7.6,0.92,5.62,Sea,Clear,Pharmaceuticals,Shanghai,Busan,0,0.37999629880739483,Medium
12888.58,467.83,3.83,4.1,0.53,13.93,Road,Fog,Automotive,Hamburg,Busan,1,0.3942239367016244,Medium
7638.03,456.19,2.63,4.2,0.54,8.39,Rail,Rain,Pharmaceuticals,Dubai,Hamburg,1,0.3901434738874767,Medium
4084.85,105.46,4.23,0.9,0.78,21.2,Road,Hurricane,Automotive,Rotterdam,Hamburg,1,0.9607055295121955,High
13125.87,20.67,2.69,2.0,0.82,23.89,Sea,Rain,Textiles,Shanghai,Marseille,0,0.26403910550176385,Low
6956.93,370.91,3.66,1.5,0.61,6.88,Road,Fog,Perishables,Shanghai,Busan,0,0.24975633518335916,Low
7964.85,413.98,2.74,4.8,0.87,8.87,Road,Fog,Electronics,Shanghai,Dubai,0,0.3813959075486692,Medium
5708.88,483.96,1.95,5.3,0.82,14.55,Sea,Fog,Perishables,Busan,Hamburg,1,0.4150970348054305,Medium
9097.79,445.03,1.86,9.5,0.96,29.16,Sea,Fog,Perishables,Dubai,Antwerp,0,0.6874392850601009,High
2871.1,300.67,2.6,0.7,0.58,0.84,Air,Clear,Textiles,Shanghai,Antwerp,0,0.3680346604333411,Medium
6170.68,265.5,3.69,6.0,0.88,0.51,Air,Clear,Pharmaceuticals,Antwerp,Shanghai,0,0.5389812452132198,Medium
14556.48,14.89,3.2,5.3,0.54,205.11,Sea,Hurricane,Pharmaceuticals,Rotterdam,Busan,1,0.9999483771099731,High
4242.93,124.08,3.47,5.2,0.78,22.85,Sea,Storm,Automotive,Antwerp,Marseille,1,0.816265743755984,High
10022.68,230.35,2.13,8.7,0.78,24.04,Sea,Rain,Electronics,Antwerp,Marseille,0,0.6253156257804101,High
5215.26,314.62,2.79,2.1,0.69,12.14,Rail,Storm,Pharmaceuticals,Singapore,Rotterdam,1,0.6711200190811669,High
11715.36,279.07,1.35,0.4,0.92,9.29,Road,Rain,Perishables,Rotterdam,Singapore,0,0.14283429737173478,Low
2397.67,371.58,3.9,6.7,0.5,6.2,Sea,Fog,Pharmaceuticals,Dubai,Hamburg,1,0.5477728282150938,Medium
14562.41,140.6,4.47,3.5,0.76,7.95,Air,Hurricane,Perishables,Rotterdam,Busan,1,0.9567663358325128,High
7079.95,282.91,2.54,0.2,0.61,14.77,Sea,Fog,Perishables,Rotterdam,Shanghai,0,0.19815029564042694,Low
3922.73,44.98,1.24,2.5,0.87,1.04,Air,Rain,Electronics,Rotterdam,Antwerp,0,0.2928176779454351,Low
1565.7,207.42,1.76,3.1,0.52,1.07,Road,Clear,Textiles,Rotterdam,Singapore,0,0.4100734925666433,Medium
2961.49,375.33,3.35,6.2,0.92,21.7,Rail,Hurricane,Perishables,Singapore,Hamburg,1,0.9889215619307583,High
8036.72,347.01,3.22,1.7,0.92,5.18,Road,Clear,Perishables,Antwerp,Singapore,0,0.2331078782319866,Low
5386.55,495.33,3.8,4.1,0.92,3.6,Road,Clear,Perishables,Hamburg,Busan,0,0.29132920601357243,Low
12518.81,139.67,2.04,4.8,0.58,16.05,Rail,Fog,Automotive,Hamburg,Singapore,1,0.5019863592484772,Medium
6747.87,249.6,3.72,4.6,0.82,6.45,Rail,Clear,Perishables,Busan,Dubai,0,0.32817993826603425,Medium
4106.36,165.44,3.47,9.7,0.51,9.02,Sea,Rain,Pharmaceuticals,Hamburg,Rotterdam,1,0.6581878380310053,High
9448.6,220.86,2.27,0.5,0.92,5.13,Road,Clear,Pharmaceuticals,Rotterdam,Busan,0,0.11037305327437998,Low
10748.27,428.62,3.0,9.5,0.86,21.66,Sea,Clear,Automotive,Shanghai,Busan,1,0.5159209604420818,Medium
2922.11,342.42,1.69,5.8,0.77,0.5,Air,Rain,Electronics,Rotterdam,Hamburg,0,0.4890081095724875,Medium
2930.48,441.34,2.69,8.0,0.87,8.07,Road,Storm,Textiles,Los Angeles,Singapore,1,0.9058246912444831,High
1031.74,102.55,4.11,4.3,0.55,1.67,Rail,Rain,Perishables,Singapore,Rotterdam,1,0.4030282223635443,Medium
11177.83,436.81,2.59,4.5,0.76,11.72,Rail,Rain,Perishables,Hamburg,Dubai,0,0.3411743761670151,Medium
10125.17,30.82,3.97,8.8,0.65,1.96,Air,Storm,Textiles,Singapore,Los Angeles,1,0.89576631281369,High
7382.15,444.41,3.15,9.0,0.99,45.21,Sea,Storm,Perishables,Busan,Dubai,1,0.9291439145510976,High
12740.47,165.21,1.83,2.4,0.93,28.92,Sea,Fog,Textiles,Busan,Antwerp,0,0.3226817464536599,Medium
12182.22,157.98,3.12,2.0,0.87,12.23,Rail,Rain,Automotive,Busan,Shanghai,0,0.20739842711762307,Low
8987.64,256.53,2.87,5.0,0.97,15.24,Sea,Clear,Textiles,Singapore,Rotterdam,1,0.3373890530886715,Medium
13089.93,470.4,2.52,9.0,0.67,78.96,Sea,Storm,Automotive,Busan,Rotterdam,1,0.9762868580869036,High
3484.7,24.84,1.59,3.2,0.95,4.0,Rail,Fog,Perishables,Los Angeles,Dubai,1,0.2996135711517536,Low
2122.83,176.76,2.58,6.5,0.66,5.33,Sea,Fog,Perishables,Los Angeles,Dubai,1,0.48418141575464396,Medium
4411.37,428.43,1.44,7.1,0.87,7.18,Rail,Fog,Electronics,Busan,Marseille,0,0.5677565484415767,Medium
1327.76,198.63,1.53,7.8,0.87,0.5,Air,Clear,Pharmaceuticals,Busan,Rotterdam,0,0.6477509262894806,High
8201.96,100.38,2.57,5.6,0.51,4.99,Air,Hurricane,Textiles,Antwerp,Hamburg,1,0.9903421715679028,High
14080.78,212.97,2.21,4.0,0.68,14.49,Road,Fog,Electronics,Busan,Hamburg,1,0.37105080663736184,Medium
1070.48,193.39,4.25,9.7,0.51,1.04,Road,Clear,Pharmaceuticals,Shanghai,Antwerp,0,0.7127589919783887,High
2270.59,457.79,2.44,6.1,1.0,16.73,Rail,Hurricane,Automotive,Singapore,Shanghai,1,0.9870051647053997,High
7056.89,381.21,3.7,7.3,0.56,107.11,Sea,Hurricane,Electronics,Los Angeles,Busan,1,0.9993856044315947,High
14041.19,253.05,2.95,3.4,0.77,0.71,Air,Fog,Electronics,Hamburg,Antwerp,1,0.3439835678939613,Medium
5084.26,494.2,3.52,6.7,0.9,4.58,Road,Clear,Perishables,Los Angeles,Busan,0,0.4244189879173866,Medium
7854.9,233.17,2.06,2.6,0.6,0.75,Air,Fog,Electronics,Singapore,Rotterdam,1,0.3980888521861373,Medium
1102.81,30.06,4.31,2.5,0.74,0.5,Air,Storm,Textiles,Rotterdam,Hamburg,1,0.7432761267316051,High
2650.98,131.87,2.95,7.1,0.8,0.57,Air,Hurricane,Automotive,Rotterdam,Marseille,1,0.9889285475489021,High
14806.14,218.6,3.94,5.2,0.58,1.76,Air,Fog,Textiles,Singapore,Dubai,1,0.5117646749729524,Medium
14494.22,79.29,2.4,6.8,0.89,4.26,Air,Storm,Textiles,Dubai,Marseille,1,0.8391072118096724,High
571.63,473.83,1.53,2.7,0.65,0.84,Sea,Fog,Perishables,Singapore,Antwerp,0,0.2924267328661101,Low
14301.27,383.66,3.42,6.0,0.61,1.54,Air,Fog,Automotive,Rotterdam,Shanghai,1,0.4641442065902345,Medium
9767.24,134.88,1.23,4.4,0.78,11.21,Road,Fog,Pharmaceuticals,Singapore,Marseille,0,0.46094613900548165,Medium
13084.82,295.81,2.77,6.0,0.71,17.06,Rail,Fog,Pharmaceuticals,Hamburg,Singapore,0,0.5593011891661346,Medium
7093.73,361.0,1.84,2.9,0.96,16.69,Rail,Storm,Pharmaceuticals,Dubai,Rotterdam,1,0.6572970470564513,High
7976.14,470.7,3.27,7.2,0.94,7.09,Rail,Clear,Automotive,Shanghai,Los Angeles,0,0.36297871899512085,Medium
7588.28,440.94,4.43,8.1,0.74,51.19,Road,Hurricane,Automotive,Singapore,Shanghai,1,0.9976670809773187,High
10169.53,258.08,2.73,2.6,0.68,128.34,Sea,Hurricane,Pharmaceuticals,Shanghai,Marseille,1,0.9992163086183288,High
2524.94,387.55,3.9,3.0,0.66,6.13,Sea,Fog,Automotive,Antwerp,Busan,0,0.26781206885297293,Low
934.62,281.51,2.88,6.6,0.63,6.49,Rail,Hurricane,Electronics,Rotterdam,Busan,1,0.9814120932612758,High
4964.98,276.8,2.84,7.0,0.77,10.93,Sea,Rain,Automotive,Rotterdam,Dubai,1,0.3761874409801338,Medium
10717.87,58.26,4.27,7.0,0.9,11.76,Rail,Rain,Perishables,Hamburg,Los Angeles,1,0.3988431499275609,Medium
3426.88,63.94,4.14,6.8,0.66,0.5,Air,Storm,Perishables,Rotterdam,Los Angeles,1,0.8266714355044946,High
10264.77,265.24,3.79,3.9,0.6,21.88,Road,Storm,Textiles,Busan,Shanghai,1,0.8353783547342756,High
14563.72,135.16,2.18,3.9,0.74,24.51,Sea,Clear,Pharmaceuticals,Dubai,Rotterdam,1,0.2996334553607108,Low
1861.56,11.5,3.0,2.5,0.54,1.7,Rail,Clear,Electronics,Singapore,Antwerp,0,0.3249646984825112,Medium
10252.73,361.7,1.94,1.6,0.85,122.85,Sea,Hurricane,Pharmaceuticals,Shanghai,Antwerp,1,0.9983868529931649,High
6934.38,17.21,2.66,6.9,0.76,19.48,Rail,Storm,Electronics,Hamburg,Shanghai,1,0.8784686742010162,High
13088.06,298.04,2.8,0.9,0.75,0.82,Air,Rain,Automotive,Dubai,Singapore,0,0.2255786014512432,Low
3068.67,270.06,3.94,9.4,0.65,2.57,Road,Rain,Perishables,Dubai,Hamburg,1,0.6565144224261202,High
10543.08,484.44,4.16,8.3,0.95,26.69,Road,Storm,Automotive,Antwerp,Shanghai,0,0.8995482275931063,High
12652.67,242.62,2.57,8.6,0.55,12.62,Road,Rain,Textiles,Shanghai,Singapore,1,0.6745849540473564,High
14196.91,32.74,1.26,9.1,0.94,17.75,Road,Fog,Automotive,Antwerp,Shanghai,0,0.6301284562874306,High
10407.1,276.29,4.04,4.1,0.69,52.41,Sea,Storm,Pharmaceuticals,Shanghai,Busan,1,0.8509979460473218,High
7709.03,420.71,1.78,8.5,0.94,17.98,Sea,Rain,Automotive,Hamburg,Dubai,1,0.5164172201735788,Medium
9458.78,498.43,3.25,1.6,0.86,21.38,Sea,Fog,Automotive,Busan,Singapore,0,0.27065150295405993,Low
13099.12,215.74,1.28,0.2,0.55,5.94,Air,Hurricane,Textiles,Rotterdam,Marseille,1,0.9583901997371466,High
8773.84,160.83,2.52,7.8,0.92,8.25,Road,Rain,Pharmaceuticals,Shanghai,Dubai,1,0.4726852309478995,Medium
940.61,453.42,4.45,0.7,0.84,1.67,Sea,Rain,Electronics,Hamburg,Shanghai,0,0.17459828560672566,Low
13998.76,96.43,1.53,9.9,0.52,33.96,Sea,Rain,Perishables,Dubai,Busan,1,0.6928014971836177,High
10498.14,308.1,2.6,6.7,0.57,1.5,Air,Clear,Automotive,Antwerp,Marseille,1,0.5912350259425809,Medium
10309.44,203.45,2.21,7.5,0.82,157.02,Sea,Hurricane,Automotive,Los Angeles,Rotterdam,1,0.9998614405775137,High
3627.29,21.5,4.19,2.5,0.83,0.5,Air,Clear,Electronics,Los Angeles,Marseille,0,0.39803510381554946,Medium
10053.84,174.3,4.07,6.7,0.87,28.67,Rail,Storm,Electronics,Singapore,Los Angeles,0,0.8406040145636631,High
6211.03,133.35,1.98,0.4,0.86,4.42,Road,Rain,Electronics,Shanghai,Hamburg,0,0.1597966283093608,Low
9942.88,343.36,1.47,8.4,0.83,66.58,Road,Hurricane,Textiles,Shanghai,Busan,1,0.9981645211595135,High
2045.6,474.45,3.27,1.7,0.88,3.44,Sea,Clear,Perishables,Busan,Marseille,0,0.20167345525575658,Low
10038.76,134.76,2.31,7.0,0.79,28.55,Sea,Fog,Pharmaceuticals,Hamburg,Marseille,1,0.6449929740925391,High
14991.5,405.92,3.42,2.2,0.63,9.61,Road,Clear,Textiles,Antwerp,Los Angeles,1,0.2331832721867966,Low
1199.07,28.62,1.31,0.7,0.96,0.5,Air,Storm,Textiles,Dubai,Los Angeles,1,0.6250909884590224,High
14669.03,269.52,1.64,4.8,0.51,32.28,Road,Storm,Electronics,Hamburg,Rotterdam,1,0.8542602033817916,High
6400.17,36.2,3.47,1.7,0.68,14.36,Sea,Fog,Textiles,Dubai,Antwerp,0,0.30456131762828786,Medium
13125.93,467.08,1.9,7.3,0.86,13.98,Rail,Rain,Pharmaceuticals,Rotterdam,Los Angeles,1,0.35645355235464826,Medium
11844.59,383.41,4.03,2.4,0.71,0.94,Air,Fog,Perishables,Busan,Shanghai,0,0.3436388104649191,Medium
8721.74,329.32,1.39,3.4,0.51,15.08,Sea,Clear,Pharmaceuticals,Busan,Singapore,0,0.36937196833068886,Medium
11207.51,412.12,1.91,5.7,0.53,0.5,Air,Clear,Electronics,Busan,Shanghai,0,0.5209243304766202,Medium
13238.48,324.11,4.5,2.8,0.82,2.07,Air,Storm,Perishables,Rotterdam,Los Angeles,1,0.524351233420524,Medium
6360.03,484.5,2.63,3.8,0.98,7.29,Rail,Fog,Pharmaceuticals,Los Angeles,Singapore,0,0.3738875454191073,Medium
5241.98,357.27,3.52,8.2,0.78,41.3,Rail,Hurricane,Automotive,Hamburg,Rotterdam,1,0.9962079571639063,High
10180.1,462.4,1.8,1.8,0.75,8.3,Rail,Clear,Pharmaceuticals,Los Angeles,Singapore,0,0.259055040062929,Low
12213.77,259.05,3.21,0.8,0.66,18.25,Sea,Clear,Automotive,Singapore,Dubai,0,0.17461936291244323,Low
11553.13,59.42,3.6,3.3,0.63,23.39,Road,Storm,Textiles,Shanghai,Antwerp,1,0.7831718258051704,High
12068.3,264.56,2.24,4.2,0.51,1.01,Air,Clear,Automotive,Singapore,Shanghai,0,0.4425536080863454,Medium
6815.96,64.31,3.94,5.4,0.64,5.87,Road,Clear,Textiles,Busan,Dubai,1,0.4731615448739622,Medium
12358.6,296.65,3.19,3.7,0.73,20.62,Sea,Clear,Textiles,Shanghai,Rotterdam,0,0.3061270409113869,Medium
2243.03,241.76,2.48,7.9,0.6,2.1,Road,Clear,Pharmaceuticals,Los Angeles,Busan,1,0.5831093352698287,Medium
8395.09,311.67,3.04,0.4,0.54,7.41,Road,Fog,Electronics,Antwerp,Los Angeles,1,0.2212632959290038,Low
583.5,6.01,3.1,4.3,0.86,0.62,Road,Rain,Textiles,Antwerp,Los Angeles,1,0.3623571927660982,Medium
5206.49,98.23,1.75,3.8,0.95,1.1,Air,Fog,Textiles,Singapore,Busan,1,0.4332314063514177,Medium
5813.69,246.17,2.53,6.5,0.97,0.56,Air,Clear,Automotive,Dubai,Marseille,0,0.5346137555802319,Medium
6244.5,475.3,2.33,9.7,0.81,5.81,Rail,Clear,Textiles,Dubai,Marseille,1,0.6891495727241427,High
10584.27,192.42,2.52,5.1,0.53,73.58,Rail,Hurricane,Perishables,Los Angeles,Rotterdam,1,0.9975673644723067,High
6134.09,212.76,3.71,9.9,0.87,13.33,Sea,Clear,Textiles,Singapore,Shanghai,1,0.67147394172683,High
7006.06,357.63,2.79,3.0,0.56,13.6,Sea,Rain,Electronics,Los Angeles,Busan,1,0.26420003136258535,Low
3944.39,302.29,4.3,0.3,0.84,0.5,Air,Fog,Perishables,Hamburg,Antwerp,0,0.3024823013659116,Medium
5912.15,150.16,2.17,1.7,0.89,13.06,Rail,Storm,Perishables,Hamburg,Antwerp,1,0.6167569629741109,High
3795.41,206.0,2.57,4.0,0.86,51.1,Sea,Hurricane,Automotive,Shanghai,Marseille,1,0.9915392010936133,High
1561.34,109.63,3.8,3.2,0.98,9.44,Road,Hurricane,Electronics,Hamburg,Shanghai,1,0.97500283605511,High
9250.0,483.04,3.0,1.0,0.87,1.24,Air,Rain,Automotive,Hamburg,Rotterdam,0,0.22118416565693966,Low
10189.09,66.19,3.01,4.3,0.85,26.54,Rail,Storm,Electronics,Dubai,Hamburg,0,0.7730040389586282,High
9482.61,186.55,1.38,3.4,0.63,11.37,Rail,Fog,Electronics,Singapore,Shanghai,1,0.4000652833346385,Medium
7220.66,13.89,2.52,1.2,0.96,0.95,Air,Storm,Electronics,Shanghai,Marseille,1,0.5946362626829007,Medium
6006.89,111.67,2.09,3.0,0.59,32.76,Road,Hurricane,Pharmaceuticals,Dubai,Busan,1,0.9863828827285258,High
13018.34,390.46,4.5,8.9,0.95,1.49,Air,Fog,Electronics,Dubai,Los Angeles,1,0.5438428434801826,Medium
8026.69,101.39,2.22,3.0,0.66,44.71,Road,Hurricane,Pharmaceuticals,Antwerp,Singapore,1,0.9926789574784355,High
7448.14,40.95,4.12,7.1,0.57,17.43,Sea,Rain,Automotive,Singapore,Dubai,1,0.5151558569087731,Medium
871.81,237.75,3.43,6.1,0.91,0.5,Air,Rain,Automotive,Rotterdam,Singapore,0,0.5335874012725126,Medium
5448.09,5.97,2.33,4.3,0.5,0.5,Air,Storm,Pharmaceuticals,Los Angeles,Marseille,1,0.8479063874649508,High
6012.84,43.3,2.99,2.4,0.92,13.18,Rail,Storm,Automotive,Dubai,Hamburg,1,0.6129859625595525,High
6282.93,404.01,3.97,3.7,0.63,82.81,Sea,Hurricane,Electronics,Dubai,Hamburg,1,0.9971925402428963,High
8912.5,385.97,4.12,5.9,0.94,128.79,Sea,Hurricane,Pharmaceuticals,Busan,Antwerp,1,0.9994963787017774,High
8237.24,457.65,1.73,3.5,0.85,16.1,Sea,Rain,Pharmaceuticals,Busan,Dubai,0,0.26621230916531685,Low
9314.62,427.4,2.32,2.1,0.83,22.45,Rail,Storm,Electronics,Singapore,Shanghai,1,0.7005959332950915,High
11590.81,341.9,2.31,1.2,0.68,10.41,Road,Fog,Electronics,Rotterdam,Marseille,1,0.2349102309977147,Low
12288.29,27.11,1.34,8.8,0.53,23.97,Sea,Clear,Perishables,Busan,Hamburg,1,0.6197477039494518,High
10912.78,391.64,3.17,4.4,0.92,147.62,Sea,Hurricane,Electronics,Rotterdam,Shanghai,1,0.9995512313488865,High
14355.09,422.91,4.02,6.3,0.59,15.35,Rail,Rain,Automotive,Busan,Los Angeles,0,0.39005940138769696,Medium
764.37,399.74,2.46,4.9,0.69,1.59,Sea,Clear,Textiles,Dubai,Hamburg,1,0.38671567392885103,Medium
3338.78,254.73,3.64,8.7,0.8,9.78,Rail,Storm,Textiles,Busan,Antwerp,1,0.8984891847204999,High
609.66,117.22,3.27,5.5,0.74,3.54,Rail,Hurricane,Perishables,Antwerp,Singapore,1,0.9843191223706256,High
9888.38,422.82,2.44,4.8,0.6,1.4,Air,Fog,Electronics,Singapore,Shanghai,1,0.5363678435515743,Medium
13521.44,363.85,1.67,9.2,0.57,40.31,Sea,Fog,Pharmaceuticals,Hamburg,Busan,1,0.7667068743430505,High
4030.49,490.4,3.54,7.2,0.56,25.56,Road,Hurricane,Perishables,Dubai,Hamburg,1,0.9945309806165026,High
13942.0,78.69,4.02,1.1,0.93,9.41,Rail,Clear,Pharmaceuticals,Singapore,Marseille,1,0.17224507173664097,Low
1373.88,113.61,3.46,1.8,0.52,0.5,Air,Storm,Electronics,Los Angeles,Singapore,0,0.7950457377115281,High
14049.32,106.69,1.26,7.9,0.99,17.57,Road,Fog,Textiles,Dubai,Marseille,0,0.6217693862362027,High
5598.53,396.48,1.91,8.4,0.6,6.63,Road,Rain,Perishables,Dubai,Antwerp,0,0.6253981286798461,High
1970.6,94.27,1.43,5.5,0.56,12.4,Road,Hurricane,Electronics,Shanghai,Hamburg,1,0.9877082019925886,High
7545.14,34.26,3.08,5.5,0.79,10.76,Rail,Fog,Electronics,Rotterdam,Los Angeles,1,0.3531377539174598,Medium
4223.26,499.28,3.7,6.3,0.54,5.11,Road,Fog,Pharmaceuticals,Hamburg,Dubai,1,0.6023793782374632,High
4630.66,13.38,1.56,4.4,0.8,23.04,Sea,Storm,Pharmaceuticals,Singapore,Marseille,1,0.80167202797653,High
4955.7,417.79,3.97,6.8,0.93,5.6,Rail,Rain,Electronics,Dubai,Rotterdam,0,0.41887083331217145,Medium
12143.88,183.32,3.03,1.1,0.52,1.1,Air,Rain,Pharmaceuticals,Antwerp,Los Angeles,1,0.23554153536545583,Low
8317.84,420.97,3.48,9.6,0.9,8.9,Rail,Clear,Electronics,Rotterdam,Dubai,0,0.5174152110535701,Medium
5013.96,277.76,4.41,7.5,0.7,4.69,Road,Rain,Textiles,Antwerp,Singapore,0,0.6359490117199695,High
9349.84,450.91,1.48,6.3,0.58,0.89,Air,Clear,Perishables,Rotterdam,Los Angeles,0,0.445344939818998,Medium
10884.18,463.17,4.17,3.2,0.59,0.52,Air,Fog,Textiles,Shanghai,Busan,0,0.383857042170776,Medium
4453.05,5.54,1.62,1.6,0.96,3.49,Rail,Rain,Textiles,Hamburg,Shanghai,0,0.2518772137748917,Low
6496.46,38.63,2.5,4.1,0.56,15.75,Sea,Fog,Textiles,Dubai,Singapore,0,0.5057329991681053,Medium
2267.35,125.93,4.01,6.6,0.93,3.16,Rail,Fog,Textiles,Singapore,Dubai,0,0.5329203482021391,Medium
3126.67,334.99,4.19,6.3,0.77,16.57,Sea,Storm,Electronics,Hamburg,Shanghai,1,0.8358019917916054,High
10376.21,444.25,2.87,3.8,0.52,10.09,Rail,Rain,Electronics,Antwerp,Marseille,1,0.3840752191253359,Medium
3130.86,230.51,3.16,6.1,0.73,2.16,Air,Hurricane,Electronics,Shanghai,Marseille,1,0.9897814010075222,High
8114.87,303.88,3.54,8.1,0.91,0.5,Air,Rain,Automotive,Busan,Marseille,0,0.5900976901567835,Medium
10781.17,95.06,3.95,0.3,0.86,1.45,Air,Storm,Electronics,Los Angeles,Rotterdam,0,0.5014884961550194,Medium
2049.72,402.68,1.6,4.5,0.74,5.27,Sea,Fog,Electronics,Dubai,Hamburg,1,0.3614890106966205,Medium
8726.03,483.7,3.87,7.6,0.93,5.14,Air,Hurricane,Pharmaceuticals,Busan,Singapore,1,0.9904902453361667,High
4220.16,135.03,2.79,5.5,0.56,0.59,Air,Storm,Automotive,Hamburg,Shanghai,1,0.8700889016263964,High
14462.44,247.92,2.69,6.5,0.96,40.34,Rail,Storm,Perishables,Los Angeles,Singapore,1,0.8898469497326374,High
7511.41,43.97,2.6,5.2,0.92,4.23,Air,Hurricane,Electronics,Hamburg,Busan,1,0.9789437866236259,High
12186.89,280.01,2.88,9.9,0.85,13.59,Road,Rain,Pharmaceuticals,Rotterdam,Los Angeles,0,0.5266325548826808,Medium
8478.28,251.89,4.32,0.5,0.91,7.74,Road,Fog,Electronics,Shanghai,Dubai,0,0.17953318343924266,Low
1129.48,73.07,3.01,4.9,0.77,2.09,Sea,Rain,Perishables,Dubai,Antwerp,1,0.3166350834929933,Medium
9680.69,221.59,4.35,0.9,0.84,17.74,Road,Storm,Electronics,Singapore,Busan,1,0.5491972265400276,Medium
14295.35,167.72,1.79,1.6,0.78,21.59,Sea,Clear,Textiles,Los Angeles,Hamburg,0,0.22501712559491766,Low
9223.37,261.39,3.59,3.8,0.68,6.35,Road,Clear,Perishables,Shanghai,Los Angeles,0,0.2707670272293605,Low
12378.24,293.24,3.88,1.6,0.78,0.5,Air,Clear,Textiles,Busan,Singapore,0,0.3021807525602199,Medium
13320.99,5.24,3.44,9.6,0.63,13.88,Road,Rain,Perishables,Singapore,Marseille,0,0.6809934529377579,High
3807.16,380.74,3.2,9.5,0.72,7.45,Sea,Clear,Electronics,Busan,Singapore,1,0.6232375943464131,High
3574.65,356.79,3.06,3.4,0.64,19.98,Road,Hurricane,Electronics,Rotterdam,Los Angeles,1,0.9762427762825386,High
9359.22,183.78,4.04,6.4,0.56,10.32,Road,Fog,Perishables,Los Angeles,Antwerp,1,0.566158181031154,Medium
6459.91,27.42,3.91,5.3,0.66,11.52,Sea,Clear,Pharmaceuticals,Dubai,Singapore,0,0.4301570154972059,Medium
12677.99,377.71,1.6,8.2,0.93,10.96,Road,Clear,Automotive,Busan,Marseille,0,0.5126475715488473,Medium
13550.34,477.63,4.0,6.3,0.69,2.49,Air,Storm,Textiles,Hamburg,Singapore,1,0.8623126609815666,High
5624.61,120.84,2.57,0.0,0.87,1.4,Air,Fog,Electronics,Dubai,Antwerp,0,0.25473534421615857,Low
3934.62,162.44,2.04,7.6,0.59,3.78,Rail,Clear,Textiles,Rotterdam,Antwerp,0,0.5544429094275054,Medium
11817.62,92.72,4.07,7.5,0.71,1.76,Air,Storm,Automotive,Shanghai,Rotterdam,1,0.8186909367822971,High
4484.69,288.89,2.63,5.1,0.56,0.5,Air,Clear,Electronics,Rotterdam,Antwerp,1,0.49064157122567115,Medium
12427.91,78.27,3.87,9.0,0.57,100.25,Rail,Hurricane,Textiles,Los Angeles,Antwerp,1,0.9996332396011388,High
6644.2,178.74,2.07,9.1,0.81,6.93,Rail,Clear,Automotive,Singapore,Rotterdam,1,0.5662751608955029,Medium
10179.47,348.81,1.21,5.2,0.8,5.22,Air,Hurricane,Perishables,Busan,Shanghai,1,0.9832781875526748,High
1885.26,280.5,2.84,6.1,0.61,0.5,Air,Storm,Textiles,Antwerp,Busan,1,0.880658591306457,High
9545.96,193.84,1.53,10.0,0.74,59.05,Sea,Storm,Automotive,Shanghai,Marseille,1,0.9703639057705183,High
7050.63,210.7,3.69,3.0,0.93,6.43,Rail,Rain,Automotive,Singapore,Dubai,0,0.23108012134177236,Low
9005.82,281.49,2.11,3.2,0.59,17.17,Sea,Rain,Electronics,Hamburg,Dubai,0,0.3099967152060724,Medium
2936.21,3.93,2.66,1.8,0.51,2.77,Rail,Fog,Electronics,Singapore,Los Angeles,0,0.2887416447306783,Low
11184.67,40.18,1.49,9.0,0.83,9.27,Road,Clear,Electronics,Shanghai,Dubai,1,0.5296699261340854,Medium
13010.56,440.75,2.15,7.4,0.53,37.52,Sea,Fog,Pharmaceuticals,Dubai,Antwerp,1,0.7076517674813682,High
3642.73,39.86,3.78,1.1,0.99,1.06,Air,Rain,Perishables,Busan,Singapore,1,0.29015606927474374,Low
1887.86,353.69,1.7,9.8,0.81,2.05,Road,Clear,Automotive,Singapore,Los Angeles,1,0.617008338561751,High
842.76,460.1,3.34,7.3,0.74,1.61,Rail,Rain,Pharmaceuticals,Shanghai,Los Angeles,1,0.47252764412320175,Medium
9808.59,136.07,4.23,8.5,0.72,23.79,Sea,Rain,Automotive,Hamburg,Shanghai,1,0.6218990115120044,High
9302.86,185.88,3.44,0.5,0.79,1.91,Air,Storm,Textiles,Singapore,Marseille,0,0.6540782520431141,High
8427.11,284.89,3.88,5.0,0.55,9.26,Road,Fog,Pharmaceuticals,Hamburg,Los Angeles,0,0.47122065691486786,Medium
3863.23,440.97,1.56,7.0,0.97,4.41,Rail,Rain,Electronics,Los Angeles,Antwerp,0,0.44751283760332505,Medium
6168.14,471.01,2.03,5.4,0.81,0.5,Air,Fog,Electronics,Dubai,Singapore,0,0.5665126918057114,Medium
9119.91,370.04,4.15,6.7,0.59,57.79,Road,Hurricane,Perishables,Los Angeles,Singapore,1,0.9978874456537576,High
7703.12,44.22,3.56,8.2,0.78,9.08,Rail,Rain,Pharmaceuticals,Los Angeles,Marseille,1,0.5917009979291656,Medium
14822.89,334.91,3.31,3.7,0.57,24.8,Sea,Clear,Textiles,Hamburg,Singapore,1,0.43316116078072386,Medium
2478.38,205.74,3.39,8.5,0.51,2.31,Road,Clear,Textiles,Hamburg,Shanghai,1,0.7360020607355745,High
10579.6,235.88,2.57,1.6,0.82,6.73,Road,Clear,Perishables,Dubai,Singapore,1,0.228451539186484,Low
6362.62,25.53,1.35,2.7,0.82,5.04,Rail,Clear,Textiles,Busan,Rotterdam,0,0.271029127362167,Low
6708.89,96.34,3.79,0.4,0.79,4.3,Road,Clear,Electronics,Shanghai,Busan,0,0.14542545119610595,Low
10905.17,395.47,3.44,3.6,0.59,143.58,Sea,Hurricane,Perishables,Hamburg,Rotterdam,1,0.9996113564525996,High
10540.32,227.53,2.76,3.8,0.8,0.5,Air,Clear,Pharmaceuticals,Rotterdam,Hamburg,1,0.30353260558676964,Medium
14873.21,151.53,4.17,8.1,0.53,231.26,Sea,Hurricane,Perishables,Rotterdam,Singapore,1,0.9999918577367539,High
2361.72,192.63,2.31,6.5,0.81,15.47,Road,Hurricane,Textiles,Hamburg,Dubai,1,0.9915964541103226,High
2009.59,427.35,2.17,4.4,0.78,11.63,Road,Hurricane,Electronics,Shanghai,Dubai,1,0.9801311847668265,High
11002.91,374.75,4.08,6.5,0.83,24.11,Sea,Rain,Pharmaceuticals,Singapore,Los Angeles,0,0.41999419584681796,Medium
8886.61,136.89,3.83,0.5,0.95,0.5,Air,Clear,Perishables,Shanghai,Hamburg,0,0.18486635449319747,Low
4475.33,59.63,2.9,1.8,0.93,1.9,Air,Hurricane,Electronics,Los Angeles,Rotterdam,1,0.9631891866733503,High
1651.58,126.75,1.63,6.3,0.99,2.54,Rail,Fog,Perishables,Dubai,Antwerp,1,0.4573972000629527,Medium
1742.04,460.46,1.91,6.4,0.99,12.23,Rail,Hurricane,Electronics,Dubai,Busan,1,0.9815894702272581,High
13465.77,291.21,3.37,7.7,0.89,25.95,Sea,Clear,Perishables,Hamburg,Shanghai,1,0.5328937767112422,Medium
3282.08,267.21,2.47,4.0,0.98,2.86,Rail,Clear,Electronics,Rotterdam,Shanghai,0,0.2662799736295948,Low
5188.89,298.6,3.96,7.2,0.93,1.3,Air,Storm,Textiles,Hamburg,Shanghai,1,0.8933536870189488,High
3786.52,183.65,4.33,6.8,0.86,28.34,Rail,Hurricane,Textiles,Los Angeles,Hamburg,1,0.9935881423446894,High
5647.45,403.75,3.86,9.6,0.54,5.24,Road,Clear,Electronics,Rotterdam,Los Angeles,1,0.5925429654643448,Medium
1506.65,262.12,2.45,2.2,0.53,0.5,Air,Rain,Textiles,Shanghai,Busan,0,0.41842255613812096,Medium
8026.37,59.26,3.8,5.5,0.92,3.8,Air,Hurricane,Perishables,Hamburg,Dubai,1,0.9823096881763117,High
1480.38,65.4,2.36,6.0,0.75,2.83,Rail,Rain,Pharmaceuticals,Dubai,Los Angeles,1,0.4172483808847403,Medium
12105.17,268.89,1.75,10.0,0.91,37.66,Rail,Storm,Pharmaceuticals,Busan,Marseille,1,0.94729045378114,High
3888.83,468.35,1.31,2.0,0.66,17.74,Sea,Storm,Pharmaceuticals,Singapore,Hamburg,0,0.674364943984596,High
8330.17,154.87,2.47,5.2,0.7,14.94,Sea,Clear,Textiles,Rotterdam,Dubai,0,0.3555354998688254,Medium
13261.15,434.9,4.18,3.5,0.85,3.23,Air,Storm,Textiles,Singapore,Hamburg,0,0.7119787494831381,High
9937.72,382.28,1.99,5.3,0.96,59.49,Road,Hurricane,Perishables,Busan,Los Angeles,1,0.9940011207722915,High
8227.89,124.66,1.88,2.3,0.54,3.33,Air,Hurricane,Automotive,Singapore,Hamburg,1,0.9740211099664875,High
5202.84,19.13,4.4,0.5,0.93,8.26,Sea,Rain,Perishables,Shanghai,Dubai,0,0.12236965109591509,Low
5328.53,51.82,1.28,5.7,0.9,76.95,Sea,Hurricane,Perishables,Antwerp,Shanghai,1,0.9975654220345727,High
10207.56,364.52,3.79,3.4,0.66,6.58,Road,Clear,Electronics,Singapore,Marseille,1,0.34243128275239515,Medium
14915.02,100.64,2.26,1.8,0.68,77.47,Road,Hurricane,Textiles,Shanghai,Dubai,1,0.9949971899453242,High
10096.67,186.26,1.32,3.2,0.52,7.89,Road,Rain,Pharmaceuticals,Antwerp,Marseille,0,0.37407212971299203,Medium
8587.86,251.35,4.23,0.5,0.51,11.5,Sea,Clear,Perishables,Antwerp,Busan,0,0.16101429661478733,Low
11094.43,363.01,1.66,9.5,0.74,68.05,Sea,Storm,Automotive,Rotterdam,Hamburg,1,0.9648043740829991,High
7245.48,57.5,3.02,5.8,0.55,15.12,Sea,Rain,Pharmaceuticals,Busan,Shanghai,0,0.4764011833527492,Medium
1372.06,203.78,2.1,8.1,0.6,1.38,Road,Fog,Electronics,Dubai,Los Angeles,0,0.6150472820541866,High
8653.3,243.05,1.42,4.2,0.92,1.82,Air,Fog,Perishables,Hamburg,Rotterdam,1,0.4161535857549105,Medium
14385.57,270.87,1.36,9.0,0.79,43.72,Sea,Fog,Perishables,Dubai,Los Angeles,1,0.7076141556696395,High
3041.89,409.36,1.58,4.8,0.82,5.71,Sea,Clear,Textiles,Los Angeles,Hamburg,0,0.3663812279976808,Medium
10505.07,86.67,1.44,5.7,0.59,1.26,Air,Rain,Electronics,Shanghai,Los Angeles,0,0.423782202600721,Medium
3413.54,404.11,3.71,4.9,0.91,4.38,Rail,Fog,Electronics,Busan,Shanghai,0,0.41757799833109355,Medium
8269.5,346.75,2.8,7.3,0.93,23.32,Sea,Fog,Pharmaceuticals,Rotterdam,Dubai,1,0.48907623637038483,Medium
1901.81,278.38,2.33,5.7,0.76,4.19,Sea,Rain,Automotive,Shanghai,Rotterdam,1,0.3278342783809761,Medium
7030.38,350.06,2.58,2.7,0.96,88.81,Sea,Hurricane,Textiles,Busan,Singapore,1,0.9972266376554568,High
11464.37,206.6,4.27,1.5,0.92,7.04,Road,Clear,Electronics,Shanghai,Los Angeles,0,0.13932060466652732,Low
5539.79,70.06,4.21,6.1,0.87,80.27,Sea,Hurricane,Textiles,Busan,Marseille,1,0.9983955829351073,High
10141.22,333.22,3.56,4.9,0.87,8.41,Rail,Clear,Automotive,Hamburg,Busan,0,0.28698533265821774,Low
12034.02,262.81,4.12,1.0,0.55,20.93,Sea,Rain,Automotive,Busan,Shanghai,0,0.22301467816725193,Low
13944.08,320.05,2.25,4.0,0.64,13.75,Rail,Rain,Perishables,Busan,Singapore,1,0.3518172926806967,Medium
3902.31,169.66,2.46,5.1,0.53,9.59,Sea,Fog,Textiles,Los Angeles,Busan,0,0.46576026549312327,Medium
6290.08,453.53,3.23,8.3,0.5,48.22,Rail,Hurricane,Electronics,Los Angeles,Singapore,1,0.9981383378202128,High
2710.03,294.1,3.26,0.8,0.58,3.44,Sea,Clear,Electronics,Rotterdam,Hamburg,0,0.15409884409670888,Low
14891.01,43.62,2.79,3.5,0.94,32.13,Road,Storm,Pharmaceuticals,Hamburg,Marseille,1,0.787441714538933,High
13941.51,225.45,2.52,8.2,0.62,93.54,Road,Hurricane,Automotive,Dubai,Antwerp,1,0.9992673811001286,High
8329.38,378.42,4.45,6.5,0.99,2.11,Air,Storm,Automotive,Antwerp,Hamburg,1,0.7975759586036775,High
12709.48,397.27,3.91,2.9,0.8,0.5,Air,Fog,Pharmaceuticals,Rotterdam,Shanghai,1,0.2985726759214513,Low
8053.89,247.8,2.64,8.5,0.62,19.96,Road,Storm,Pharmaceuticals,Dubai,Singapore,1,0.9291054071886226,High
9541.99,447.48,3.6,4.9,0.75,9.94,Road,Fog,Pharmaceuticals,Dubai,Hamburg,0,0.43860625234362455,Medium
1792.3,134.57,2.09,5.0,0.61,0.5,Air,Clear,Perishables,Busan,Antwerp,0,0.5618734209928969,Medium
11451.42,205.89,1.53,9.8,0.99,72.22,Sea,Storm,Pharmaceuticals,Busan,Marseille,1,0.9762332346058082,High
2351.85,449.4,2.36,9.5,0.92,3.12,Rail,Rain,Pharmaceuticals,Singapore,Marseille,0,0.649393641082858,High
12477.98,448.23,2.53,3.6,0.51,1.61,Air,Clear,Electronics,Shanghai,Antwerp,1,0.36983453022713597,Medium
11839.41,343.17,1.25,1.4,0.97,8.67,Rail,Clear,Perishables,Busan,Antwerp,0,0.15556275999598448,Low
10776.8,429.63,3.89,3.3,0.86,9.38,Rail,Clear,Textiles,Shanghai,Busan,0,0.2415764448201268,Low
1024.33,45.3,2.39,0.3,0.54,5.37,Sea,Storm,Electronics,Dubai,Singapore,1,0.564806567948969,Medium
4895.36,432.63,3.12,0.2,0.84,23.5,Road,Hurricane,Perishables,Busan,Los Angeles,1,0.9575669251486306,High
4315.13,160.99,1.44,4.0,0.82,3.42,Road,Rain,Textiles,Busan,Los Angeles,0,0.3287906249464326,Medium
5721.98,89.99,1.78,9.4,0.61,5.35,Road,Rain,Perishables,Rotterdam,Antwerp,0,0.6046453256266524,High
1770.82,120.45,4.14,8.7,0.88,1.61,Rail,Clear,Textiles,Hamburg,Rotterdam,0,0.6099240456595889,High
14085.89,209.57,3.21,5.1,0.54,84.27,Road,Hurricane,Automotive,Dubai,Antwerp,1,0.9981502835435201,High
8530.13,126.34,4.34,5.7,0.75,1.87,Air,Fog,Perishables,Rotterdam,Singapore,1,0.518879116186254,Medium
4930.1,160.96,4.5,0.1,0.51,9.65,Sea,Fog,Automotive,Shanghai,Hamburg,0,0.19659800012815856,Low
6256.23,68.35,2.43,2.2,0.98,4.98,Road,Rain,Perishables,Antwerp,Singapore,0,0.25033659322045665,Low
6984.44,148.79,2.19,0.2,0.88,2.04,Air,Hurricane,Perishables,Shanghai,Dubai,1,0.941553762927351,High
9208.62,286.57,4.03,7.5,0.58,11.11,Road,Fog,Electronics,Dubai,Singapore,1,0.6583511326956875,High
7977.35,221.49,4.5,1.5,0.67,40.91,Road,Hurricane,Perishables,Shanghai,Dubai,1,0.9838410646809164,High
13831.18,174.01,3.28,8.7,0.58,8.52,Air,Hurricane,Perishables,Hamburg,Marseille,1,0.9938161145058454,High
7705.97,373.48,3.82,6.4,0.88,1.89,Air,Storm,Automotive,Busan,Los Angeles,1,0.7798404690948595,High
14886.29,446.86,3.78,2.3,0.53,14.03,Rail,Rain,Electronics,Antwerp,Singapore,0,0.29288671719073345,Low
12845.66,378.64,2.37,1.6,0.92,19.54,Sea,Clear,Perishables,Antwerp,Dubai,1,0.1693343523030218,Low
3523.4,166.67,3.1,6.3,0.97,51.46,Sea,Hurricane,Textiles,Los Angeles,Antwerp,1,0.9953255570550686,High
13993.63,372.48,3.95,9.0,0.84,96.13,Road,Hurricane,Electronics,Los Angeles,Antwerp,1,0.999350475845833,High
2187.31,76.84,3.47,7.2,0.61,0.84,Road,Clear,Pharmaceuticals,Rotterdam,Singapore,1,0.5561312379286871,Medium
12353.02,66.03,1.27,3.5,0.68,25.63,Road,Storm,Textiles,Busan,Shanghai,1,0.814724109006067,High
6019.04,173.47,2.31,5.9,0.74,12.91,Sea,Rain,Automotive,Antwerp,Marseille,1,0.4325717825738592,Medium
13230.63,404.04,1.68,3.1,0.8,1.82,Air,Fog,Pharmaceuticals,Shanghai,Hamburg,0,0.32126709343244186,Medium
13086.82,123.93,1.97,10.0,0.83,218.0,Sea,Hurricane,Electronics,Dubai,Busan,1,0.999987860144687,High
12185.92,32.56,4.19,7.5,0.78,13.86,Rail,Rain,Automotive,Los Angeles,Antwerp,1,0.47825085378357785,Medium
11955.44,66.72,1.32,6.1,0.68,32.75,Sea,Fog,Electronics,Antwerp,Hamburg,0,0.5715260909592569,Medium
4917.85,429.51,1.93,4.2,0.95,5.19,Road,Fog,Electronics,Antwerp,Rotterdam,1,0.356050048400503,Medium
1673.33,317.26,2.22,6.2,0.54,4.97,Rail,Storm,Perishables,Dubai,Antwerp,1,0.8380871392582016,High
6343.21,127.35,3.24,3.4,0.73,11.3,Sea,Clear,Automotive,Los Angeles,Busan,1,0.23791778114777598,Low
3016.11,278.09,2.96,0.3,0.89,1.25,Air,Clear,Pharmaceuticals,Rotterdam,Los Angeles,0,0.19501995149592913,Low
10576.79,264.26,1.92,4.0,0.53,1.04,Air,Fog,Perishables,Shanghai,Rotterdam,0,0.4303155634338388,Medium
5518.45,328.06,1.74,9.3,0.85,0.8,Air,Fog,Electronics,Busan,Singapore,1,0.7474169473046929,High
14646.35,117.36,1.98,6.3,0.91,17.96,Road,Fog,Electronics,Shanghai,Hamburg,1,0.4454658400937391,Medium
9794.1,432.34,2.86,0.8,0.83,0.72,Air,Fog,Perishables,Busan,Hamburg,1,0.2468492222900596,Low
12425.97,155.37,2.09,8.8,0.51,25.23,Sea,Clear,Electronics,Dubai,Shanghai,0,0.6626173196025998,High
2421.61,347.37,4.33,2.7,0.59,0.58,Air,Hurricane,Pharmaceuticals,Shanghai,Los Angeles,1,0.975217295468489,High
12999.21,9.05,2.73,2.4,0.67,15.04,Rail,Fog,Pharmaceuticals,Busan,Hamburg,1,0.2998306201805115,Low
13879.98,186.96,1.39,3.0,0.62,17.18,Rail,Fog,Automotive,Rotterdam,Dubai,1,0.2783770717425462,Low
7562.4,176.5,3.61,5.8,0.98,0.5,Air,Fog,Electronics,Hamburg,Antwerp,1,0.4997183756638953,Medium
9290.67,272.2,2.29,5.4,0.83,0.67,Air,Rain,Textiles,Antwerp,Singapore,0,0.5256558323446426,Medium
11589.74,37.3,3.36,4.9,0.65,79.42,Rail,Hurricane,Automotive,Shanghai,Hamburg,1,0.9972893296367291,High
3035.16,395.28,2.12,7.2,0.97,20.64,Road,Hurricane,Pharmaceuticals,Shanghai,Dubai,1,0.9903609461822975,High
7787.21,109.67,3.08,3.2,0.87,15.66,Sea,Rain,Automotive,Antwerp,Hamburg,1,0.24323789191087675,Low
6280.61,338.84,3.75,7.8,0.64,7.89,Road,Fog,Pharmaceuticals,Dubai,Hamburg,1,0.6396859787267424,High
2622.42,401.8,4.26,1.8,0.69,5.01,Sea,Rain,Electronics,Busan,Singapore,0,0.2366740854741059,Low
5829.25,281.38,2.06,7.8,0.6,7.44,Road,Fog,Textiles,Singapore,Shanghai,1,0.7168376438910655,High
1488.5,370.7,2.31,6.6,0.99,22.72,Sea,Hurricane,Textiles,Shanghai,Hamburg,1,0.9877015462549773,High
874.27,331.27,2.73,6.8,0.76,0.5,Air,Hurricane,Pharmaceuticals,Los Angeles,Dubai,1,0.9912164742313556,High
2459.91,178.41,4.26,4.8,0.95,0.84,Air,Storm,Textiles,Rotterdam,Hamburg,1,0.7857539178716783,High
14465.17,404.62,4.17,6.7,0.67,27.33,Sea,Clear,Pharmaceuticals,Singapore,Rotterdam,1,0.4927789916532098,Medium
8468.18,148.06,1.5,0.8,0.93,12.84,Sea,Clear,Automotive,Rotterdam,Busan,0,0.09772890934995866,Low
14504.42,286.04,1.64,8.5,0.53,0.5,Air,Fog,Textiles,Rotterdam,Busan,1,0.5900823899810057,Medium
6771.22,372.95,2.84,0.6,0.99,11.3,Sea,Rain,Automotive,Busan,Singapore,0,0.14854958356060835,Low
5021.33,190.1,1.55,1.5,0.96,4.31,Road,Fog,Textiles,Hamburg,Busan,0,0.2509595381598145,Low
7839.06,152.08,2.34,5.8,0.68,21.12,Sea,Fog,Electronics,Antwerp,Singapore,0,0.5530172306887872,Medium
6872.92,230.21,1.69,7.4,0.89,0.5,Air,Rain,Pharmaceuticals,Busan,Marseille,1,0.5958213231482015,Medium
2032.14,409.16,3.3,0.8,0.88,9.02,Road,Hurricane,Electronics,Los Angeles,Singapore,1,0.9625055202462278,High
9791.98,465.03,4.33,9.2,0.95,1.98,Air,Rain,Electronics,Los Angeles,Dubai,0,0.6054138241306395,High
3632.55,273.0,4.49,9.7,0.65,4.81,Rail,Rain,Automotive,Dubai,Busan,1,0.6070613286451,High
9484.03,331.07,2.44,6.1,0.73,1.03,Air,Fog,Electronics,Hamburg,Los Angeles,1,0.509028440585375,Medium
9927.92,451.73,3.18,4.8,0.93,11.18,Road,Fog,Perishables,Hamburg,Antwerp,0,0.4074715870619603,Medium
2704.36,50.17,4.03,7.4,0.89,3.38,Road,Fog,Textiles,Antwerp,Singapore,0,0.6490309585156165,High
1389.57,116.81,1.59,3.3,0.7,2.18,Rail,Fog,Electronics,Dubai,Shanghai,0,0.3929590717448284,Medium
11821.04,354.74,3.48,4.9,0.92,69.86,Road,Hurricane,Electronics,Shanghai,Hamburg,1,0.9957246548710734,High
7167.11,412.05,2.55,9.2,0.52,116.21,Sea,Hurricane,Automotive,Singapore,Dubai,1,0.9997475875685994,High
1343.38,428.66,1.88,9.6,0.89,0.5,Air,Clear,Pharmaceuticals,Antwerp,Shanghai,1,0.7657292937576075,High
14925.56,208.14,2.53,9.3,0.6,8.58,Air,Hurricane,Electronics,Rotterdam,Busan,1,0.9889158900477171,High
1337.82,45.58,1.45,2.6,0.64,1.72,Road,Rain,Pharmaceuticals,Hamburg,Rotterdam,0,0.33799514095613087,Medium
10578.01,219.45,3.49,2.3,0.75,24.38,Sea,Fog,Electronics,Singapore,Hamburg,0,0.3118044561992468,Medium
14763.34,116.14,2.03,3.0,0.73,18.18,Rail,Fog,Automotive,Dubai,Hamburg,0,0.30515994725527856,Medium
3968.11,146.31,2.23,4.4,0.76,3.42,Rail,Clear,Electronics,Singapore,Hamburg,0,0.3567520202786396,Medium
2562.62,386.36,1.6,3.1,0.77,3.91,Rail,Fog,Perishables,Singapore,Busan,0,0.31536512068632905,Medium
2260.08,38.69,4.05,3.7,0.67,10.66,Sea,Storm,Perishables,Dubai,Rotterdam,1,0.6810524807695018,High
4897.49,413.96,2.83,6.2,0.59,0.5,Air,Rain,Automotive,Shanghai,Los Angeles,0,0.5118745352881725,Medium
1965.16,214.41,3.09,7.6,0.88,1.81,Rail,Rain,Textiles,Hamburg,Rotterdam,0,0.5456366824874042,Medium
10536.34,298.44,3.08,7.4,0.7,160.19,Sea,Hurricane,Perishables,Singapore,Rotterdam,1,0.9998922947819239,High
1403.23,45.74,2.55,8.1,0.75,1.59,Air,Hurricane,Automotive,Los Angeles,Singapore,1,0.994139430886474,High
7886.62,169.34,1.84,0.3,0.82,38.96,Road,Hurricane,Perishables,Antwerp,Los Angeles,1,0.9727730255355252,High
14952.1,45.76,3.66,0.5,0.96,83.89,Rail,Hurricane,Pharmaceuticals,Antwerp,Shanghai,1,0.9929053788584181,High
12302.57,480.81,1.62,7.9,0.85,23.96,Sea,Clear,Pharmaceuticals,Dubai,Singapore,1,0.5623676925788159,Medium
9420.68,403.82,1.54,5.3,0.52,23.25,Sea,Fog,Textiles,Antwerp,Rotterdam,0,0.557975079013294,Medium
4940.68,230.36,3.54,5.8,0.92,11.77,Road,Storm,Automotive,Antwerp,Busan,1,0.7595056286636584,High
9546.49,112.58,1.89,0.5,1.0,54.99,Rail,Hurricane,Pharmaceuticals,Antwerp,Dubai,1,0.98238249094812,High
8142.1,466.79,2.21,2.6,0.74,50.99,Rail,Hurricane,Automotive,Antwerp,Singapore,1,0.9917446587983473,High
6678.21,172.95,2.77,6.4,0.99,14.72,Sea,Rain,Textiles,Los Angeles,Marseille,0,0.4688883754359644,Medium
2395.3,81.33,2.68,8.6,0.77,0.57,Air,Storm,Electronics,Rotterdam,Singapore,1,0.9054942945962599,High
13355.76,282.02,3.54,9.2,0.73,92.37,Road,Hurricane,Electronics,Busan,Hamburg,1,0.9993411836034105,High
7021.88,471.94,3.26,5.0,0.67,3.87,Air,Hurricane,Electronics,Rotterdam,Hamburg,1,0.9809696380460924,High
3322.03,2.91,3.33,5.5,0.83,2.82,Rail,Clear,Automotive,Los Angeles,Singapore,1,0.43081759553450033,Medium
5832.51,119.82,3.56,8.3,0.62,14.23,Sea,Rain,Electronics,Antwerp,Dubai,0,0.5641694253285023,Medium
6504.88,469.29,2.17,5.4,0.55,14.68,Road,Storm,Electronics,Dubai,Singapore,0,0.8618805646954244,High
12499.3,86.37,2.26,5.2,0.51,27.66,Road,Storm,Automotive,Antwerp,Los Angeles,1,0.8275715934968194,High
11137.41,57.51,2.65,9.1,0.65,178.98,Sea,Hurricane,Perishables,Rotterdam,Dubai,1,0.9999515624644477,High
11654.92,285.52,2.21,7.9,0.7,0.5,Air,Fog,Perishables,Hamburg,Shanghai,1,0.6508560702908914,High
659.95,431.06,4.45,9.1,0.78,1.51,Road,Fog,Automotive,Rotterdam,Shanghai,1,0.6446989536213525,High
6534.23,239.08,3.89,2.2,0.65,6.24,Road,Fog,Pharmaceuticals,Rotterdam,Busan,0,0.24790598917458148,Low
7479.49,497.29,1.74,5.2,0.99,0.76,Air,Rain,Perishables,Singapore,Shanghai,0,0.44583695113623084,Medium
778.29,339.91,1.22,8.4,0.65,0.98,Air,Fog,Textiles,Shanghai,Marseille,1,0.8133892040949027,High
4267.29,37.96,1.34,1.1,0.72,18.49,Sea,Storm,Textiles,Singapore,Los Angeles,0,0.6063888892837503,High
11524.2,496.42,2.01,7.9,0.55,178.61,Sea,Hurricane,Perishables,Rotterdam,Los Angeles,1,0.9999325931645219,High
2488.09,204.54,1.58,1.8,0.63,0.5,Air,Fog,Electronics,Busan,Dubai,0,0.40848423065683137,Medium
8262.0,144.41,2.96,8.1,0.52,24.18,Sea,Fog,Automotive,Antwerp,Dubai,1,0.667815703446947,High
3620.43,279.38,4.03,6.1,0.78,9.39,Road,Storm,Perishables,Rotterdam,Antwerp,1,0.789461761623022,High
675.75,152.85,3.63,1.9,0.88,0.82,Air,Clear,Pharmaceuticals,Shanghai,Marseille,0,0.38619071995262083,Medium
3997.42,44.14,1.91,4.7,0.6,55.24,Sea,Hurricane,Textiles,Rotterdam,Antwerp,1,0.9946437876637338,High
14650.17,1.71,2.52,6.8,0.68,1.95,Air,Rain,Automotive,Antwerp,Hamburg,0,0.4681244607650597,Medium
12122.29,225.34,2.88,6.3,0.51,88.6,Rail,Hurricane,Automotive,Busan,Rotterdam,1,0.9987129915077428,High
14413.86,418.59,3.87,4.3,0.92,31.39,Road,Storm,Electronics,Antwerp,Singapore,1,0.8065594318409005,High
7573.88,286.59,3.97,9.0,0.89,4.42,Air,Hurricane,Pharmaceuticals,Rotterdam,Dubai,1,0.9899737817523026,High
2091.17,499.6,4.2,5.2,0.53,1.18,Rail,Clear,Textiles,Busan,Dubai,0,0.48806578134350026,Medium
8445.41,144.14,2.88,5.1,0.68,19.5,Road,Storm,Electronics,Antwerp,Dubai,1,0.8179753725787361,High
7088.47,140.95,3.49,0.6,0.98,4.62,Road,Clear,Perishables,Busan,Antwerp,0,0.1582876406829875,Low
12743.18,80.71,1.57,9.2,0.7,0.98,Air,Clear,Perishables,Antwerp,Dubai,1,0.6202460296340815,High
1922.2,82.87,3.07,1.8,0.76,3.74,Road,Storm,Automotive,Dubai,Busan,1,0.5743653848562346,Medium
7579.5,143.31,2.02,5.3,0.68,0.5,Air,Clear,Electronics,Los Angeles,Hamburg,1,0.4916875844009805,Medium
2675.71,396.63,2.62,8.0,0.8,0.5,Air,Fog,Pharmaceuticals,Rotterdam,Singapore,1,0.6985094446370265,High
5207.8,452.97,3.29,2.2,0.99,8.18,Sea,Clear,Pharmaceuticals,Antwerp,Rotterdam,0,0.1811377370744418,Low
11191.68,487.57,2.05,5.3,1.0,0.84,Air,Fog,Textiles,Singapore,Dubai,0,0.4603512748947523,Medium
7402.26,116.91,1.37,2.4,0.89,17.17,Rail,Storm,Automotive,Busan,Singapore,0,0.6749114257890276,High
5950.38,440.77,1.23,7.6,0.7,7.28,Road,Fog,Textiles,Los Angeles,Hamburg,1,0.6593689498312174,High
6219.91,164.8,1.27,5.6,0.75,88.27,Sea,Hurricane,Perishables,Hamburg,Rotterdam,1,0.998326400510185,High
7161.98,57.31,1.23,8.6,0.68,56.33,Rail,Hurricane,Textiles,Antwerp,Singapore,1,0.9986313471452606,High
11882.74,435.14,1.56,8.9,0.99,0.5,Air,Rain,Electronics,Dubai,Shanghai,0,0.5687866074669023,Medium
13435.23,318.42,1.99,6.5,0.85,84.66,Road,Hurricane,Automotive,Singapore,Los Angeles,1,0.9979664851258615,High
14352.35,83.2,1.93,7.3,0.72,27.47,Sea,Clear,Automotive,Singapore,Dubai,1,0.49722715296194747,Medium
11910.1,215.49,4.46,5.5,0.51,10.02,Road,Rain,Automotive,Busan,Dubai,1,0.4138918873363317,Medium
5073.4,144.34,2.21,3.8,0.76,28.79,Road,Hurricane,Pharmaceuticals,Dubai,Los Angeles,1,0.9850912057710314,High
10477.95,368.66,1.62,6.5,0.99,24.91,Road,Storm,Perishables,Shanghai,Antwerp,1,0.8264201503226527,High
6845.25,227.25,3.0,9.1,0.76,20.24,Sea,Fog,Electronics,Busan,Singapore,0,0.6964376931290012,High
4192.72,494.65,4.03,4.2,0.59,9.76,Road,Storm,Textiles,Shanghai,Rotterdam,1,0.798908980978621,High
12692.64,28.32,3.44,3.1,0.51,8.55,Road,Clear,Perishables,Rotterdam,Antwerp,0,0.25787477511151985,Low
1057.18,178.15,2.18,3.9,0.68,13.98,Sea,Hurricane,Pharmaceuticals,Hamburg,Shanghai,1,0.9805292160175574,High
13575.55,241.47,3.05,4.4,0.96,78.64,Road,Hurricane,Pharmaceuticals,Busan,Shanghai,1,0.9968037535928455,High
7191.42,252.06,3.56,0.7,1.0,5.77,Road,Fog,Perishables,Shanghai,Los Angeles,0,0.15297677561454792,Low
9739.42,158.65,3.6,5.0,0.97,1.14,Air,Clear,Electronics,Shanghai,Antwerp,0,0.36317810497213243,Medium
10060.63,364.89,3.4,4.9,0.87,6.99,Road,Clear,Pharmaceuticals,Los Angeles,Shanghai,1,0.3747736704551756,Medium
13479.21,437.5,4.07,5.9,0.78,2.61,Air,Storm,Automotive,Busan,Singapore,1,0.792597970728638,High
9731.71,469.42,4.07,3.6,0.8,128.04,Sea,Hurricane,Automotive,Shanghai,Busan,1,0.9989371282098817,High
9402.04,402.74,3.11,6.1,0.77,13.53,Rail,Fog,Perishables,Hamburg,Busan,0,0.46912201936457015,Medium
1466.45,425.44,2.62,8.8,0.85,2.39,Sea,Clear,Automotive,Singapore,Dubai,0,0.4971402890647106,Medium
8016.92,275.72,3.32,9.6,0.71,6.83,Road,Clear,Automotive,Dubai,Hamburg,1,0.6247548217983165,High
2677.45,413.12,3.9,5.8,0.84,1.23,Air,Storm,Perishables,Singapore,Los Angeles,1,0.821151608407485,High
11192.79,152.45,1.22,0.4,0.56,16.11,Sea,Clear,Perishables,Busan,Hamburg,0,0.17472725499991287,Low
7927.22,199.84,4.47,9.7,0.63,0.95,Air,Clear,Perishables,Busan,Los Angeles,1,0.6743560661846685,High
10363.3,159.14,1.8,7.1,0.92,5.32,Air,Hurricane,Pharmaceuticals,Busan,Dubai,1,0.9859119136193615,High
1104.26,234.23,2.75,3.4,0.95,0.5,Air,Rain,Electronics,Dubai,Los Angeles,1,0.35505252456912434,Medium
1729.48,143.5,4.08,1.5,0.77,3.78,Rail,Storm,Automotive,Antwerp,Dubai,0,0.5738610499319702,Medium
10886.69,480.84,1.94,1.4,0.52,23.88,Rail,Storm,Electronics,Dubai,Los Angeles,1,0.6521089879117107,High
1545.22,157.11,2.77,1.7,0.96,0.5,Air,Hurricane,Perishables,Hamburg,Busan,1,0.9627365811736094,High
1533.22,49.92,1.64,0.5,0.85,2.36,Sea,Rain,Electronics,Hamburg,Dubai,0,0.1458259763600951,Low
675.57,263.88,2.5,9.0,0.71,5.35,Road,Hurricane,Electronics,Rotterdam,Shanghai,1,0.9916213818374108,High
14369.27,29.49,1.78,5.4,0.8,19.04,Rail,Fog,Perishables,Singapore,Los Angeles,0,0.3951053107362344,Medium
11193.87,56.16,2.4,7.0,0.72,168.59,Sea,Hurricane,Pharmaceuticals,Hamburg,Busan,1,0.9999026944626473,High
5622.15,110.48,2.43,8.3,0.73,8.37,Rail,Fog,Electronics,Hamburg,Antwerp,1,0.6376170868652277,High
4799.77,232.71,4.48,7.9,0.94,11.58,Road,Storm,Textiles,Singapore,Dubai,1,0.8794872307874133,High
5570.7,217.19,4.48,8.8,0.58,17.37,Sea,Fog,Perishables,Busan,Shanghai,0,0.6992716838461992,High
11732.48,400.05,1.58,9.7,0.55,12.19,Rail,Clear,Electronics,Rotterdam,Dubai,1,0.590455122843259,Medium
10089.87,370.0,3.6,4.4,0.5,9.27,Road,Rain,Automotive,Singapore,Shanghai,0,0.42705814165842937,Medium
3185.34,213.73,1.37,9.5,0.66,0.5,Air,Clear,Perishables,Hamburg,Dubai,0,0.7593009389536377,High
3024.59,167.52,1.3,7.2,0.57,7.38,Sea,Rain,Automotive,Singapore,Busan,0,0.4554220547698704,Medium
1926.74,158.92,1.55,0.7,0.61,1.37,Air,Hurricane,Perishables,Hamburg,Los Angeles,1,0.9670428120385931,High
10074.39,387.22,4.39,6.8,0.51,22.66,Sea,Rain,Textiles,Busan,Marseille,1,0.6183091973999117,High
11583.4,26.98,4.3,6.9,0.61,0.5,Air,Clear,Pharmaceuticals,Shanghai,Antwerp,1,0.5282100658667669,Medium
4343.17,7.4,1.84,9.1,0.67,4.36,Rail,Clear,Perishables,Rotterdam,Los Angeles,0,0.5175061816331837,Medium
803.7,397.98,1.73,3.7,0.52,0.87,Road,Clear,Electronics,Shanghai,Rotterdam,0,0.38437733883373565,Medium
1691.49,239.1,1.99,5.8,0.8,1.68,Road,Rain,Pharmaceuticals,Hamburg,Los Angeles,0,0.4283959000257047,Medium
14533.97,66.31,2.9,0.1,0.78,61.23,Sea,Storm,Electronics,Hamburg,Antwerp,1,0.7623462257054969,High
4783.95,118.55,3.08,3.3,0.55,4.38,Rail,Clear,Perishables,Rotterdam,Marseille,0,0.32507593217554925,Medium
11653.74,466.32,1.93,0.6,0.8,0.5,Air,Clear,Automotive,Hamburg,Marseille,0,0.2336615950066366,Low
9557.62,429.89,3.7,5.2,1.0,56.81,Road,Hurricane,Automotive,Hamburg,Marseille,1,0.9953360866106561,High
6038.12,355.18,2.22,8.2,0.97,8.84,Rail,Fog,Pharmaceuticals,Hamburg,Dubai,1,0.5830255098759084,Medium
3482.47,241.63,4.24,2.1,0.5,5.17,Sea,Clear,Textiles,Singapore,Dubai,1,0.29113118704962876,Low
2260.1,260.64,3.37,5.3,0.9,0.62,Air,Fog,Electronics,Shanghai,Marseille,0,0.5666769487072467,Medium
9417.69,487.65,2.64,2.0,0.68,1.08,Air,Storm,Pharmaceuticals,Rotterdam,Shanghai,0,0.6417120263161439,High
11732.19,482.92,3.81,1.2,0.53,21.24,Sea,Rain,Perishables,Rotterdam,Antwerp,0,0.19484606508010444,Low
9836.61,108.42,3.9,5.1,0.65,69.29,Rail,Hurricane,Automotive,Busan,Antwerp,1,0.9968143812793543,High
8189.38,405.74,2.16,0.8,0.66,11.82,Sea,Clear,Electronics,Dubai,Rotterdam,1,0.1696711098018238,Low
1108.29,99.42,2.32,5.9,0.76,0.5,Air,Fog,Automotive,Rotterdam,Busan,0,0.5138348036925081,Medium
14543.09,107.56,4.29,0.3,0.83,69.95,Road,Hurricane,Textiles,Hamburg,Los Angeles,1,0.9896534511791586,High
12081.36,338.37,1.74,1.1,0.88,26.24,Rail,Storm,Automotive,Los Angeles,Rotterdam,0,0.5896084950646109,Medium
4745.92,203.1,1.34,5.5,0.62,4.84,Rail,Rain,Perishables,Busan,Marseille,0,0.46872122619153866,Medium
14709.57,465.84,2.7,5.9,0.66,1.91,Air,Rain,Pharmaceuticals,Rotterdam,Singapore,0,0.43619603416805175,Medium
9227.28,45.42,3.84,0.3,0.65,7.76,Rail,Rain,Perishables,Singapore,Rotterdam,0,0.17292372270839645,Low
8945.13,256.25,3.75,5.7,0.68,8.93,Rail,Rain,Electronics,Dubai,Shanghai,1,0.4362335864674538,Medium
11347.06,459.34,4.23,8.4,1.0,26.97,Sea,Rain,Pharmaceuticals,Shanghai,Antwerp,1,0.5226171468597026,Medium
12270.66,452.15,2.96,7.2,0.89,35.21,Sea,Fog,Textiles,Rotterdam,Hamburg,1,0.5902492104288899,Medium
10018.94,79.11,1.53,1.3,0.99,59.3,Rail,Hurricane,Pharmaceuticals,Rotterdam,Busan,1,0.98089035571011,High
2357.39,183.95,3.14,5.9,0.85,3.28,Rail,Rain,Automotive,Busan,Shanghai,0,0.42971437338343094,Medium
5404.88,309.94,3.77,6.7,0.7,4.69,Road,Clear,Automotive,Antwerp,Rotterdam,1,0.48274264389476057,Medium
13957.21,80.54,1.51,0.4,0.7,67.18,Road,Hurricane,Perishables,Antwerp,Singapore,1,0.9915222761897786,High
3756.93,484.04,1.77,8.6,0.74,7.17,Sea,Clear,Textiles,Los Angeles,Antwerp,1,0.5910681643500736,Medium
5896.42,457.46,1.24,9.1,0.71,7.76,Road,Fog,Perishables,Busan,Singapore,1,0.7181812132443742,High
6765.11,84.31,3.16,8.5,0.91,15.24,Sea,Rain,Pharmaceuticals,Rotterdam,Marseille,0,0.5008034788357978,Medium
6871.37,61.46,4.13,8.2,0.73,6.91,Rail,Clear,Perishables,Los Angeles,Shanghai,0,0.5821001027056918,Medium
9387.62,43.62,3.41,7.4,0.65,0.5,Air,Clear,Pharmaceuticals,Dubai,Rotterdam,1,0.5772439213282153,Medium
14174.6,454.81,4.44,6.3,0.89,1.97,Air,Fog,Textiles,Singapore,Antwerp,0,0.5176823138866613,Medium
3990.04,97.62,1.41,6.8,0.93,4.27,Road,Rain,Textiles,Hamburg,Antwerp,0,0.5269832926604636,Medium
2261.77,208.73,4.18,8.1,0.71,2.14,Road,Clear,Automotive,Shanghai,Dubai,0,0.5569103311199749,Medium
3363.32,224.98,3.89,6.6,0.83,2.86,Road,Rain,Electronics,Singapore,Rotterdam,1,0.46284676792321167,Medium
13360.41,299.91,2.24,3.3,0.53,27.85,Road,Storm,Perishables,Rotterdam,Antwerp,0,0.7519579631809712,High
9864.26,36.8,4.41,3.8,0.77,0.5,Air,Rain,Perishables,Busan,Los Angeles,1,0.3044454606785721,Medium
4645.65,114.15,2.15,9.0,0.52,0.5,Air,Fog,Perishables,Antwerp,Hamburg,1,0.7726031179216981,High
12331.23,465.81,4.13,0.2,0.52,25.74,Sea,Fog,Automotive,Busan,Shanghai,1,0.2629003271960202,Low
12989.86,454.3,4.11,7.0,0.81,12.87,Road,Rain,Pharmaceuticals,Hamburg,Dubai,0,0.4797245308016337,Medium
12774.46,390.86,3.7,9.5,0.65,39.34,Rail,Storm,Electronics,Busan,Dubai,1,0.9437122759953502,High
13824.43,10.68,3.06,7.1,0.87,89.8,Road,Hurricane,Perishables,Los Angeles,Shanghai,1,0.9988744990728675,High
4157.49,164.18,1.6,9.9,0.95,13.35,Sea,Fog,Perishables,Antwerp,Singapore,1,0.6812768185277832,High
11448.11,314.35,2.96,6.9,0.57,64.43,Sea,Storm,Pharmaceuticals,Antwerp,Shanghai,1,0.9613128410200973,High
7177.82,138.32,2.38,0.3,0.86,4.41,Road,Rain,Pharmaceuticals,Busan,Dubai,0,0.16036368575463036,Low
12708.98,454.88,3.81,8.3,0.76,15.9,Road,Fog,Perishables,Hamburg,Busan,1,0.5919275182792078,Medium
11063.11,317.31,3.7,2.8,0.56,22.03,Road,Storm,Electronics,Rotterdam,Antwerp,1,0.705995541127514,High
11758.49,36.88,4.21,4.5,0.83,8.47,Road,Clear,Pharmaceuticals,Antwerp,Busan,0,0.2851963694705316,Low
10014.35,454.59,1.25,3.1,0.81,1.46,Air,Storm,Automotive,Singapore,Antwerp,1,0.6787132845999365,High
3072.72,478.93,3.87,2.7,0.76,2.92,Road,Fog,Pharmaceuticals,Hamburg,Marseille,0,0.402070777199228,Medium
8402.89,39.78,4.3,4.3,0.96,6.61,Road,Clear,Textiles,Busan,Marseille,0,0.37210455616686927,Medium
14777.71,266.65,3.8,3.8,0.76,2.98,Air,Storm,Perishables,Antwerp,Rotterdam,0,0.6670223558881198,High
14092.13,152.38,1.63,6.3,1.0,3.4,Air,Storm,Perishables,Dubai,Rotterdam,1,0.7373951954220641,High
1126.02,197.03,1.47,8.1,0.76,0.85,Rail,Fog,Perishables,Singapore,Shanghai,1,0.6349305169115372,High
2889.81,90.65,1.27,3.0,0.56,1.41,Air,Hurricane,Pharmaceuticals,Shanghai,Rotterdam,1,0.9801345328845406,High
2410.07,289.46,3.27,2.1,0.74,5.25,Road,Storm,Automotive,Dubai,Singapore,1,0.6852277985148919,High
11026.71,479.03,3.28,6.7,0.59,31.39,Sea,Fog,Textiles,Antwerp,Dubai,1,0.6668453023767493,High
12357.89,252.03,4.46,6.7,0.8,16.41,Rail,Fog,Pharmaceuticals,Hamburg,Busan,1,0.4883793382996746,Medium
3595.91,42.37,2.51,9.0,0.85,21.56,Sea,Storm,Pharmaceuticals,Dubai,Antwerp,1,0.8949044883276012,High
7834.86,310.38,2.3,0.2,0.73,5.22,Road,Clear,Textiles,Hamburg,Dubai,0,0.21802839198771923,Low
12690.19,170.77,3.26,8.5,0.55,1.32,Air,Fog,Perishables,Hamburg,Busan,1,0.6388315284124432,High
11125.62,428.11,3.92,5.2,0.73,5.39,Air,Hurricane,Textiles,Shanghai,Rotterdam,1,0.9831794722742935,High
8362.44,217.9,4.29,6.2,0.54,10.64,Rail,Fog,Perishables,Hamburg,Marseille,0,0.5975628634491998,Medium
9060.04,97.23,3.85,0.9,0.84,15.32,Sea,Rain,Textiles,Antwerp,Shanghai,0,0.20989406117468803,Low
7871.23,96.36,2.61,4.3,0.9,19.1,Rail,Storm,Electronics,Busan,Los Angeles,1,0.6977863777738231,High
4814.45,384.61,3.3,2.3,0.98,22.37,Sea,Storm,Perishables,Los Angeles,Hamburg,0,0.6323001614220464,High
8692.82,133.53,4.03,2.5,0.57,20.86,Rail,Storm,Electronics,Los Angeles,Busan,1,0.6993532723610452,High
10488.84,383.85,2.82,5.0,0.77,22.82,Road,Storm,Automotive,Dubai,Marseille,0,0.8248295311297748,High
13163.18,103.74,1.92,8.1,0.78,13.35,Road,Rain,Textiles,Rotterdam,Singapore,0,0.5594427678413979,Medium
9726.22,161.52,1.76,7.4,0.96,28.22,Rail,Storm,Textiles,Dubai,Antwerp,1,0.8894658100574686,High
11536.26,233.28,1.2,5.9,0.81,26.69,Road,Storm,Perishables,Singapore,Hamburg,1,0.8464284014323913,High
2821.04,471.65,3.57,5.4,0.57,4.17,Sea,Clear,Textiles,Singapore,Dubai,1,0.440151876580409,Medium
7192.58,465.93,1.57,4.3,0.72,36.57,Sea,Storm,Pharmaceuticals,Shanghai,Antwerp,1,0.8262243402783088,High
635.31,104.23,2.0,9.7,0.83,1.94,Sea,Fog,Pharmaceuticals,Singapore,Dubai,1,0.6140394308926963,High
4076.84,179.75,2.18,5.6,0.85,0.5,Air,Fog,Electronics,Antwerp,Rotterdam,1,0.5384864922260448,Medium
11033.69,75.55,3.05,2.5,0.93,68.81,Rail,Hurricane,Automotive,Shanghai,Rotterdam,1,0.9912446692209381,High
14881.24,255.48,2.51,2.3,0.59,6.96,Air,Hurricane,Automotive,Shanghai,Singapore,1,0.9686180187822802,High
1938.08,230.83,3.43,6.1,0.98,2.89,Rail,Fog,Pharmaceuticals,Busan,Los Angeles,0,0.4075623022371302,Medium
6321.67,450.48,1.38,5.2,0.53,17.81,Rail,Storm,Automotive,Dubai,Antwerp,1,0.8339616510549078,High
12101.03,465.07,1.61,0.1,0.99,67.54,Rail,Hurricane,Electronics,Los Angeles,Hamburg,1,0.9861131025126647,High
3458.52,192.4,2.85,8.3,0.93,4.83,Rail,Rain,Automotive,Hamburg,Dubai,1,0.5247650325628437,Medium
8548.73,246.38,2.31,7.0,0.83,1.98,Air,Storm,Electronics,Hamburg,Shanghai,1,0.8610187506036938,High
11129.53,448.22,2.18,6.6,0.87,70.49,Road,Hurricane,Textiles,Los Angeles,Dubai,1,0.9979847943564125,High
9431.79,403.55,1.42,0.7,0.54,7.04,Road,Rain,Textiles,Singapore,Hamburg,0,0.26078582919558074,Low
3226.36,2.82,4.16,3.6,0.52,6.19,Road,Storm,Pharmaceuticals,Singapore,Rotterdam,1,0.7649192392499999,High
5653.08,160.71,3.48,9.4,0.55,3.61,Air,Hurricane,Perishables,Shanghai,Marseille,1,0.9953874016951312,High
11864.98,211.47,1.6,8.6,0.54,0.5,Air,Rain,Pharmaceuticals,Singapore,Hamburg,0,0.6479779678836448,High
8536.28,115.63,1.41,2.9,0.77,19.89,Rail,Storm,Textiles,Los Angeles,Hamburg,1,0.7486376159708877,High
575.83,100.59,4.42,1.6,0.61,3.51,Rail,Hurricane,Perishables,Shanghai,Busan,1,0.9518408056223985,High
11534.37,19.85,3.45,4.5,0.93,1.7,Air,Fog,Electronics,Shanghai,Busan,0,0.3242929820987658,Medium
1012.01,322.04,2.58,3.6,0.72,0.79,Air,Rain,Automotive,Shanghai,Los Angeles,0,0.396752603977529,Medium
11313.14,131.99,3.52,6.8,0.85,1.07,Air,Fog,Textiles,Rotterdam,Marseille,1,0.5520275480534248,Medium
3435.97,27.12,3.7,9.7,0.83,5.39,Rail,Fog,Perishables,Antwerp,Hamburg,0,0.6713719193832803,High
14392.07,116.26,3.77,3.6,0.66,12.64,Road,Rain,Perishables,Rotterdam,Hamburg,1,0.2539867250060101,Low
5835.14,401.16,2.78,0.6,0.62,0.5,Air,Fog,Automotive,Shanghai,Marseille,0,0.3339130156522551,Medium
5240.51,425.89,2.62,9.0,0.67,0.8,Air,Fog,Electronics,Rotterdam,Los Angeles,1,0.6538606997419374,High
2658.88,242.05,1.24,0.4,0.9,10.87,Sea,Storm,Automotive,Hamburg,Marseille,0,0.5181438279284073,Medium
4931.26,208.62,4.26,9.5,0.79,40.36,Rail,Hurricane,Pharmaceuticals,Hamburg,Rotterdam,1,0.9972714333924296,High
13211.44,488.95,3.19,6.6,0.63,31.2,Road,Storm,Automotive,Busan,Shanghai,1,0.8931253470253164,High
14946.85,101.08,1.87,9.4,0.91,1.59,Air,Rain,Perishables,Shanghai,Los Angeles,0,0.4900451739194081,Medium
5840.49,108.46,4.23,2.0,0.53,5.63,Rail,Rain,Perishables,Busan,Rotterdam,0,0.26158731309723504,Low
7004.85,146.64,4.22,0.4,0.85,10.37,Sea,Clear,Electronics,Hamburg,Singapore,0,0.17449179144010946,Low
10970.03,87.21,4.46,4.9,0.72,14.39,Rail,Fog,Perishables,Antwerp,Singapore,1,0.47483457985119765,Medium
13349.84,190.3,4.08,4.5,0.87,1.36,Air,Fog,Textiles,Dubai,Los Angeles,0,0.37355373413444426,Medium
9099.14,455.51,4.49,3.3,0.96,23.03,Rail,Storm,Textiles,Hamburg,Singapore,1,0.7877970424329457,High
6177.12,308.06,2.01,9.6,0.88,42.74,Road,Hurricane,Perishables,Rotterdam,Busan,1,0.995946001541623,High
6483.02,206.56,3.98,8.2,0.72,1.56,Air,Fog,Perishables,Shanghai,Singapore,1,0.710428822330847,High
10586.46,467.27,3.92,6.6,0.58,9.64,Rail,Clear,Automotive,Hamburg,Dubai,0,0.47655083510552454,Medium
546.66,25.18,1.96,1.6,0.9,3.1,Road,Hurricane,Automotive,Singapore,Los Angeles,1,0.9456544047467006,High
9484.05,105.93,1.52,7.3,0.73,5.24,Air,Hurricane,Automotive,Antwerp,Hamburg,1,0.9888844798611053,High
5654.65,283.38,4.43,7.3,0.54,0.85,Air,Storm,Pharmaceuticals,Antwerp,Marseille,1,0.9102217504372379,High
12015.86,308.16,2.18,4.3,0.86,10.65,Road,Rain,Perishables,Dubai,Busan,0,0.26879216754586,Low
1848.36,20.74,4.07,9.2,0.65,0.69,Air,Rain,Electronics,Singapore,Rotterdam,1,0.7426028659387537,High
9028.93,202.12,1.21,1.7,0.52,1.0,Air,Fog,Textiles,Hamburg,Busan,0,0.3839546743324893,Medium
7474.11,324.93,1.27,2.7,0.95,46.8,Rail,Hurricane,Electronics,Hamburg,Marseille,1,0.9896423036411826,High
9813.72,349.34,2.74,0.6,0.74,58.05,Rail,Hurricane,Pharmaceuticals,Rotterdam,Shanghai,1,0.98656265868983,High
1440.38,319.43,1.99,8.0,0.64,3.95,Sea,Rain,Textiles,Busan,Shanghai,1,0.589773468850355,Medium
8909.76,160.96,3.48,6.2,0.86,2.29,Air,Storm,Automotive,Shanghai,Busan,1,0.7574759673684753,High
8641.53,47.67,3.07,3.1,0.94,41.5,Sea,Storm,Pharmaceuticals,Busan,Antwerp,0,0.7721546185019086,High
8629.57,214.13,1.46,1.6,0.5,6.36,Road,Rain,Pharmaceuticals,Los Angeles,Busan,0,0.24337407275839223,Low
9250.57,65.25,1.74,0.4,0.84,9.69,Rail,Fog,Perishables,Antwerp,Hamburg,1,0.1925925068432283,Low
10308.79,473.86,2.48,1.7,0.88,62.59,Rail,Hurricane,Pharmaceuticals,Rotterdam,Shanghai,1,0.989429327931058,High
12172.34,238.11,1.81,4.5,0.61,61.72,Sea,Storm,Perishables,Busan,Rotterdam,0,0.9073686338167564,High
4412.4,159.31,3.81,2.5,0.75,23.07,Road,Hurricane,Pharmaceuticals,Shanghai,Hamburg,1,0.9794418588515648,High
12463.22,383.39,2.57,2.6,0.55,10.05,Rail,Clear,Perishables,Rotterdam,Shanghai,1,0.24641550583543587,Low
7724.71,249.48,1.51,8.8,0.87,19.99,Road,Storm,Pharmaceuticals,Antwerp,Dubai,1,0.9025611445439887,High
1617.35,155.71,2.8,5.2,0.92,1.03,Rail,Clear,Pharmaceuticals,Los Angeles,Shanghai,1,0.4077422870630324,Medium
1348.99,406.17,1.5,7.3,0.55,7.12,Sea,Storm,Electronics,Shanghai,Los Angeles,1,0.798115473728124,High
5346.46,433.71,1.63,0.4,0.91,12.06,Rail,Storm,Pharmaceuticals,Busan,Shanghai,1,0.5610144019733306,Medium
11881.01,336.83,1.99,3.7,0.89,8.54,Road,Clear,Pharmaceuticals,Hamburg,Dubai,0,0.28336867315252434,Low
10761.37,24.44,4.04,4.8,0.67,27.11,Rail,Storm,Pharmaceuticals,Shanghai,Rotterdam,1,0.8059260413074752,High
11934.92,283.6,4.25,1.9,0.85,8.41,Rail,Clear,Perishables,Singapore,Dubai,0,0.1868389939326161,Low
8000.4,381.88,3.93,1.2,0.5,3.35,Air,Hurricane,Electronics,Shanghai,Hamburg,1,0.9668716013895784,High
6882.89,69.12,2.3,8.7,0.97,16.83,Sea,Rain,Electronics,Shanghai,Busan,0,0.45250555808422366,Medium
2638.06,115.11,2.1,9.4,0.78,1.91,Air,Hurricane,Electronics,Hamburg,Shanghai,1,0.9952464387605272,High
5258.79,441.37,3.01,0.8,0.81,11.95,Rail,Storm,Perishables,Busan,Dubai,0,0.5597704852772404,Medium
6793.28,11.04,3.58,3.5,0.83,15.88,Sea,Fog,Automotive,Singapore,Marseille,1,0.3546851052364796,Medium
1784.71,376.61,4.48,9.6,0.78,5.61,Sea,Fog,Perishables,Busan,Antwerp,0,0.6233594687520203,High
3698.87,237.41,1.63,0.8,0.93,7.13,Sea,Rain,Perishables,Rotterdam,Shanghai,0,0.1342193161174683,Low
9174.27,223.94,1.36,6.4,0.81,7.88,Road,Clear,Textiles,Singapore,Dubai,0,0.48987431034088424,Medium
11167.12,4.54,3.49,9.7,0.95,10.06,Road,Clear,Electronics,Singapore,Los Angeles,0,0.5322111435998721,Medium
14976.04,409.88,3.95,9.8,0.79,2.92,Air,Fog,Perishables,Antwerp,Singapore,1,0.7034205663219532,High
14030.14,180.55,3.99,4.7,0.59,29.2,Sea,Rain,Electronics,Hamburg,Singapore,1,0.4709262750326858,Medium
9817.2,270.84,3.44,1.6,0.96,2.18,Air,Storm,Perishables,Rotterdam,Los Angeles,0,0.47322872170045305,Medium
6608.1,338.97,4.35,2.0,0.84,6.09,Rail,Rain,Pharmaceuticals,Dubai,Rotterdam,0,0.21578873364815365,Low
9724.57,351.61,2.89,8.9,0.85,5.46,Air,Hurricane,Electronics,Antwerp,Marseille,1,0.9927206676550882,High
11891.95,478.03,4.22,9.1,0.99,13.99,Rail,Rain,Automotive,Singapore,Los Angeles,0,0.47744213730290663,Medium
2215.87,266.14,4.39,6.1,0.54,32.19,Sea,Hurricane,Pharmaceuticals,Busan,Los Angeles,1,0.9911789485879263,High
6443.62,200.46,4.0,7.7,0.71,12.27,Sea,Clear,Textiles,Busan,Hamburg,1,0.5418179355102616,Medium
12677.13,476.9,2.22,7.4,0.62,17.21,Rail,Fog,Textiles,Antwerp,Busan,1,0.5976349901947406,Medium
6065.58,321.41,1.85,6.6,0.82,0.5,Air,Fog,Automotive,Antwerp,Rotterdam,1,0.5651072834756022,Medium
8792.15,149.78,3.01,8.3,0.9,8.72,Road,Rain,Electronics,Shanghai,Busan,1,0.4578015610194942,Medium
9022.66,64.11,2.69,6.9,0.98,12.98,Rail,Fog,Automotive,Los Angeles,Rotterdam,0,0.4673594288970499,Medium
3174.91,421.43,4.1,5.3,0.73,6.7,Sea,Rain,Automotive,Singapore,Busan,0,0.31749969503448405,Medium
5752.41,181.73,1.53,2.4,0.89,35.71,Rail,Hurricane,Textiles,Antwerp,Hamburg,1,0.985576291682453,High
5350.41,330.57,2.05,7.4,0.96,14.8,Rail,Storm,Perishables,Busan,Rotterdam,1,0.8288001550832316,High
879.85,235.94,3.68,4.7,0.84,1.95,Road,Storm,Textiles,Shanghai,Los Angeles,1,0.7308267377993964,High
850.78,100.27,1.51,2.9,0.62,4.73,Sea,Storm,Textiles,Dubai,Shanghai,1,0.7037028572098227,High
12559.61,301.24,2.26,8.0,0.8,12.3,Rail,Clear,Pharmaceuticals,Dubai,Los Angeles,0,0.45913680975526466,Medium
4459.53,31.28,2.48,7.0,0.99,4.26,Rail,Rain,Electronics,Hamburg,Singapore,0,0.4821177639579508,Medium
8012.14,207.26,3.25,9.4,0.99,4.28,Air,Hurricane,Automotive,Antwerp,Marseille,1,0.992562572745068,High
4831.52,273.76,1.72,1.7,0.82,7.56,Sea,Clear,Pharmaceuticals,Singapore,Shanghai,0,0.21934979255944484,Low
14139.85,218.59,4.04,6.5,0.94,0.86,Air,Clear,Electronics,Shanghai,Busan,0,0.34536824859150306,Medium
4259.8,374.59,2.68,2.4,0.6,0.5,Air,Fog,Perishables,Dubai,Los Angeles,1,0.39342710433721984,Medium
6730.02,414.13,4.23,9.0,0.62,7.84,Rail,Rain,Textiles,Dubai,Rotterdam,1,0.6516985939933716,High
13154.59,385.85,2.74,1.0,0.98,2.41,Air,Storm,Electronics,Shanghai,Singapore,1,0.523914507394404,Medium
12708.04,20.37,2.11,6.6,0.57,80.22,Road,Hurricane,Pharmaceuticals,Busan,Antwerp,1,0.99860698582001,High
3198.47,97.87,1.67,7.9,0.6,7.88,Road,Storm,Textiles,Hamburg,Marseille,1,0.9232282523004376,High
12138.33,268.77,1.21,3.5,0.71,19.42,Sea,Clear,Pharmaceuticals,Los Angeles,Antwerp,0,0.29737035706807796,Low
7143.71,467.48,2.96,9.5,0.8,2.11,Air,Storm,Pharmaceuticals,Rotterdam,Los Angeles,1,0.8729056776943551,High
7503.05,417.64,1.55,8.5,0.8,6.26,Road,Clear,Electronics,Singapore,Dubai,1,0.563709976160081,Medium
2435.46,421.42,2.49,2.9,0.65,2.3,Road,Rain,Pharmaceuticals,Antwerp,Busan,0,0.3052396161147443,Medium
1668.72,152.3,3.14,0.1,0.96,0.57,Rail,Clear,Perishables,Los Angeles,Rotterdam,0,0.15056105558828695,Low
11055.12,215.29,2.11,3.0,0.96,53.76,Sea,Storm,Textiles,Hamburg,Marseille,1,0.8689362359298655,High
7698.69,235.88,1.78,2.8,0.7,37.23,Sea,Storm,Textiles,Antwerp,Los Angeles,1,0.7836346951037776,High
6834.34,79.53,3.76,8.9,0.72,5.9,Rail,Clear,Electronics,Shanghai,Hamburg,1,0.5573556537751592,Medium
11077.87,16.5,4.32,9.7,0.85,0.63,Air,Rain,Electronics,Dubai,Busan,1,0.5777801118290085,Medium
11599.94,473.5,1.53,0.7,0.83,133.67,Sea,Hurricane,Automotive,Busan,Marseille,1,0.9987608346035872,High
2804.17,121.12,1.71,4.7,0.69,1.75,Rail,Clear,Pharmaceuticals,Shanghai,Antwerp,1,0.37655854140887846,Medium
9348.26,120.73,4.37,5.5,0.71,49.56,Sea,Storm,Perishables,Busan,Dubai,1,0.8936044321313756,High
2462.63,42.61,1.32,0.9,0.67,4.51,Sea,Rain,Automotive,Los Angeles,Busan,0,0.1533378061511334,Low
11394.94,464.33,4.43,3.8,0.62,28.13,Rail,Storm,Perishables,Rotterdam,Hamburg,1,0.7559417268388761,High
10025.85,290.29,1.22,3.2,0.73,1.0,Air,Rain,Electronics,Singapore,Shanghai,0,0.3681573337765143,Medium
14370.91,333.85,4.08,5.4,0.84,10.5,Road,Clear,Electronics,Los Angeles,Marseille,0,0.3797277230506607,Medium
1499.89,455.88,2.21,6.6,0.87,0.5,Road,Rain,Perishables,Singapore,Shanghai,1,0.5043563645429272,Medium
1327.29,173.46,4.3,7.0,0.89,4.23,Sea,Fog,Textiles,Los Angeles,Hamburg,0,0.5097952895658326,Medium
4591.71,311.13,2.25,1.4,0.69,23.85,Road,Hurricane,Electronics,Busan,Antwerp,1,0.9764673230148695,High
4294.73,20.36,3.36,8.1,0.88,26.42,Sea,Storm,Electronics,Antwerp,Busan,1,0.8624616959645931,High
4081.19,94.2,1.46,6.8,0.5,0.5,Air,Rain,Perishables,Shanghai,Dubai,0,0.6217089054925816,High
13640.69,415.79,2.0,8.9,0.74,14.45,Road,Rain,Perishables,Hamburg,Los Angeles,1,0.5541026080788851,Medium
4118.42,383.62,3.75,4.5,0.9,9.52,Sea,Fog,Electronics,Busan,Antwerp,1,0.3332537208686645,Medium
4443.27,175.97,2.94,8.9,0.82,36.6,Rail,Hurricane,Pharmaceuticals,Busan,Shanghai,1,0.9967058832789734,High
11511.27,189.03,4.26,8.7,0.74,34.61,Rail,Storm,Electronics,Singapore,Rotterdam,1,0.9229990838470574,High
7021.23,267.24,2.61,4.4,0.82,0.5,Air,Rain,Perishables,Singapore,Busan,1,0.37429734580806234,Medium
11762.3,1.12,4.07,3.8,0.95,1.12,Air,Clear,Pharmaceuticals,Dubai,Marseille,1,0.34446830654683813,Medium
1447.81,121.38,2.68,9.3,0.78,1.2,Rail,Clear,Perishables,Singapore,Shanghai,1,0.6498067399579938,High
7569.78,104.91,4.43,7.2,0.9,6.27,Road,Clear,Electronics,Dubai,Marseille,0,0.5013335838938886,Medium
987.4,125.99,4.37,9.3,0.99,0.5,Air,Rain,Automotive,Singapore,Antwerp,1,0.6944313698997597,High
1408.47,403.15,2.29,8.0,0.85,1.0,Air,Rain,Electronics,Antwerp,Rotterdam,1,0.6554979606182256,High
13643.34,140.56,4.12,6.1,0.79,37.99,Rail,Storm,Electronics,Shanghai,Busan,1,0.8389558142403624,High
2519.06,96.57,4.0,1.2,0.52,12.39,Road,Hurricane,Automotive,Los Angeles,Busan,1,0.9664877439969423,High
8220.1,252.63,1.9,2.9,0.69,6.14,Road,Clear,Textiles,Busan,Antwerp,0,0.33032660793673024,Medium
6460.89,432.96,3.26,9.7,0.78,40.14,Sea,Storm,Pharmaceuticals,Rotterdam,Los Angeles,1,0.9218743956639116,High
5536.48,121.43,1.44,3.2,0.9,4.64,Rail,Rain,Pharmaceuticals,Los Angeles,Singapore,0,0.3045430398079862,Medium
13547.58,40.19,3.96,0.9,0.72,12.31,Road,Fog,Pharmaceuticals,Shanghai,Hamburg,0,0.21578300096274364,Low
816.44,178.85,1.78,7.1,0.98,3.14,Road,Storm,Perishables,Singapore,Hamburg,0,0.8213446526444995,High
10124.95,374.08,1.43,7.3,0.64,10.07,Road,Rain,Perishables,Rotterdam,Los Angeles,0,0.4260358722306011,Medium
14469.22,275.79,2.52,2.9,0.87,17.72,Rail,Fog,Pharmaceuticals,Busan,Antwerp,1,0.2904418090427248,Low
8622.44,408.58,3.1,3.0,0.71,20.53,Rail,Storm,Automotive,Singapore,Marseille,1,0.7561281209084428,High
14083.93,479.84,4.02,4.7,0.74,0.82,Air,Rain,Automotive,Busan,Dubai,1,0.3349821318192627,Medium
1257.74,396.54,4.42,0.2,0.9,0.54,Air,Hurricane,Perishables,Singapore,Hamburg,1,0.9590570159114145,High
6572.5,302.3,2.65,7.9,0.65,8.05,Road,Fog,Textiles,Los Angeles,Dubai,1,0.6753195088345625,High
4272.29,247.18,1.4,3.2,0.55,4.41,Rail,Fog,Pharmaceuticals,Rotterdam,Antwerp,0,0.34040158459718384,Medium
11096.9,20.99,3.67,8.5,0.76,12.69,Rail,Rain,Electronics,Singapore,Antwerp,0,0.55169833040925,Medium
14728.81,492.18,3.07,8.0,0.76,43.35,Rail,Storm,Perishables,Rotterdam,Busan,1,0.8899705378723934,High
4219.69,192.36,2.68,6.6,0.9,3.71,Rail,Clear,Pharmaceuticals,Singapore,Antwerp,1,0.45161501039807433,Medium
9985.53,76.96,2.22,3.2,0.98,6.92,Road,Clear,Textiles,Hamburg,Antwerp,0,0.2880430070616227,Low
3372.42,333.69,2.86,5.2,0.53,23.69,Rail,Hurricane,Automotive,Shanghai,Hamburg,1,0.9894995113577467,High
8697.29,142.86,2.32,4.4,0.8,22.31,Rail,Storm,Perishables,Busan,Singapore,0,0.8027643171301847,High
7227.02,293.3,3.7,3.4,0.84,9.38,Rail,Fog,Perishables,Rotterdam,Hamburg,0,0.2825316146049576,Low
14594.08,293.8,2.99,8.5,0.99,0.75,Air,Rain,Pharmaceuticals,Shanghai,Busan,1,0.43455951148670124,Medium
9323.65,223.42,4.09,4.8,0.97,5.11,Air,Hurricane,Textiles,Shanghai,Los Angeles,1,0.9757545755400594,High
5567.84,418.22,2.99,8.3,0.86,6.95,Rail,Rain,Electronics,Shanghai,Dubai,1,0.5080777183389658,Medium
2154.39,133.22,1.99,1.1,0.76,25.69,Sea,Hurricane,Textiles,Busan,Singapore,1,0.97652200465858,High
2693.08,224.87,4.01,1.4,0.58,11.31,Sea,Storm,Pharmaceuticals,Los Angeles,Hamburg,1,0.6188399566329723,High
3767.1,269.31,3.04,9.8,0.69,10.14,Road,Storm,Textiles,Shanghai,Busan,1,0.9155497640091462,High
4139.02,332.15,1.88,5.9,0.79,12.02,Rail,Storm,Electronics,Los Angeles,Antwerp,1,0.8151685109800574,High
12833.93,392.2,3.26,5.1,0.86,67.06,Sea,Storm,Perishables,Antwerp,Los Angeles,1,0.9029549656941378,High
8637.73,198.01,2.38,5.2,0.82,0.81,Air,Clear,Automotive,Dubai,Rotterdam,0,0.41361249016791823,Medium
8089.17,323.38,3.99,2.2,0.86,37.72,Sea,Storm,Automotive,Antwerp,Los Angeles,1,0.682220484333964,High
2164.15,76.15,2.7,7.2,0.72,5.62,Sea,Fog,Electronics,Dubai,Shanghai,1,0.5334581663421516,Medium
12972.03,466.39,3.6,0.8,0.86,19.7,Sea,Clear,Pharmaceuticals,Shanghai,Dubai,0,0.14831502908794994,Low
10980.81,192.15,1.52,5.7,0.57,6.14,Air,Hurricane,Automotive,Rotterdam,Marseille,1,0.9848525623164449,High
1481.19,365.03,2.51,5.7,0.58,1.58,Rail,Clear,Textiles,Dubai,Singapore,0,0.5700302701796967,Medium
10763.61,11.15,4.44,9.1,0.58,86.3,Rail,Hurricane,Textiles,Los Angeles,Singapore,1,0.9995388095709594,High
8381.3,103.39,3.87,5.3,0.95,1.06,Air,Rain,Textiles,Singapore,Antwerp,0,0.46685128684680877,Medium
1685.02,244.05,1.73,1.4,0.54,0.53,Air,Storm,Automotive,Rotterdam,Shanghai,1,0.7079456025898186,High
7145.36,439.25,2.12,5.7,0.9,13.58,Sea,Clear,Electronics,Dubai,Marseille,0,0.391606017377671,Medium
7528.1,264.1,2.29,0.9,0.62,0.5,Air,Clear,Textiles,Shanghai,Dubai,0,0.30292286798761614,Medium
2903.73,465.01,3.35,2.0,0.73,0.5,Air,Fog,Pharmaceuticals,Shanghai,Marseille,0,0.43742395948837826,Medium
14212.62,242.41,3.7,0.3,0.96,59.8,Sea,Storm,Textiles,Hamburg,Singapore,0,0.7994050382443965,High
12824.64,245.73,3.67,5.1,0.79,33.32,Rail,Storm,Pharmaceuticals,Rotterdam,Los Angeles,1,0.7695074079848703,High
10200.82,60.75,2.88,0.8,0.61,21.59,Rail,Storm,Pharmaceuticals,Antwerp,Dubai,1,0.6395006410487764,High
7203.29,401.53,3.88,4.7,0.64,37.7,Sea,Storm,Perishables,Rotterdam,Los Angeles,1,0.796131489961518,High
6470.6,124.24,2.64,9.3,0.96,1.26,Air,Rain,Pharmaceuticals,Dubai,Rotterdam,0,0.6400937763891698,High
9939.12,449.91,1.61,7.2,0.71,28.06,Sea,Fog,Perishables,Rotterdam,Antwerp,1,0.5566114127024855,Medium
8408.76,455.5,3.06,0.8,0.79,5.87,Rail,Clear,Pharmaceuticals,Busan,Los Angeles,0,0.152676113830052,Low
1402.96,471.71,4.34,2.2,0.73,0.72,Rail,Fog,Textiles,Los Angeles,Hamburg,1,0.3483594562723997,Medium
7931.29,260.6,3.82,6.7,0.69,7.92,Road,Rain,Electronics,Singapore,Rotterdam,1,0.486528929421941,Medium
12192.85,338.87,3.11,8.9,0.61,37.59,Sea,Fog,Pharmaceuticals,Rotterdam,Dubai,1,0.712166976344112,High
7158.98,389.48,3.33,0.3,0.84,0.5,Air,Rain,Textiles,Shanghai,Dubai,0,0.23471688942366173,Low
1253.37,66.38,4.27,8.1,0.86,8.33,Road,Hurricane,Electronics,Antwerp,Marseille,1,0.9917337618922121,High
11901.03,300.88,2.61,5.6,0.64,1.01,Air,Clear,Perishables,Rotterdam,Los Angeles,0,0.3617730139912382,Medium
3419.77,18.11,2.29,5.5,0.9,9.93,Sea,Fog,Pharmaceuticals,Singapore,Los Angeles,0,0.3716754801494405,Medium
4250.0,249.29,4.42,9.6,0.93,6.65,Rail,Fog,Automotive,Busan,Singapore,1,0.6706717661949876,High
2888.24,78.27,4.05,7.5,0.96,3.4,Rail,Rain,Electronics,Shanghai,Singapore,0,0.4931951290307017,Medium
5288.12,92.28,2.27,8.5,0.58,6.37,Rail,Rain,Automotive,Singapore,Marseille,0,0.6423589690144681,High
11472.9,183.16,2.73,3.5,0.65,11.34,Road,Fog,Textiles,Singapore,Shanghai,0,0.4487987024704005,Medium
8031.09,216.79,2.57,5.5,0.93,17.59,Road,Storm,Perishables,Rotterdam,Antwerp,1,0.7517148602720755,High
3470.78,311.96,1.69,6.2,0.6,3.65,Road,Fog,Electronics,Shanghai,Busan,0,0.49415974745500574,Medium
13228.54,38.14,4.36,3.2,0.5,1.31,Air,Clear,Pharmaceuticals,Hamburg,Singapore,0,0.4222171198588362,Medium
13253.94,252.34,2.53,5.7,0.94,12.0,Road,Rain,Perishables,Antwerp,Rotterdam,0,0.3413692100960558,Medium
13123.39,92.13,4.09,2.4,0.66,0.5,Air,Clear,Perishables,Busan,Hamburg,1,0.2737699469451312,Low
3962.55,287.41,1.82,1.4,0.71,7.31,Road,Storm,Perishables,Rotterdam,Hamburg,0,0.5711771084740845,Medium
7042.97,319.06,3.01,3.7,0.72,7.4,Road,Fog,Perishables,Los Angeles,Singapore,1,0.4345028729541901,Medium
14782.35,278.8,1.28,7.4,0.92,37.01,Road,Storm,Automotive,Rotterdam,Los Angeles,1,0.8355647992210558,High
11694.18,369.41,3.72,9.2,0.67,17.69,Rail,Fog,Pharmaceuticals,Hamburg,Los Angeles,1,0.6664427472366519,High
893.93,168.47,3.12,4.6,0.95,0.5,Road,Rain,Perishables,Busan,Singapore,0,0.3868131886998119,Medium
1445.47,382.79,3.26,6.4,0.81,0.5,Air,Fog,Pharmaceuticals,Antwerp,Hamburg,1,0.6482620826135423,High
7227.0,216.95,1.37,1.0,0.76,32.54,Sea,Storm,Textiles,Los Angeles,Shanghai,1,0.7342746203043756,High
13683.69,242.61,1.9,9.0,0.66,0.78,Air,Clear,Automotive,Rotterdam,Antwerp,0,0.5456015252687284,Medium
8311.18,324.4,1.45,5.7,0.62,8.3,Rail,Rain,Automotive,Singapore,Antwerp,1,0.429862458719725,Medium
7718.28,10.16,2.15,7.8,0.81,0.59,Air,Fog,Pharmaceuticals,Rotterdam,Marseille,1,0.6184959500843695,High
2029.37,327.34,3.27,7.9,0.72,2.03,Rail,Clear,Textiles,Busan,Hamburg,0,0.5987108734747595,Medium
10023.31,309.67,3.07,2.6,0.96,63.17,Rail,Hurricane,Perishables,Shanghai,Marseille,1,0.9921561694078578,High
12420.5,155.61,3.22,5.3,0.75,2.96,Air,Storm,Automotive,Hamburg,Shanghai,1,0.7898346576916219,High
6016.09,43.81,3.01,9.6,0.76,98.42,Sea,Hurricane,Textiles,Dubai,Shanghai,1,0.999624116448526,High
11746.37,46.38,2.1,0.9,0.71,0.5,Air,Clear,Textiles,Antwerp,Marseille,0,0.2929667429252715,Low
14484.91,461.69,2.01,6.8,0.9,7.93,Air,Hurricane,Automotive,Singapore,Marseille,1,0.9858983596787034,High
3454.61,344.95,1.65,9.6,0.71,11.0,Sea,Fog,Electronics,Los Angeles,Singapore,1,0.7093869802840895,High
8088.28,64.42,4.0,3.0,0.64,0.5,Air,Fog,Perishables,Los Angeles,Rotterdam,1,0.4015396576833202,Medium
4663.5,179.0,3.23,8.6,0.93,0.5,Air,Rain,Electronics,Shanghai,Marseille,1,0.6490573100068289,High
11996.39,296.65,1.82,9.3,0.8,24.14,Sea,Clear,Textiles,Shanghai,Antwerp,0,0.6268332840435453,High
8875.1,417.95,1.78,7.5,0.8,5.55,Air,Hurricane,Textiles,Dubai,Los Angeles,1,0.9896269975349783,High
9701.45,22.79,4.08,2.3,0.81,4.77,Air,Hurricane,Perishables,Los Angeles,Hamburg,1,0.9665868075761828,High
12069.76,119.08,3.65,3.3,0.86,1.19,Air,Clear,Automotive,Busan,Dubai,0,0.2762867075608272,Low
6241.57,444.98,3.38,0.4,0.66,13.91,Sea,Fog,Electronics,Los Angeles,Antwerp,0,0.22389454341883025,Low
13768.81,5.57,2.54,8.3,0.52,108.14,Rail,Hurricane,Perishables,Hamburg,Singapore,1,0.9996788745666237,High
8228.92,101.5,2.06,8.5,0.91,18.95,Sea,Rain,Perishables,Singapore,Hamburg,1,0.5309079302542997,Medium
2790.34,479.55,4.43,6.3,0.56,4.51,Sea,Clear,Automotive,Los Angeles,Hamburg,1,0.43858333963858903,Medium
10590.54,307.09,3.83,3.5,0.86,58.4,Road,Hurricane,Perishables,Shanghai,Busan,1,0.9909589524320638,High
12002.29,131.57,2.2,0.8,0.54,25.74,Sea,Fog,Electronics,Rotterdam,Los Angeles,0,0.19971139477101765,Low
5093.04,34.43,4.0,7.5,0.69,11.49,Sea,Rain,Pharmaceuticals,Busan,Shanghai,1,0.529021195278819,Medium
12929.1,15.07,3.7,7.3,0.53,1.31,Air,Clear,Electronics,Busan,Hamburg,1,0.5557169476229704,Medium
13639.08,123.13,2.18,9.1,0.76,14.2,Road,Rain,Textiles,Rotterdam,Busan,0,0.5297707028969966,Medium
4515.12,440.86,2.61,7.3,0.83,34.0,Rail,Hurricane,Electronics,Rotterdam,Antwerp,1,0.9926776662868658,High
14761.06,208.54,1.81,8.3,0.59,99.36,Road,Hurricane,Electronics,Singapore,Hamburg,1,0.9994470745798891,High
2540.32,360.45,1.57,7.5,0.69,0.5,Air,Storm,Textiles,Singapore,Antwerp,1,0.9168253810684366,High
3429.23,459.22,3.59,6.3,0.97,0.75,Air,Clear,Pharmaceuticals,Dubai,Shanghai,0,0.5697032679166771,Medium
3171.26,204.61,2.08,4.3,0.72,3.04,Road,Fog,Textiles,Hamburg,Los Angeles,0,0.44512378154924653,Medium
13462.85,96.45,3.91,9.0,0.9,19.78,Rail,Fog,Electronics,Los Angeles,Antwerp,1,0.6213632039548346,High
9987.24,259.04,4.49,6.5,0.96,18.79,Sea,Clear,Pharmaceuticals,Antwerp,Hamburg,0,0.40170999631548926,Medium
2705.51,454.13,1.45,4.0,0.99,0.79,Air,Storm,Pharmaceuticals,Hamburg,Busan,0,0.744434048983577,High
6884.69,402.38,2.76,0.8,0.95,11.95,Road,Storm,Electronics,Dubai,Hamburg,1,0.5393486301717852,Medium
9421.82,33.85,3.85,2.9,0.66,6.85,Road,Clear,Automotive,Busan,Los Angeles,1,0.2385652294121949,Low
1710.23,346.59,3.8,5.4,0.98,8.69,Sea,Storm,Automotive,Singapore,Antwerp,0,0.7009317081119829,High
13295.04,286.38,3.71,2.8,0.91,71.85,Road,Hurricane,Pharmaceuticals,Shanghai,Singapore,1,0.9947045834360787,High
12152.25,453.82,2.35,2.2,0.92,5.72,Air,Hurricane,Textiles,Singapore,Busan,1,0.9604863531027839,High
7825.5,62.12,2.7,5.3,0.51,4.41,Air,Hurricane,Electronics,Rotterdam,Antwerp,1,0.9841640039738425,High
14523.34,267.48,3.16,1.7,0.98,13.35,Rail,Rain,Automotive,Rotterdam,Dubai,0,0.12547780499961192,Low
6557.53,439.85,4.41,8.0,0.89,6.53,Road,Rain,Automotive,Singapore,Shanghai,0,0.5480482429624915,Medium
14769.6,205.6,2.28,4.8,0.88,16.17,Road,Fog,Textiles,Busan,Marseille,0,0.45924194831016807,Medium
10184.84,241.52,4.25,5.7,0.54,13.86,Rail,Fog,Textiles,Shanghai,Los Angeles,1,0.5030327616659048,Medium
9702.73,36.16,2.09,1.5,0.62,8.62,Rail,Rain,Electronics,Shanghai,Singapore,1,0.2391247789003183,Low
2906.35,139.79,4.46,3.2,0.98,3.25,Rail,Clear,Textiles,Los Angeles,Antwerp,0,0.30802979898585603,Medium
13287.95,162.93,3.41,4.1,0.75,13.64,Rail,Rain,Pharmaceuticals,Busan,Los Angeles,0,0.26926592397585436,Low
6698.6,472.62,2.73,8.1,0.7,6.26,Road,Rain,Pharmaceuticals,Dubai,Busan,1,0.5349162708752427,Medium
2852.38,142.05,3.22,7.7,0.92,0.5,Air,Storm,Pharmaceuticals,Antwerp,Dubai,1,0.8790275533070492,High
682.81,230.97,2.1,2.2,0.54,0.57,Road,Rain,Automotive,Los Angeles,Busan,0,0.28584888674421116,Low
8616.46,335.98,2.1,6.2,0.71,5.35,Air,Hurricane,Pharmaceuticals,Dubai,Shanghai,1,0.9892210252256826,High
8147.29,81.93,1.57,2.4,0.69,102.25,Sea,Hurricane,Pharmaceuticals,Los Angeles,Hamburg,1,0.9979880955850056,High
10930.63,243.73,1.58,9.9,0.68,90.53,Rail,Hurricane,Pharmaceuticals,Shanghai,Dubai,1,0.9994219784738397,High
13408.74,369.53,2.35,9.5,0.65,0.56,Air,Clear,Pharmaceuticals,Dubai,Rotterdam,1,0.6375844968644235,High
1651.4,433.56,3.72,5.6,0.61,8.29,Sea,Storm,Electronics,Los Angeles,Shanghai,0,0.7984930057880966,High
11106.7,313.5,3.21,7.0,0.59,71.5,Road,Hurricane,Pharmaceuticals,Shanghai,Marseille,1,0.9985352422997206,High
3217.47,334.86,1.54,8.0,0.82,9.2,Road,Storm,Pharmaceuticals,Los Angeles,Rotterdam,1,0.875642681423538,High
12943.57,64.02,4.01,7.2,0.96,1.19,Air,Clear,Automotive,Antwerp,Los Angeles,1,0.40172552651035026,Medium
12376.42,472.94,3.18,7.0,0.75,68.82,Sea,Storm,Electronics,Los Angeles,Busan,1,0.9451590334234605,High
8341.51,67.15,4.37,9.6,0.65,8.45,Road,Rain,Electronics,Antwerp,Los Angeles,1,0.6069479481656783,High
10798.52,387.56,3.41,6.0,0.58,19.16,Sea,Clear,Pharmaceuticals,Los Angeles,Shanghai,0,0.4923621829142226,Medium
5058.08,133.14,1.78,6.4,0.92,0.5,Air,Rain,Automotive,Shanghai,Rotterdam,0,0.4720200479016127,Medium
7331.93,466.86,2.76,8.5,0.99,18.46,Road,Storm,Automotive,Busan,Antwerp,0,0.8736690938332615,High
12413.74,360.26,3.34,6.7,0.68,184.31,Sea,Hurricane,Automotive,Busan,Marseille,1,0.9999487222678357,High
7159.35,377.15,1.29,7.3,0.65,7.33,Road,Rain,Electronics,Singapore,Los Angeles,1,0.502424543305492,Medium
5688.07,110.31,1.25,2.3,0.8,1.04,Air,Fog,Electronics,Antwerp,Singapore,1,0.41630595742551674,Medium
7666.08,222.08,1.63,3.7,0.89,38.13,Sea,Storm,Textiles,Rotterdam,Busan,1,0.7495456124474864,High
12509.61,309.29,2.03,1.5,0.73,23.01,Road,Storm,Pharmaceuticals,Los Angeles,Hamburg,1,0.6669574663413601,High
5360.52,385.22,2.62,5.1,0.82,0.5,Air,Clear,Automotive,Busan,Antwerp,1,0.4608436170774871,Medium
3019.54,52.88,2.81,4.6,0.86,0.5,Air,Rain,Automotive,Rotterdam,Hamburg,0,0.3909310263151435,Medium
10824.2,481.22,1.66,10.0,0.98,77.32,Road,Hurricane,Automotive,Antwerp,Dubai,1,0.9989287947604398,High
12476.68,445.22,3.42,6.1,0.58,1.45,Air,Rain,Electronics,Dubai,Rotterdam,1,0.4761941343928775,Medium
1959.24,135.9,3.17,7.9,1.0,0.5,Air,Rain,Pharmaceuticals,Rotterdam,Singapore,0,0.6125509590965519,High
3978.17,411.56,2.17,3.3,0.7,6.47,Sea,Clear,Perishables,Busan,Dubai,1,0.260580075634268,Low
2558.59,259.64,1.25,8.3,0.86,3.14,Rail,Rain,Textiles,Los Angeles,Antwerp,1,0.5964198636116653,Medium
5545.15,231.44,1.46,6.2,0.79,1.01,Air,Storm,Textiles,Dubai,Singapore,1,0.8820285772684477,High
7030.09,157.9,2.49,7.0,0.74,0.64,Air,Rain,Textiles,Hamburg,Marseille,1,0.663562307912579,High
11357.98,290.9,1.71,2.9,0.85,1.58,Air,Fog,Textiles,Los Angeles,Marseille,1,0.41566047270582035,Medium
9941.64,365.21,2.44,5.5,0.7,1.94,Air,Storm,Automotive,Dubai,Busan,0,0.7606611253874351,High
9503.46,206.06,3.27,6.3,0.56,22.34,Road,Storm,Pharmaceuticals,Rotterdam,Busan,1,0.8293915654297503,High
5609.44,314.98,3.01,5.9,0.74,0.55,Air,Fog,Textiles,Singapore,Dubai,1,0.6216567835650822,High
12700.99,349.96,1.96,9.2,0.76,39.22,Sea,Fog,Pharmaceuticals,Singapore,Los Angeles,1,0.7249008291615725,High
7333.66,355.85,2.33,9.0,0.6,8.93,Road,Fog,Pharmaceuticals,Hamburg,Dubai,1,0.7113567987595412,High
14697.02,26.93,3.23,9.7,0.97,19.08,Rail,Rain,Pharmaceuticals,Rotterdam,Busan,1,0.47529066457627334,Medium
9695.06,430.01,4.04,6.7,0.61,143.08,Sea,Hurricane,Pharmaceuticals,Shanghai,Busan,1,0.9997555984175145,High
2330.84,229.67,3.69,9.7,0.71,18.91,Rail,Hurricane,Automotive,Busan,Shanghai,1,0.9954231722352923,High
10304.57,131.95,3.03,8.3,0.58,1.13,Air,Clear,Pharmaceuticals,Busan,Shanghai,1,0.6678560614678509,High
5214.01,121.64,2.4,2.7,0.77,0.82,Air,Clear,Perishables,Antwerp,Marseille,0,0.4053812332832595,Medium
10451.74,242.02,2.4,4.3,0.65,1.28,Air,Storm,Pharmaceuticals,Rotterdam,Shanghai,1,0.7397311493205548,High
1509.8,443.53,4.1,2.4,0.75,0.5,Air,Storm,Textiles,Dubai,Antwerp,1,0.7799597213072168,High
3035.78,189.8,1.33,0.0,0.61,17.04,Rail,Hurricane,Perishables,Los Angeles,Rotterdam,1,0.9619980697038208,High
12908.19,375.11,4.46,1.9,0.53,10.98,Rail,Clear,Pharmaceuticals,Hamburg,Singapore,1,0.30257893192571234,Medium
3794.1,49.31,3.39,0.0,0.89,1.22,Air,Storm,Electronics,Rotterdam,Marseille,1,0.5572056794637278,Medium
12637.1,238.55,3.45,7.2,0.82,2.56,Air,Storm,Textiles,Rotterdam,Shanghai,1,0.828884447510596,High
4549.5,495.85,1.33,4.3,0.67,3.39,Rail,Rain,Electronics,Los Angeles,Rotterdam,0,0.34774576230826837,Medium
9821.79,385.45,3.2,3.1,0.52,7.93,Rail,Clear,Automotive,Shanghai,Los Angeles,0,0.24835081702283646,Low
10565.18,106.05,2.8,7.6,0.93,81.23,Rail,Hurricane,Textiles,Antwerp,Busan,1,0.9984824519301494,High
7933.49,251.22,1.55,8.3,0.59,7.83,Road,Rain,Textiles,Busan,Shanghai,1,0.6670786515088587,High
4927.0,117.58,2.12,9.8,0.97,30.11,Sea,Storm,Pharmaceuticals,Los Angeles,Singapore,1,0.9335022939541342,High
3583.34,205.37,4.14,6.4,0.74,3.46,Road,Rain,Electronics,Busan,Antwerp,1,0.4761626844173063,Medium
981.25,390.26,3.01,4.6,0.67,0.61,Road,Fog,Pharmaceuticals,Busan,Marseille,0,0.507819862617515,Medium
4907.22,385.84,2.56,3.1,0.87,27.87,Road,Hurricane,Automotive,Hamburg,Rotterdam,1,0.9827367657728584,High
9970.86,114.82,1.44,2.2,0.94,2.49,Air,Storm,Automotive,Singapore,Busan,0,0.5670398123593787,Medium
14105.42,461.19,3.56,2.1,0.69,1.3,Air,Rain,Electronics,Antwerp,Rotterdam,0,0.24405482543793,Low
13132.46,296.69,3.52,4.1,0.7,9.46,Road,Clear,Pharmaceuticals,Los Angeles,Antwerp,0,0.3305862003735167,Medium
11607.94,190.58,3.23,9.9,0.72,11.73,Rail,Clear,Textiles,Los Angeles,Antwerp,1,0.6718264165623797,High
11932.49,251.47,2.88,0.0,0.96,0.74,Air,Rain,Electronics,Dubai,Singapore,0,0.17724867059874258,Low
10142.28,302.93,2.63,2.0,0.85,124.62,Sea,Hurricane,Perishables,Antwerp,Hamburg,1,0.9986589981280694,High
4274.16,280.39,3.16,1.9,0.62,5.31,Rail,Fog,Automotive,Los Angeles,Shanghai,0,0.3319114234683524,Medium
13654.33,243.72,1.97,7.2,0.59,19.42,Rail,Fog,Textiles,Rotterdam,Antwerp,1,0.5842015239495922,Medium
10225.62,252.96,4.31,3.5,0.62,8.81,Rail,Clear,Perishables,Singapore,Hamburg,1,0.31465384735189,Medium
8626.39,89.03,3.14,4.6,0.63,6.58,Road,Clear,Automotive,Antwerp,Hamburg,0,0.3741545228571133,Medium
2109.35,406.55,2.23,1.5,0.62,9.64,Sea,Storm,Textiles,Singapore,Dubai,1,0.6420534679319676,High
6982.31,271.34,2.68,4.0,0.83,0.93,Air,Clear,Textiles,Singapore,Dubai,0,0.4455365004332125,Medium
7175.19,66.41,3.86,1.0,0.56,7.0,Road,Fog,Textiles,Busan,Rotterdam,0,0.3076259198819748,Medium
13036.17,383.31,1.73,5.3,0.69,12.22,Road,Rain,Pharmaceuticals,Singapore,Rotterdam,0,0.39886911567453187,Medium
8426.4,466.29,2.17,1.0,0.81,98.29,Sea,Hurricane,Electronics,Antwerp,Hamburg,1,0.9962640160640616,High
6015.81,473.71,3.44,7.9,0.65,0.5,Air,Clear,Electronics,Antwerp,Los Angeles,1,0.6105222113288193,High
14663.6,185.14,2.24,5.7,0.53,1.2,Air,Fog,Pharmaceuticals,Busan,Dubai,0,0.4960135298281281,Medium
2105.45,68.62,3.82,7.2,0.54,13.32,Road,Hurricane,Pharmaceuticals,Shanghai,Hamburg,1,0.992154581442214,High
6626.95,259.68,1.63,4.2,0.56,12.55,Sea,Rain,Perishables,Busan,Marseille,1,0.3796652686591769,Medium
1109.36,57.19,3.72,3.8,0.92,0.5,Air,Fog,Perishables,Busan,Marseille,0,0.5092943407869192,Medium
11228.61,467.06,1.43,1.0,0.83,48.61,Sea,Storm,Pharmaceuticals,Los Angeles,Marseille,0,0.7713856179466806,High
13812.11,92.61,1.24,5.2,0.53,11.85,Rail,Clear,Electronics,Shanghai,Dubai,1,0.36432304230983376,Medium
4560.54,127.13,4.16,5.1,0.7,1.23,Air,Fog,Perishables,Singapore,Rotterdam,0,0.5542629804050265,Medium
12945.95,203.91,3.12,4.7,0.64,11.33,Road,Rain,Perishables,Antwerp,Rotterdam,0,0.3557716185671394,Medium
4737.16,192.2,2.36,7.4,0.79,4.76,Road,Rain,Automotive,Los Angeles,Busan,0,0.47177273704355527,Medium
13706.17,397.54,1.97,8.3,0.76,215.82,Sea,Hurricane,Textiles,Rotterdam,Singapore,1,0.9999870912893749,High
11432.45,228.7,3.24,7.5,0.74,1.61,Air,Clear,Automotive,Dubai,Marseille,1,0.5766096437689439,Medium
12171.15,86.21,2.88,1.4,0.66,11.36,Road,Fog,Automotive,Hamburg,Antwerp,0,0.2657792862980134,Low
761.1,134.34,4.47,6.2,0.57,0.72,Rail,Rain,Pharmaceuticals,Los Angeles,Rotterdam,0,0.5020405316422996,Medium
14460.75,255.05,4.44,0.8,0.87,6.21,Air,Hurricane,Electronics,Shanghai,Rotterdam,1,0.933060307573545,High
11036.73,74.58,3.3,6.9,0.94,1.34,Air,Clear,Electronics,Singapore,Busan,0,0.43379679243747016,Medium
4918.89,306.22,2.66,3.8,0.97,0.98,Air,Clear,Perishables,Busan,Shanghai,0,0.40389549775447725,Medium
12526.22,283.31,2.82,1.3,0.53,5.8,Air,Hurricane,Pharmaceuticals,Hamburg,Singapore,1,0.9731104941887739,High
4582.06,357.64,3.45,8.6,0.87,14.28,Sea,Fog,Textiles,Rotterdam,Hamburg,0,0.5840172746256618,Medium
13154.93,468.91,1.54,6.1,0.86,28.74,Sea,Rain,Automotive,Busan,Los Angeles,0,0.3724663703992787,Medium
2132.42,456.22,2.28,3.5,0.97,0.96,Air,Hurricane,Electronics,Singapore,Los Angeles,1,0.9727535825788299,High
10703.45,473.09,1.45,0.3,0.63,9.65,Rail,Rain,Textiles,Busan,Shanghai,0,0.22581530642179848,Low
8340.13,123.11,1.44,5.4,0.87,7.8,Road,Rain,Pharmaceuticals,Busan,Marseille,1,0.4187672758619734,Medium
1899.75,66.65,1.85,9.2,0.53,3.49,Sea,Clear,Perishables,Rotterdam,Dubai,0,0.5404492359490799,Medium
4007.46,151.84,2.8,6.0,0.82,2.67,Air,Hurricane,Automotive,Antwerp,Shanghai,1,0.9883514026412464,High
679.86,447.65,3.79,9.7,0.68,0.5,Air,Hurricane,Textiles,Rotterdam,Singapore,1,0.9960805021530045,High
7297.14,486.05,2.8,1.4,0.88,12.83,Sea,Rain,Electronics,Dubai,Busan,0,0.1490327800785729,Low
4868.35,429.8,2.31,5.7,0.93,13.47,Sea,Fog,Textiles,Busan,Rotterdam,1,0.4458703673679466,Medium
9176.18,55.9,1.47,8.0,0.68,71.28,Rail,Hurricane,Pharmaceuticals,Singapore,Shanghai,1,0.9987685560212014,High
4809.95,473.77,3.02,5.3,0.76,3.81,Road,Clear,Pharmaceuticals,Shanghai,Dubai,0,0.40317557567842793,Medium
4848.83,212.26,2.1,0.9,0.56,9.38,Road,Storm,Perishables,Antwerp,Los Angeles,0,0.6003126595449023,High
11276.3,5.65,3.23,5.8,0.71,12.61,Road,Fog,Perishables,Dubai,Marseille,1,0.5217568084283072,Medium
1198.07,221.75,4.42,6.1,0.68,1.5,Rail,Rain,Electronics,Singapore,Marseille,1,0.514437194091007,Medium
13591.98,23.99,1.57,7.3,0.59,2.12,Air,Fog,Pharmaceuticals,Hamburg,Los Angeles,1,0.5710872362530185,Medium
12857.83,272.4,1.9,7.6,0.95,18.01,Rail,Fog,Electronics,Antwerp,Hamburg,1,0.5261805430605102,Medium
10183.17,169.94,2.76,7.7,0.57,14.92,Rail,Fog,Perishables,Hamburg,Marseille,1,0.6779068719725898,High
9101.71,237.24,4.4,6.6,0.82,0.5,Air,Clear,Automotive,Los Angeles,Antwerp,0,0.5005975417373608,Medium
13438.39,306.97,3.75,2.2,0.95,1.29,Air,Clear,Pharmaceuticals,Shanghai,Hamburg,0,0.21669265331401627,Low
3187.29,434.53,4.16,4.0,0.96,7.35,Road,Storm,Perishables,Dubai,Marseille,1,0.7376659184096067,High
1645.05,331.29,2.3,7.8,0.9,3.63,Sea,Rain,Pharmaceuticals,Singapore,Antwerp,1,0.46227136690084947,Medium
3972.9,217.59,4.47,9.5,0.59,66.29,Sea,Hurricane,Perishables,Dubai,Hamburg,1,0.9987491143372242,High
12021.39,409.89,1.54,0.8,0.91,5.76,Air,Hurricane,Automotive,Singapore,Los Angeles,1,0.9348463702420811,High
1002.72,452.89,1.37,5.4,0.64,3.0,Sea,Fog,Perishables,Shanghai,Marseille,0,0.4496908805423761,Medium
8950.7,60.76,4.02,3.1,0.96,11.11,Rail,Fog,Automotive,Antwerp,Rotterdam,0,0.26815544468545577,Low
14933.84,266.43,4.26,2.3,0.86,12.03,Rail,Clear,Pharmaceuticals,Dubai,Shanghai,0,0.21727595444852818,Low
12907.59,142.97,1.5,5.1,0.89,0.77,Air,Fog,Textiles,Busan,Los Angeles,0,0.3966132236298477,Medium
8060.96,24.48,1.57,6.1,0.54,18.85,Road,Storm,Perishables,Singapore,Hamburg,1,0.8702917115224581,High
1422.79,334.6,1.31,0.1,0.79,6.15,Sea,Storm,Automotive,Dubai,Rotterdam,1,0.43317959243144205,Medium
12554.92,431.52,1.54,7.8,0.91,96.76,Rail,Hurricane,Perishables,Dubai,Hamburg,1,0.9990736598264546,High
9185.19,82.29,1.89,8.2,0.93,144.13,Sea,Hurricane,Electronics,Rotterdam,Shanghai,1,0.9997897626209178,High
2166.53,406.39,4.4,9.7,0.51,2.53,Road,Clear,Pharmaceuticals,Shanghai,Rotterdam,1,0.7013645278788252,High
1860.93,426.84,3.4,1.8,0.97,8.24,Sea,Storm,Electronics,Los Angeles,Antwerp,1,0.5247744358092244,Medium
13689.59,457.26,3.77,5.9,0.52,14.77,Rail,Rain,Textiles,Rotterdam,Dubai,0,0.4347610664268259,Medium
10203.4,133.38,3.76,4.3,0.81,0.5,Air,Clear,Perishables,Dubai,Hamburg,0,0.3686819035333138,Medium
12524.66,452.07,2.97,3.3,0.85,1.39,Air,Storm,Electronics,Los Angeles,Busan,1,0.6117457058764908,High
13245.19,161.01,3.83,5.7,0.55,71.19,Sea,Storm,Perishables,Shanghai,Los Angeles,1,0.9360817384947857,High
8790.7,276.62,3.17,7.8,0.52,50.94,Sea,Storm,Pharmaceuticals,Busan,Rotterdam,1,0.9482983623019399,High
8002.97,26.2,2.24,0.2,0.89,0.5,Air,Clear,Electronics,Los Angeles,Singapore,0,0.23694828356916486,Low
6741.2,22.9,3.05,9.7,0.69,0.5,Air,Clear,Electronics,Los Angeles,Marseille,1,0.7494995100815399,High
5095.73,360.47,2.96,8.1,0.55,5.87,Rail,Rain,Textiles,Dubai,Los Angeles,0,0.5949861839195514,Medium
6801.64,222.8,3.92,7.5,0.88,13.54,Sea,Clear,Textiles,Dubai,Shanghai,1,0.5309342437873673,Medium
11721.26,128.89,4.44,7.6,0.93,26.96,Sea,Rain,Pharmaceuticals,Hamburg,Rotterdam,1,0.5087751330810212,Medium
9227.89,96.02,2.56,3.9,0.79,11.5,Rail,Fog,Textiles,Antwerp,Rotterdam,0,0.3944065134152814,Medium
13441.59,335.31,3.72,7.5,0.58,7.81,Air,Hurricane,Automotive,Hamburg,Rotterdam,1,0.9897401542481752,High
6929.01,1.2,1.53,3.9,0.51,5.29,Road,Rain,Automotive,Singapore,Busan,0,0.3344810310933605,Medium
9302.8,403.14,3.76,9.0,0.85,75.22,Rail,Hurricane,Pharmaceuticals,Shanghai,Singapore,1,0.9989421772225132,High
9653.96,40.55,2.43,1.8,0.78,0.5,Air,Fog,Automotive,Dubai,Marseille,1,0.32354774325399516,Medium
9079.61,96.55,1.33,2.9,0.83,115.16,Sea,Hurricane,Electronics,Dubai,Shanghai,1,0.9986776347922655,High
10688.19,193.73,2.4,5.5,0.91,5.16,Air,Hurricane,Pharmaceuticals,Busan,Singapore,1,0.983734546729164,High
3942.79,242.94,3.22,3.2,0.72,6.26,Sea,Clear,Pharmaceuticals,Busan,Rotterdam,0,0.25338397011529296,Low
7929.27,178.14,1.59,4.2,0.56,6.69,Road,Rain,Electronics,Shanghai,Busan,0,0.3227319092588164,Medium
2011.26,161.04,4.25,4.9,0.97,4.48,Road,Storm,Electronics,Busan,Antwerp,1,0.7283169645174102,High
6075.41,481.99,1.46,8.6,0.77,35.7,Sea,Storm,Automotive,Hamburg,Busan,1,0.911419838543616,High
7571.17,321.15,4.27,5.2,0.81,1.0,Air,Clear,Pharmaceuticals,Busan,Dubai,0,0.45497977256963407,Medium
9957.25,12.69,3.53,3.6,0.97,8.82,Road,Rain,Automotive,Dubai,Hamburg,0,0.2499334765236346,Low
14282.7,215.66,2.29,2.5,0.97,178.27,Sea,Hurricane,Automotive,Shanghai,Marseille,1,0.9997588339831599,High
9209.44,437.63,2.49,4.1,0.79,45.97,Sea,Storm,Electronics,Los Angeles,Marseille,1,0.8670773206372436,High
11282.11,151.43,3.64,5.2,0.65,5.62,Air,Hurricane,Automotive,Busan,Antwerp,1,0.9821404728076779,High
7840.86,48.18,3.18,7.5,1.0,9.46,Road,Fog,Electronics,Shanghai,Antwerp,1,0.5035828633406467,Medium
9694.51,379.43,3.42,1.2,0.84,20.72,Sea,Fog,Automotive,Shanghai,Antwerp,0,0.2099358523763308,Low
1528.52,303.4,2.48,2.2,0.7,0.5,Air,Fog,Pharmaceuticals,Antwerp,Busan,1,0.4106849228324281,Medium
4188.68,285.59,2.81,3.8,0.78,0.69,Air,Clear,Pharmaceuticals,Rotterdam,Dubai,0,0.38022448744251963,Medium
5746.87,27.73,4.47,3.6,0.71,11.45,Sea,Rain,Electronics,Hamburg,Marseille,0,0.333933039844015,Medium
7351.15,71.11,1.91,3.9,0.94,1.28,Air,Clear,Textiles,Shanghai,Dubai,1,0.3845756850944352,Medium
1161.91,311.65,2.58,7.9,0.74,0.5,Air,Storm,Electronics,Shanghai,Marseille,1,0.9126796529641591,High
2530.35,104.7,2.16,3.2,0.91,3.9,Sea,Clear,Automotive,Rotterdam,Los Angeles,0,0.15372332850407433,Low
4513.81,252.53,3.72,5.0,0.92,26.68,Road,Hurricane,Pharmaceuticals,Hamburg,Rotterdam,1,0.9885363861322762,High
14587.22,272.9,3.72,6.2,0.91,13.51,Road,Rain,Electronics,Shanghai,Hamburg,0,0.35730756180685747,Medium
5304.53,142.47,2.17,2.3,0.86,10.24,Road,Storm,Textiles,Rotterdam,Marseille,0,0.6712960788233634,High
7489.6,474.26,1.47,7.2,0.93,0.93,Air,Fog,Perishables,Busan,Antwerp,1,0.5748440752045558,Medium
3343.42,421.39,1.24,5.5,0.69,8.89,Sea,Fog,Perishables,Rotterdam,Busan,0,0.3462322305901757,Medium
9356.31,361.46,2.61,4.5,0.56,47.44,Sea,Storm,Textiles,Los Angeles,Busan,1,0.8897818049685131,High
4569.91,39.92,2.55,8.1,0.92,27.38,Sea,Storm,Perishables,Singapore,Hamburg,1,0.8835613916352931,High
3501.39,53.96,4.46,2.4,0.75,6.4,Sea,Clear,Pharmaceuticals,Hamburg,Shanghai,0,0.2678558310735607,Low
7990.3,246.9,2.75,8.8,0.56,128.57,Sea,Hurricane,Automotive,Antwerp,Marseille,1,0.9998357930966518,High
579.83,81.2,2.05,5.6,0.56,0.81,Road,Rain,Perishables,Rotterdam,Dubai,1,0.4344073629447377,Medium
611.13,489.15,4.14,6.1,0.58,0.95,Road,Rain,Textiles,Busan,Rotterdam,1,0.5542142478130995,Medium
3676.5,80.1,2.82,8.8,0.88,11.94,Sea,Fog,Pharmaceuticals,Dubai,Singapore,1,0.642349810630427,High
1032.46,244.25,3.18,8.2,0.86,0.99,Air,Hurricane,Automotive,Antwerp,Dubai,1,0.9920911570552421,High
2066.37,182.7,1.52,6.0,0.6,0.83,Air,Hurricane,Automotive,Busan,Marseille,1,0.991017635247152,High
5413.48,320.05,2.46,7.5,0.92,10.55,Sea,Clear,Pharmaceuticals,Singapore,Dubai,1,0.4521021515827057,Medium
12137.49,65.39,4.32,4.3,0.64,20.82,Sea,Clear,Pharmaceuticals,Hamburg,Antwerp,1,0.36704743426927944,Medium
8794.71,215.73,3.15,5.5,0.9,15.06,Sea,Clear,Electronics,Los Angeles,Marseille,0,0.3777211842452174,Medium
7933.68,138.08,2.34,0.6,0.74,5.7,Road,Rain,Textiles,Shanghai,Los Angeles,1,0.17800095940722852,Low
4755.59,443.99,3.26,0.9,0.87,2.62,Air,Hurricane,Textiles,Singapore,Antwerp,1,0.9685237631877076,High
14010.43,21.25,4.2,8.3,0.69,15.61,Rail,Rain,Pharmaceuticals,Los Angeles,Dubai,1,0.5465956150948862,Medium
6256.72,456.95,2.1,0.6,0.67,5.13,Road,Fog,Automotive,Dubai,Rotterdam,0,0.22817374139734883,Low
1762.85,416.66,2.87,1.7,0.92,0.5,Air,Rain,Automotive,Antwerp,Singapore,0,0.35187567742861137,Medium
9447.46,149.49,4.36,8.0,0.52,0.86,Air,Clear,Textiles,Dubai,Los Angeles,1,0.6440802072609539,High
2150.66,394.86,1.77,0.0,0.99,0.5,Air,Clear,Electronics,Dubai,Busan,0,0.2029789113980424,Low
5505.74,16.58,3.57,2.8,0.82,26.12,Sea,Storm,Textiles,Busan,Dubai,1,0.7311371270049523,High
7857.47,483.47,3.23,5.8,0.72,7.63,Rail,Clear,Pharmaceuticals,Busan,Los Angeles,0,0.3811568152370255,Medium
13176.23,263.77,3.44,6.0,0.81,1.1,Air,Rain,Electronics,Busan,Singapore,1,0.455076057280757,Medium
7656.43,152.34,2.36,7.8,0.56,8.06,Road,Rain,Automotive,Hamburg,Marseille,1,0.6298959008045336,High
10682.75,181.93,2.24,5.1,0.76,23.61,Road,Storm,Textiles,Rotterdam,Dubai,0,0.8045476584153932,High
14895.84,34.14,3.46,5.1,0.99,19.06,Rail,Fog,Perishables,Hamburg,Shanghai,0,0.40860842059622854,Medium
2406.59,494.69,1.91,7.3,0.62,0.6,Air,Clear,Perishables,Rotterdam,Dubai,1,0.6163899172100596,High
4483.61,20.61,2.58,5.0,0.86,7.96,Sea,Clear,Electronics,Hamburg,Marseille,0,0.36422724880910584,Medium
6221.35,327.8,1.82,6.1,0.72,2.79,Air,Hurricane,Perishables,Los Angeles,Singapore,1,0.9898541925321251,High
6616.51,221.93,1.23,9.0,0.83,16.72,Road,Storm,Perishables,Busan,Hamburg,1,0.9000284444951108,High
6459.81,474.51,4.4,4.0,0.6,7.25,Rail,Rain,Perishables,Dubai,Singapore,0,0.40464059969882304,Medium
13660.36,123.75,2.62,3.9,0.74,26.69,Sea,Rain,Textiles,Hamburg,Marseille,0,0.4200694745958531,Medium
10853.47,266.51,4.4,0.0,0.99,1.03,Air,Clear,Pharmaceuticals,Singapore,Busan,0,0.15025500327358826,Low
9314.63,241.7,1.66,6.1,0.6,8.21,Rail,Clear,Pharmaceuticals,Rotterdam,Antwerp,0,0.40482204902175317,Medium
4985.9,351.73,3.14,0.3,0.82,0.5,Air,Rain,Pharmaceuticals,Dubai,Singapore,0,0.2851286300295068,Low
12444.96,34.94,1.86,5.0,0.79,173.28,Sea,Hurricane,Pharmaceuticals,Hamburg,Marseille,1,0.9998968957548372,High
14348.38,97.7,3.81,8.0,0.78,222.48,Sea,Hurricane,Textiles,Busan,Hamburg,1,0.9999886418150646,High
12407.38,108.07,3.79,5.5,0.81,12.45,Rail,Rain,Textiles,Rotterdam,Singapore,1,0.389898778144321,Medium
522.69,369.34,1.57,2.7,0.75,2.51,Sea,Storm,Textiles,Rotterdam,Singapore,0,0.6196623003893336,High
9727.82,95.38,4.21,7.9,0.51,9.32,Road,Rain,Perishables,Hamburg,Busan,1,0.5594808027520362,Medium
1241.46,287.17,1.84,2.7,0.95,0.59,Air,Rain,Automotive,Rotterdam,Busan,1,0.2690596212030182,Low
4235.3,108.41,3.22,7.3,0.91,3.22,Rail,Clear,Electronics,Rotterdam,Busan,1,0.3590886380438248,Medium
1363.11,430.95,4.45,6.1,0.59,20.05,Sea,Hurricane,Automotive,Rotterdam,Marseille,1,0.9871377262085759,High
9255.03,471.15,4.11,1.7,0.71,7.68,Rail,Rain,Textiles,Rotterdam,Busan,1,0.18114759777122802,Low
10455.55,259.73,4.36,9.1,0.89,0.61,Air,Clear,Electronics,Los Angeles,Shanghai,0,0.6330668294747767,High
2160.07,176.8,2.33,2.0,0.99,0.5,Air,Fog,Pharmaceuticals,Shanghai,Singapore,0,0.3893370565872843,Medium
6065.66,117.79,1.55,9.9,0.98,51.32,Rail,Hurricane,Automotive,Singapore,Dubai,1,0.9976253899817147,High
7115.43,25.84,1.82,0.1,0.95,3.58,Road,Clear,Perishables,Dubai,Singapore,0,0.16821075828284873,Low
5851.27,134.98,2.85,2.6,0.58,0.5,Air,Fog,Textiles,Rotterdam,Marseille,1,0.4608437921464545,Medium
2254.86,327.46,3.82,2.0,0.96,3.27,Sea,Rain,Automotive,Busan,Rotterdam,0,0.1542823239760161,Low
6574.74,267.27,1.7,0.1,0.94,1.32,Air,Fog,Perishables,Hamburg,Rotterdam,0,0.24221834804899625,Low
11392.08,472.08,3.38,7.3,0.69,11.01,Rail,Clear,Automotive,Dubai,Shanghai,1,0.5066327568566564,Medium
1529.61,198.74,2.27,6.9,0.7,1.79,Rail,Rain,Electronics,Rotterdam,Antwerp,0,0.44727763980977503,Medium
1662.61,347.24,2.33,7.9,0.73,11.79,Road,Hurricane,Textiles,Los Angeles,Shanghai,1,0.9942891939878835,High
5644.18,245.17,3.38,2.6,0.83,70.84,Sea,Hurricane,Automotive,Singapore,Marseille,1,0.994573843944798,High
14155.02,256.78,2.74,4.4,0.63,24.14,Sea,Clear,Textiles,Dubai,Busan,1,0.35457734652120965,Medium
10194.3,134.62,3.88,6.6,0.51,1.12,Air,Fog,Automotive,Dubai,Singapore,1,0.6375336434537097,High
10340.71,228.02,1.71,4.4,0.57,10.79,Rail,Rain,Textiles,Rotterdam,Dubai,0,0.35414553933599235,Medium
5747.84,235.92,3.81,7.0,0.72,0.5,Air,Fog,Textiles,Dubai,Shanghai,0,0.6982228466014101,High
9108.08,353.61,1.41,6.3,0.64,57.01,Road,Hurricane,Pharmaceuticals,Busan,Hamburg,1,0.9970158998709102,High
646.9,470.38,1.84,1.1,0.88,1.36,Sea,Clear,Textiles,Rotterdam,Los Angeles,0,0.13449098608484977,Low
9723.39,165.33,3.37,7.8,0.55,28.31,Sea,Fog,Pharmaceuticals,Hamburg,Singapore,0,0.7366095588712104,High
13742.66,22.06,4.02,7.2,0.96,7.73,Air,Hurricane,Automotive,Shanghai,Dubai,1,0.9817807226064542,High
9382.32,248.65,2.03,6.6,0.95,58.63,Road,Hurricane,Perishables,Singapore,Dubai,1,0.9963357139619393,High
13168.63,272.69,2.28,1.6,0.95,59.87,Sea,Storm,Perishables,Antwerp,Rotterdam,1,0.7775192262373437,High
10997.61,85.05,2.97,2.7,0.87,0.64,Air,Fog,Pharmaceuticals,Busan,Dubai,0,0.3069959641199722,Medium
2248.1,380.47,1.9,3.9,0.55,3.3,Rail,Fog,Perishables,Rotterdam,Singapore,1,0.4238404591250641,Medium
13585.57,492.48,3.88,2.8,0.72,1.3,Air,Fog,Pharmaceuticals,Busan,Antwerp,0,0.32933715705423017,Medium
1463.44,472.94,3.75,2.3,0.57,0.52,Road,Rain,Electronics,Dubai,Antwerp,0,0.3164304336764053,Medium
8242.53,99.36,1.68,8.1,0.99,8.66,Rail,Clear,Textiles,Rotterdam,Singapore,1,0.5144290055450675,Medium
2560.99,437.81,2.73,6.4,0.67,2.47,Rail,Clear,Automotive,Singapore,Shanghai,0,0.5147551225985298,Medium
669.75,352.54,3.76,5.7,0.79,1.26,Rail,Clear,Perishables,Dubai,Los Angeles,0,0.38949111086525307,Medium
6619.5,227.47,2.31,2.3,0.89,13.06,Road,Storm,Perishables,Hamburg,Rotterdam,0,0.6495021314082653,High
4778.09,270.76,3.29,9.2,0.96,6.16,Rail,Rain,Pharmaceuticals,Busan,Hamburg,1,0.5656470211782947,Medium
7547.01,424.95,1.37,1.9,0.88,0.5,Air,Clear,Textiles,Hamburg,Shanghai,0,0.36002056992009446,Medium
8869.4,240.59,3.21,7.9,0.84,1.69,Air,Storm,Pharmaceuticals,Rotterdam,Marseille,1,0.8548024440264197,High
1134.22,187.23,1.7,9.7,0.73,1.7,Sea,Clear,Automotive,Busan,Marseille,1,0.6009323909212689,High
2283.55,247.13,3.94,7.3,0.8,1.97,Rail,Clear,Automotive,Dubai,Singapore,0,0.5345348844094769,Medium
8600.31,289.99,2.37,9.9,0.55,27.05,Sea,Fog,Pharmaceuticals,Shanghai,Hamburg,1,0.763653335241348,High
5475.93,95.35,2.13,6.5,0.94,0.5,Air,Clear,Automotive,Busan,Los Angeles,0,0.454102235715976,Medium
11073.02,450.55,3.97,2.2,0.77,26.01,Sea,Fog,Automotive,Singapore,Antwerp,1,0.30646594523817905,Medium
9958.23,337.42,1.37,2.0,0.52,0.5,Air,Clear,Electronics,Rotterdam,Marseille,0,0.31056926976387467,Medium
12761.26,317.0,2.51,3.2,0.96,13.69,Road,Fog,Textiles,Shanghai,Singapore,0,0.3568856739640314,Medium
10541.15,50.65,2.42,0.1,0.75,18.29,Sea,Rain,Perishables,Hamburg,Marseille,0,0.18646833627808554,Low
6734.0,302.48,2.14,6.8,0.93,16.63,Road,Storm,Pharmaceuticals,Singapore,Hamburg,1,0.848554877453021,High
10258.02,61.36,4.21,2.7,0.93,129.12,Sea,Hurricane,Textiles,Antwerp,Dubai,1,0.999082362712023,High
4493.03,40.27,3.68,8.2,0.91,12.11,Rail,Storm,Pharmaceuticals,Los Angeles,Shanghai,1,0.87934745206831,High
4941.55,264.13,1.41,3.6,0.53,0.59,Air,Clear,Pharmaceuticals,Busan,Dubai,1,0.46889885379571095,Medium
11940.28,201.99,3.56,4.8,0.62,70.44,Road,Hurricane,Pharmaceuticals,Dubai,Busan,1,0.9965688194735463,High
6973.08,294.82,2.94,9.7,0.94,3.82,Air,Hurricane,Automotive,Shanghai,Marseille,1,0.9930560209338181,High
12076.51,45.52,4.17,2.4,0.95,23.9,Road,Storm,Electronics,Dubai,Busan,0,0.6123161026347156,High
12425.12,216.06,2.23,7.2,0.73,12.46,Rail,Clear,Electronics,Singapore,Shanghai,0,0.5076499602226382,Medium
12934.65,88.22,3.09,7.6,0.72,29.13,Sea,Rain,Textiles,Los Angeles,Shanghai,0,0.6282214392419657,High
13791.21,493.56,2.85,2.2,0.59,1.19,Air,Rain,Pharmaceuticals,Los Angeles,Shanghai,0,0.3175089020831031,Medium
6749.29,281.01,2.82,5.0,0.98,17.69,Sea,Fog,Automotive,Hamburg,Rotterdam,1,0.373290249441319,Medium
5123.57,344.03,2.71,3.5,0.61,3.41,Road,Clear,Perishables,Los Angeles,Shanghai,1,0.38519485783124174,Medium
8941.88,163.38,1.88,7.7,0.6,138.02,Sea,Hurricane,Pharmaceuticals,Singapore,Rotterdam,1,0.9998207124227191,High
5882.0,48.27,3.69,6.2,0.83,14.59,Road,Storm,Automotive,Shanghai,Dubai,1,0.8063199123173276,High
9215.58,487.96,2.69,4.8,0.62,6.64,Road,Clear,Perishables,Busan,Singapore,1,0.43099651807624795,Medium
10731.0,143.84,4.36,7.8,0.97,20.59,Sea,Clear,Pharmaceuticals,Shanghai,Rotterdam,0,0.43882004959434534,Medium
10481.87,212.48,2.06,2.4,0.51,56.09,Road,Hurricane,Textiles,Antwerp,Singapore,1,0.99530656864977,High
5931.02,325.28,3.45,7.5,0.5,0.88,Air,Clear,Perishables,Los Angeles,Marseille,0,0.7083282968111013,High
2919.47,13.32,4.3,8.7,0.75,1.68,Air,Hurricane,Pharmaceuticals,Busan,Dubai,1,0.9933629671737662,High
6742.68,405.32,3.39,8.8,0.74,1.36,Air,Storm,Textiles,Dubai,Busan,1,0.9011400607542016,High
2567.62,268.75,4.08,7.8,0.58,6.34,Rail,Storm,Automotive,Singapore,Shanghai,1,0.8854537758130379,High
13406.41,139.83,3.93,4.1,0.75,66.87,Sea,Storm,Pharmaceuticals,Dubai,Los Angeles,1,0.8906336514977098,High
5515.22,31.74,2.39,9.8,0.71,16.56,Rail,Storm,Electronics,Antwerp,Hamburg,1,0.9201422825777543,High
2739.67,82.09,3.18,3.8,0.95,7.13,Rail,Storm,Electronics,Rotterdam,Los Angeles,1,0.5785986766080251,Medium
868.99,447.62,1.72,6.4,0.51,1.07,Rail,Fog,Pharmaceuticals,Antwerp,Rotterdam,0,0.5780867018437185,Medium
9864.42,343.33,2.97,1.6,0.99,4.3,Air,Hurricane,Pharmaceuticals,Dubai,Hamburg,1,0.9545361214402066,High
9735.08,125.7,1.96,9.8,0.81,30.22,Sea,Fog,Pharmaceuticals,Antwerp,Singapore,1,0.7717837831517802,High
5438.76,33.73,3.65,7.0,0.58,0.5,Air,Rain,Automotive,Dubai,Antwerp,0,0.6088999854366594,High
1539.82,345.62,2.94,7.5,0.52,12.55,Rail,Hurricane,Electronics,Singapore,Hamburg,1,0.9925507537668338,High
6439.62,286.63,2.56,0.7,0.77,14.51,Sea,Fog,Automotive,Hamburg,Rotterdam,1,0.2088445305247168,Low
5012.65,202.86,2.09,7.6,0.62,1.89,Air,Storm,Textiles,Dubai,Hamburg,1,0.9127563240566662,High
10318.25,182.44,4.5,7.7,0.65,59.99,Sea,Storm,Textiles,Dubai,Rotterdam,1,0.9595123345024655,High
9283.8,109.19,1.44,6.7,0.62,25.82,Sea,Fog,Pharmaceuticals,Hamburg,Dubai,1,0.611302411736861,High
5786.61,335.14,1.34,2.9,0.83,10.02,Sea,Clear,Textiles,Busan,Antwerp,1,0.2695074513915793,Low
3659.44,485.36,1.92,4.9,0.78,24.97,Rail,Hurricane,Electronics,Shanghai,Los Angeles,1,0.9842335237368555,High
14826.52,88.68,4.4,1.1,0.54,10.74,Road,Rain,Electronics,Los Angeles,Marseille,0,0.234848955011368,Low
7083.02,298.96,4.43,4.7,0.76,7.51,Road,Fog,Textiles,Busan,Hamburg,0,0.4672943641580931,Medium
10479.98,212.67,3.36,2.4,0.9,10.76,Road,Fog,Perishables,Antwerp,Los Angeles,0,0.23799064211497248,Low
2538.02,223.9,4.1,3.5,0.54,2.72,Rail,Fog,Perishables,Busan,Rotterdam,0,0.38811129926395854,Medium
7541.05,127.82,1.91,1.6,0.95,4.78,Road,Clear,Pharmaceuticals,Hamburg,Marseille,0,0.23869474383437309,Low
899.28,412.74,4.41,2.3,0.79,0.5,Rail,Rain,Perishables,Rotterdam,Hamburg,1,0.21597050200445067,Low
7829.1,243.14,1.67,0.8,0.98,17.18,Sea,Fog,Electronics,Antwerp,Busan,0,0.16290671472985196,Low
14478.25,272.16,1.53,9.2,0.57,21.26,Rail,Fog,Pharmaceuticals,Antwerp,Hamburg,1,0.7096699542171195,High
6071.0,153.08,1.57,5.3,1.0,4.11,Road,Clear,Perishables,Rotterdam,Shanghai,0,0.32162062879135256,Medium
1065.44,91.72,3.09,4.0,0.82,7.7,Rail,Hurricane,Perishables,Shanghai,Busan,1,0.9683646821182734,High
948.86,43.87,3.78,5.4,0.78,7.27,Rail,Hurricane,Electronics,Rotterdam,Dubai,1,0.9765523503421305,High
6125.81,357.35,2.41,6.3,0.76,8.57,Rail,Fog,Automotive,Los Angeles,Dubai,1,0.49663863528701724,Medium
2820.36,98.92,4.43,9.2,0.51,3.08,Road,Rain,Automotive,Hamburg,Dubai,1,0.682496899338704,High
838.61,345.35,2.63,1.8,0.97,0.5,Air,Fog,Electronics,Busan,Marseille,1,0.39701604787492173,Medium
11465.1,195.8,1.7,3.0,0.82,0.5,Air,Rain,Textiles,Dubai,Rotterdam,1,0.3154383886891915,Medium
7148.58,208.47,2.74,9.8,0.55,58.91,Rail,Hurricane,Automotive,Shanghai,Singapore,1,0.9988268820834086,High
4694.05,235.12,3.44,3.7,0.51,9.18,Road,Storm,Perishables,Antwerp,Marseille,1,0.8016485587449501,High
13551.21,184.49,3.95,0.2,0.53,28.68,Sea,Fog,Pharmaceuticals,Shanghai,Rotterdam,0,0.24158810661873395,Low
2184.01,51.21,2.71,1.5,0.81,0.5,Air,Clear,Pharmaceuticals,Singapore,Los Angeles,0,0.30779760864831945,Medium
14360.82,155.51,3.16,0.3,0.81,11.66,Rail,Rain,Electronics,Antwerp,Marseille,0,0.15857607270329083,Low
5052.52,332.2,2.08,9.9,0.75,7.53,Road,Fog,Perishables,Hamburg,Dubai,1,0.7269654659537665,High
13381.85,333.23,3.33,2.8,0.65,13.92,Road,Fog,Automotive,Antwerp,Hamburg,0,0.323698421682136,Medium
9242.67,143.83,4.45,9.2,0.77,28.49,Sea,Fog,Electronics,Rotterdam,Los Angeles,1,0.6053194953915316,High
12487.26,230.59,1.36,10.0,0.76,207.59,Sea,Hurricane,Electronics,Busan,Dubai,1,0.9999860946168665,High
14768.19,97.53,4.13,6.0,0.51,32.0,Sea,Rain,Pharmaceuticals,Rotterdam,Hamburg,1,0.4658408293668348,Medium
4681.88,105.98,3.06,0.3,0.64,6.92,Sea,Clear,Textiles,Los Angeles,Shanghai,1,0.21749866777990937,Low
14436.46,12.5,2.03,0.8,0.53,62.68,Sea,Storm,Electronics,Rotterdam,Los Angeles,0,0.753873623535885,High
6147.49,448.48,4.35,4.8,0.95,32.58,Sea,Storm,Electronics,Antwerp,Hamburg,1,0.7984181597311387,High
6089.92,106.14,2.8,4.1,0.86,15.16,Sea,Fog,Electronics,Hamburg,Los Angeles,0,0.3194563997267752,Medium
5435.61,114.54,2.29,6.1,1.0,0.5,Air,Rain,Textiles,Busan,Marseille,1,0.5559071858811229,Medium
8350.41,140.52,1.8,4.4,0.65,21.53,Sea,Fog,Pharmaceuticals,Singapore,Hamburg,1,0.4554697798831669,Medium
2735.1,64.58,2.01,9.3,0.94,1.76,Road,Clear,Pharmaceuticals,Hamburg,Singapore,1,0.6599507586187783,High
8528.82,319.99,3.95,5.3,0.8,1.14,Air,Rain,Automotive,Hamburg,Shanghai,1,0.4798575328929482,Medium
8354.72,38.5,3.23,6.9,0.73,124.38,Sea,Hurricane,Pharmaceuticals,Busan,Rotterdam,1,0.9995935016651365,High
11547.58,67.97,4.21,9.0,0.61,79.96,Road,Hurricane,Textiles,Busan,Marseille,1,0.999389574558251,High
12587.92,322.73,1.97,1.5,0.87,11.74,Road,Fog,Textiles,Los Angeles,Rotterdam,0,0.2578993335370198,Low
6886.4,170.49,1.6,2.3,0.95,16.23,Rail,Storm,Pharmaceuticals,Singapore,Busan,1,0.6069174614949231,High
4883.83,354.27,1.22,1.1,0.62,7.6,Sea,Clear,Pharmaceuticals,Singapore,Dubai,0,0.20668692504814007,Low
4260.36,279.15,2.88,1.4,0.59,3.33,Road,Rain,Pharmaceuticals,Rotterdam,Dubai,1,0.2231759890972749,Low
3322.05,128.75,4.49,5.1,0.85,0.5,Air,Rain,Automotive,Hamburg,Antwerp,0,0.4916119287445626,Medium
1335.89,325.76,3.49,3.2,0.99,0.66,Road,Rain,Perishables,Hamburg,Singapore,0,0.32766029019734616,Medium
5465.5,59.02,2.22,4.2,0.88,27.23,Sea,Storm,Electronics,Busan,Dubai,1,0.7478911490648994,High
4418.59,268.67,4.09,9.8,0.64,12.78,Sea,Fog,Electronics,Shanghai,Marseille,0,0.7073938599484229,High
14513.05,219.14,3.78,1.6,0.71,22.3,Sea,Clear,Textiles,Hamburg,Dubai,0,0.2422161739908695,Low
8586.78,134.67,1.25,5.4,0.69,22.78,Rail,Storm,Pharmaceuticals,Antwerp,Singapore,1,0.8610572791270176,High
5535.52,302.4,3.9,1.0,0.93,9.81,Road,Storm,Perishables,Rotterdam,Marseille,1,0.5381891219275893,Medium
8916.78,435.8,2.19,3.2,0.89,22.26,Sea,Fog,Electronics,Busan,Antwerp,0,0.3194783044806968,Medium
2518.35,499.45,1.69,5.3,0.79,0.5,Air,Fog,Electronics,Los Angeles,Busan,1,0.5338390844042518,Medium
6938.63,304.27,1.95,9.5,0.64,17.16,Sea,Rain,Perishables,Singapore,Dubai,0,0.6423546742279838,High
9580.4,202.95,2.75,3.9,0.97,23.45,Sea,Fog,Electronics,Shanghai,Dubai,0,0.3152816733396645,Medium
7589.02,113.38,2.6,0.6,0.83,7.15,Rail,Fog,Textiles,Hamburg,Shanghai,0,0.26561067863751386,Low
6325.79,129.29,2.15,3.9,0.99,11.91,Sea,Rain,Pharmaceuticals,Busan,Rotterdam,0,0.2404392145441869,Low
14910.8,240.25,1.77,1.5,0.79,11.2,Road,Rain,Perishables,Shanghai,Dubai,0,0.169439895350475,Low
13264.56,184.27,3.72,2.3,0.91,20.99,Sea,Clear,Perishables,Dubai,Hamburg,0,0.1970403057889074,Low
9539.39,456.99,4.47,6.2,0.91,2.12,Air,Storm,Electronics,Busan,Rotterdam,1,0.7817014475391402,High
8755.97,184.78,3.77,0.7,0.67,12.64,Sea,Clear,Automotive,Antwerp,Busan,1,0.14465936462705395,Low
9499.58,187.35,2.18,4.6,0.98,5.96,Road,Clear,Perishables,Hamburg,Rotterdam,0,0.29732824539203473,Low
3419.03,192.38,2.01,6.1,0.51,4.62,Road,Fog,Automotive,Busan,Singapore,1,0.6099960013694552,High
6229.5,418.47,1.92,4.2,0.88,15.83,Sea,Fog,Perishables,Shanghai,Busan,0,0.3001003407410013,Medium
1072.16,325.74,1.65,0.2,0.98,0.5,Air,Clear,Electronics,Dubai,Busan,0,0.22084077472444658,Low
7395.42,307.47,3.02,9.9,0.67,46.56,Sea,Storm,Perishables,Singapore,Antwerp,1,0.9611425252131426,High
8373.86,167.74,3.2,3.7,0.82,7.7,Road,Rain,Electronics,Hamburg,Antwerp,1,0.3182656166170565,Medium
3802.37,409.13,3.53,7.8,0.78,0.85,Air,Clear,Perishables,Rotterdam,Busan,0,0.5512870314826339,Medium
14478.42,20.14,3.44,3.3,0.88,34.95,Rail,Storm,Perishables,Singapore,Los Angeles,1,0.7148243334332062,High
13687.09,435.53,2.16,4.8,0.93,27.73,Sea,Rain,Pharmaceuticals,Rotterdam,Hamburg,0,0.29475467946985234,Low
10971.08,256.86,2.29,3.9,0.8,55.09,Sea,Storm,Perishables,Dubai,Marseille,1,0.8834653115797667,High
8234.11,199.73,3.45,3.4,0.91,52.9,Rail,Hurricane,Automotive,Busan,Dubai,1,0.990062359032994,High
13114.55,249.09,2.35,0.2,0.66,12.02,Rail,Rain,Pharmaceuticals,Rotterdam,Busan,0,0.12048451449671614,Low
2394.46,334.04,1.9,3.6,0.61,1.98,Rail,Clear,Textiles,Dubai,Antwerp,1,0.4003897511871622,Medium
11962.39,7.37,2.44,8.9,0.72,81.77,Road,Hurricane,Automotive,Rotterdam,Hamburg,1,0.9987834296367857,High
2309.9,435.9,2.1,6.9,0.84,2.62,Rail,Fog,Electronics,Singapore,Marseille,0,0.5657125951588979,Medium
12016.05,223.92,1.49,1.5,0.59,4.73,Air,Hurricane,Electronics,Hamburg,Los Angeles,1,0.95870877422157,High
4498.63,172.14,3.94,5.9,0.84,5.27,Road,Fog,Textiles,Dubai,Shanghai,1,0.558812258486757,Medium
13217.81,69.98,4.02,8.9,0.7,1.19,Air,Rain,Automotive,Antwerp,Marseille,0,0.625367783015993,High
14188.61,220.29,1.93,7.0,0.9,39.29,Sea,Fog,Pharmaceuticals,Dubai,Antwerp,0,0.6068647299003617,High
2657.54,248.67,1.41,1.5,0.52,0.5,Air,Storm,Perishables,Singapore,Hamburg,1,0.7442236424420109,High
7208.8,202.42,3.64,8.7,0.83,20.85,Sea,Fog,Pharmaceuticals,Hamburg,Antwerp,0,0.6562153150200192,High
14724.32,339.65,1.9,3.0,0.83,23.83,Sea,Clear,Pharmaceuticals,Hamburg,Singapore,0,0.300620672580569,Medium
7509.41,211.03,2.5,4.5,0.97,16.43,Road,Storm,Automotive,Shanghai,Rotterdam,1,0.7096539038194178,High
13021.44,480.75,1.41,5.3,0.86,1.1,Air,Fog,Perishables,Los Angeles,Rotterdam,0,0.4167324195124493,Medium
9036.61,300.04,1.95,8.5,0.9,26.19,Rail,Storm,Electronics,Rotterdam,Hamburg,1,0.8711194237033779,High
5942.28,403.93,3.82,9.3,0.95,8.92,Rail,Fog,Perishables,Shanghai,Los Angeles,1,0.5630900448359302,Medium
4643.86,55.57,3.85,9.3,0.84,32.19,Road,Hurricane,Perishables,Rotterdam,Marseille,1,0.9959411729402151,High
3446.73,199.25,1.88,0.1,0.65,16.64,Road,Hurricane,Pharmaceuticals,Dubai,Rotterdam,1,0.9642413924478148,High
11546.07,169.09,2.31,9.2,0.94,15.14,Road,Fog,Pharmaceuticals,Dubai,Marseille,1,0.6726776079437616,High
6104.84,285.17,1.64,0.5,0.87,35.23,Rail,Hurricane,Electronics,Hamburg,Singapore,1,0.9790647831724623,High
7913.49,430.7,1.44,2.7,0.71,42.45,Road,Hurricane,Pharmaceuticals,Hamburg,Shanghai,1,0.9912456108932081,High
7638.72,40.09,4.47,5.1,0.86,19.08,Sea,Fog,Pharmaceuticals,Dubai,Hamburg,0,0.4180235366897565,Medium
8870.55,37.21,3.36,4.8,0.93,1.07,Air,Clear,Perishables,Shanghai,Rotterdam,0,0.3596568220998637,Medium
13050.87,425.31,2.99,6.0,0.99,27.86,Sea,Rain,Electronics,Dubai,Marseille,0,0.4251998550483754,Medium
14720.72,107.21,3.73,4.8,0.98,37.47,Sea,Fog,Electronics,Rotterdam,Busan,1,0.33697572252408114,Medium
6409.97,334.71,3.97,9.3,0.66,52.23,Rail,Hurricane,Textiles,Singapore,Antwerp,1,0.9985154549603169,High
12499.02,271.9,3.86,2.4,0.71,5.99,Air,Hurricane,Automotive,Rotterdam,Marseille,1,0.9625743754347328,High
11585.65,416.61,1.25,2.7,0.56,0.56,Air,Rain,Automotive,Hamburg,Busan,0,0.29503032700418813,Low
8816.17,63.42,1.82,9.2,0.62,7.39,Road,Clear,Electronics,Dubai,Singapore,0,0.6684877373512127,High
14362.68,65.76,3.36,0.8,0.94,0.58,Air,Clear,Perishables,Busan,Rotterdam,0,0.15467063713230383,Low
3406.88,278.85,2.44,6.1,0.68,8.65,Road,Storm,Automotive,Antwerp,Los Angeles,1,0.8038721617796111,High
2084.33,473.24,4.44,6.8,0.81,15.53,Rail,Hurricane,Pharmaceuticals,Dubai,Rotterdam,1,0.9890805806325068,High
12882.45,208.08,3.4,5.1,0.83,11.04,Road,Rain,Pharmaceuticals,Rotterdam,Hamburg,1,0.2994478157635339,Low
6867.67,164.14,4.36,6.9,0.89,7.78,Road,Fog,Electronics,Shanghai,Hamburg,1,0.4940494483397081,Medium
12781.05,303.74,1.86,1.7,0.59,65.99,Road,Hurricane,Perishables,Los Angeles,Shanghai,1,0.9940751453385854,High
13449.81,465.29,4.05,8.5,0.65,1.32,Air,Rain,Automotive,Rotterdam,Marseille,1,0.5602387036399422,Medium
1405.64,418.63,2.26,1.4,0.72,3.38,Sea,Fog,Automotive,Los Angeles,Marseille,1,0.2517388937606688,Low
13310.24,497.75,4.47,4.0,0.68,13.38,Rail,Rain,Automotive,Los Angeles,Marseille,0,0.3442256980366509,Medium
7000.63,12.26,1.72,0.8,0.99,9.67,Sea,Clear,Electronics,Shanghai,Antwerp,0,0.12503345884285738,Low
7901.27,57.32,2.9,5.5,0.92,1.36,Air,Storm,Pharmaceuticals,Antwerp,Shanghai,1,0.8044131152632309,High
9585.59,305.12,3.82,6.7,0.74,5.7,Air,Hurricane,Perishables,Busan,Los Angeles,1,0.9851332785936913,High
13932.55,410.47,2.63,9.4,0.94,14.06,Road,Rain,Pharmaceuticals,Shanghai,Rotterdam,1,0.533320160426836,Medium
777.18,143.34,2.74,7.4,0.67,1.54,Sea,Rain,Perishables,Shanghai,Dubai,1,0.4400192852104502,Medium
7414.23,120.37,4.45,5.4,0.89,104.97,Sea,Hurricane,Perishables,Rotterdam,Singapore,1,0.9987362642997147,High
10471.97,393.7,2.6,9.3,0.61,21.76,Sea,Clear,Perishables,Singapore,Busan,1,0.6067743021916285,High
10979.25,29.13,3.19,4.8,0.89,11.24,Rail,Rain,Textiles,Busan,Rotterdam,0,0.338939099526478,Medium
10541.72,185.32,1.38,5.6,0.73,11.85,Road,Fog,Automotive,Dubai,Marseille,0,0.5009635239991782,Medium
2449.31,253.4,3.98,6.0,0.55,1.23,Road,Clear,Perishables,Hamburg,Shanghai,0,0.5559096233075316,Medium
4841.24,280.61,3.34,4.1,0.64,5.47,Road,Fog,Perishables,Dubai,Busan,0,0.3906540603030453,Medium
5701.38,364.58,2.53,8.4,0.7,34.37,Sea,Storm,Electronics,Rotterdam,Antwerp,1,0.9038755123494272,High
12164.34,178.07,1.25,1.9,0.88,75.12,Rail,Hurricane,Perishables,Busan,Los Angeles,1,0.9917288294385622,High
4542.02,306.73,3.15,5.5,0.54,5.03,Rail,Rain,Pharmaceuticals,Dubai,Busan,1,0.4240922339036981,Medium
3555.22,293.1,1.24,7.2,0.83,20.14,Sea,Storm,Automotive,Rotterdam,Antwerp,1,0.8066843828202804,High
14383.0,274.26,1.2,9.0,0.86,28.55,Sea,Clear,Textiles,Hamburg,Busan,1,0.595465743217071,Medium
628.52,320.6,3.23,8.8,0.83,0.5,Sea,Clear,Automotive,Singapore,Los Angeles,0,0.45547580740852267,Medium
14968.4,130.47,1.82,5.1,0.88,78.32,Sea,Storm,Pharmaceuticals,Shanghai,Marseille,1,0.9421940763952915,High
10313.91,43.24,1.83,6.4,0.59,9.29,Road,Clear,Textiles,Los Angeles,Antwerp,0,0.5443380817664133,Medium
12512.8,60.52,3.36,3.9,0.79,14.01,Road,Fog,Electronics,Rotterdam,Marseille,1,0.3441891573687114,Medium
4771.98,113.07,1.38,4.7,0.97,4.76,Road,Rain,Automotive,Rotterdam,Dubai,0,0.27394134633738565,Low
707.57,250.6,2.23,9.1,0.81,11.55,Sea,Hurricane,Perishables,Los Angeles,Rotterdam,1,0.9899467545145372,High
11199.11,420.38,1.69,9.3,0.81,11.58,Rail,Clear,Electronics,Hamburg,Antwerp,0,0.5921780923562426,Medium
12595.1,350.95,3.11,9.0,0.87,24.11,Sea,Clear,Perishables,Rotterdam,Dubai,1,0.49260183801432095,Medium
11236.9,394.73,3.38,1.4,0.67,133.87,Sea,Hurricane,Automotive,Los Angeles,Hamburg,1,0.9989950854864104,High
2571.33,176.14,3.58,8.5,0.85,3.53,Rail,Fog,Automotive,Rotterdam,Antwerp,1,0.5367403341776277,Medium
11424.7,202.92,2.04,9.5,0.96,0.7,Air,Rain,Electronics,Shanghai,Antwerp,1,0.5688837787015477,Medium
11649.38,197.45,1.49,3.6,0.51,22.76,Sea,Rain,Textiles,Antwerp,Shanghai,0,0.4270310500810852,Medium
10048.84,96.74,1.46,5.2,0.94,70.13,Rail,Hurricane,Textiles,Shanghai,Dubai,1,0.9965350117643988,High
11608.68,31.55,2.61,7.8,0.61,26.53,Sea,Rain,Perishables,Shanghai,Busan,1,0.51622346277241,Medium
12765.86,295.87,4.32,5.6,0.73,34.08,Rail,Storm,Electronics,Singapore,Marseille,1,0.8765438506963869,High
9397.26,494.62,1.92,9.9,0.93,0.82,Air,Fog,Electronics,Busan,Los Angeles,1,0.6389207007003531,High
1784.77,84.25,2.05,4.6,0.91,3.09,Sea,Clear,Perishables,Antwerp,Rotterdam,1,0.2739791214785672,Low
7570.6,24.3,1.53,7.1,0.95,56.33,Rail,Hurricane,Textiles,Singapore,Los Angeles,1,0.9964789309733436,High
1625.92,389.99,3.2,7.9,0.97,0.5,Air,Rain,Textiles,Los Angeles,Dubai,0,0.6712528650283573,High
6409.37,127.04,3.44,4.9,0.72,10.55,Sea,Clear,Textiles,Shanghai,Dubai,0,0.3589941353043489,Medium
6403.04,414.99,3.32,8.6,0.83,6.03,Rail,Clear,Pharmaceuticals,Singapore,Dubai,0,0.5597846340693058,Medium
1457.14,352.26,4.04,5.5,0.7,20.68,Sea,Hurricane,Pharmaceuticals,Singapore,Marseille,1,0.9887372546413647,High
5557.9,472.89,2.81,4.1,0.68,3.85,Rail,Clear,Automotive,Busan,Antwerp,1,0.3282408223367404,Medium
2109.47,205.05,1.64,1.1,0.72,1.57,Road,Fog,Pharmaceuticals,Shanghai,Marseille,0,0.29981173575153025,Low
12219.41,331.32,2.16,3.9,0.87,69.92,Road,Hurricane,Electronics,Hamburg,Los Angeles,1,0.9946640499167715,High
14241.48,232.96,3.39,7.3,0.75,16.68,Road,Fog,Pharmaceuticals,Singapore,Rotterdam,1,0.5593752501191102,Medium
1548.59,315.66,3.22,9.2,0.91,1.01,Air,Clear,Automotive,Shanghai,Busan,0,0.6487697261081622,High
14349.17,225.35,2.95,2.5,0.87,34.26,Sea,Fog,Textiles,Hamburg,Los Angeles,0,0.3410438307938555,Medium
8077.36,95.13,3.45,3.6,0.51,1.24,Air,Storm,Pharmaceuticals,Singapore,Marseille,1,0.8109126579954726,High
4843.7,254.44,3.3,1.5,0.82,4.26,Road,Fog,Perishables,Shanghai,Los Angeles,0,0.21488377639580397,Low
1614.5,264.76,4.11,6.9,0.72,10.44,Road,Hurricane,Automotive,Shanghai,Hamburg,1,0.9884224426115624,High
7759.05,405.49,3.13,9.6,0.73,126.88,Sea,Hurricane,Automotive,Los Angeles,Antwerp,1,0.9998051787556057,High
12020.48,368.02,3.77,6.4,0.91,74.58,Road,Hurricane,Automotive,Los Angeles,Shanghai,1,0.9978093522725368,High
10752.75,332.23,2.02,6.2,0.77,24.9,Road,Storm,Electronics,Rotterdam,Dubai,1,0.8159170323579477,High
1228.28,57.58,3.44,5.5,0.94,8.65,Rail,Hurricane,Perishables,Dubai,Antwerp,1,0.9802273440736354,High
1557.08,360.59,4.18,0.9,0.86,3.43,Sea,Fog,Pharmaceuticals,Singapore,Rotterdam,0,0.188811743252383,Low
6341.66,250.65,2.47,7.3,0.78,15.15,Road,Storm,Pharmaceuticals,Shanghai,Antwerp,1,0.86288096929985,High
4781.71,447.16,3.77,6.0,0.88,30.26,Road,Hurricane,Automotive,Rotterdam,Marseille,1,0.9905783482688147,High
3869.57,460.02,3.59,6.6,0.52,56.47,Sea,Hurricane,Automotive,Hamburg,Marseille,1,0.9974945354730815,High
4574.57,28.52,1.4,9.0,0.51,0.5,Air,Fog,Perishables,Dubai,Hamburg,0,0.7715533815118738,High
12150.5,410.5,3.12,7.8,0.54,7.29,Air,Hurricane,Automotive,Dubai,Antwerp,1,0.9910945079628044,High
13973.81,19.81,1.63,7.8,0.72,91.94,Road,Hurricane,Pharmaceuticals,Rotterdam,Busan,1,0.998704307575261,High
6373.99,184.22,4.39,9.3,0.62,5.88,Rail,Clear,Textiles,Los Angeles,Singapore,0,0.7160736899508267,High
13638.61,271.61,3.88,9.9,0.99,85.02,Sea,Storm,Perishables,Shanghai,Hamburg,0,0.978557563624649,High
5161.69,74.9,1.56,5.8,0.77,4.23,Road,Rain,Textiles,Shanghai,Antwerp,1,0.4599650508129674,Medium
7408.34,373.41,1.6,1.1,0.83,5.51,Road,Rain,Automotive,Singapore,Rotterdam,1,0.1869962093769805,Low
3777.42,5.17,3.16,4.6,0.64,2.88,Rail,Clear,Perishables,Los Angeles,Rotterdam,0,0.37809465235764445,Medium
9786.9,85.13,2.34,7.9,0.66,0.63,Air,Fog,Textiles,Los Angeles,Antwerp,1,0.6896393407518601,High
14695.23,290.82,1.32,0.3,0.67,0.5,Air,Clear,Electronics,Hamburg,Shanghai,0,0.2134922032090595,Low
9250.65,357.48,2.99,0.6,0.85,0.57,Air,Clear,Pharmaceuticals,Rotterdam,Busan,0,0.1597676860241817,Low
5688.3,458.4,2.48,0.7,0.74,11.62,Rail,Storm,Automotive,Singapore,Shanghai,1,0.6007164188332896,High
9893.35,353.04,1.53,7.3,0.76,64.25,Road,Hurricane,Automotive,Shanghai,Dubai,1,0.9974319256721544,High
2282.35,336.22,3.85,5.0,0.8,0.5,Air,Fog,Textiles,Los Angeles,Shanghai,1,0.6353524827999063,High
13385.56,197.78,4.22,3.7,0.88,2.37,Air,Storm,Automotive,Busan,Antwerp,1,0.6424502233844367,High
7794.72,1.64,3.7,1.1,0.55,8.47,Rail,Fog,Pharmaceuticals,Dubai,Singapore,0,0.31661277872968024,Medium
7015.57,60.96,3.91,7.3,0.89,40.03,Sea,Storm,Perishables,Rotterdam,Marseille,1,0.8908927548256496,High
8995.04,267.74,1.91,3.2,0.78,49.34,Road,Hurricane,Pharmaceuticals,Busan,Dubai,1,0.9911259791381306,High
9559.37,337.89,2.07,2.7,0.84,15.66,Sea,Clear,Perishables,Shanghai,Rotterdam,0,0.2053116081515634,Low
1540.75,209.31,1.89,6.5,0.66,21.78,Sea,Hurricane,Textiles,Rotterdam,Antwerp,1,0.9889305442130811,High
10397.95,365.61,3.72,5.6,0.71,73.8,Rail,Hurricane,Textiles,Dubai,Busan,1,0.9975489280298373,High
4008.01,261.41,4.33,3.6,0.62,2.39,Air,Hurricane,Electronics,Antwerp,Singapore,1,0.9854286119698937,High
10852.31,38.01,3.57,6.4,0.99,8.77,Road,Clear,Automotive,Antwerp,Busan,1,0.33330753610840774,Medium
12426.75,96.82,4.11,2.7,0.75,0.5,Air,Clear,Perishables,Los Angeles,Antwerp,0,0.2886985654846943,Low
12157.4,420.16,3.31,7.9,1.0,34.99,Sea,Fog,Pharmaceuticals,Los Angeles,Antwerp,1,0.6277175529247141,High
8511.26,362.73,2.48,2.3,0.75,0.5,Air,Clear,Pharmaceuticals,Antwerp,Singapore,0,0.36320090691356643,Medium
8042.46,447.49,2.61,1.6,0.61,8.05,Road,Fog,Textiles,Shanghai,Hamburg,1,0.3267536348785373,Medium
2571.7,59.66,1.45,7.8,0.75,5.59,Sea,Rain,Perishables,Dubai,Antwerp,0,0.4801862689239608,Medium
11742.52,495.12,1.3,7.1,0.52,28.52,Road,Storm,Automotive,Shanghai,Hamburg,1,0.8959331276157277,High
4435.44,105.49,3.5,1.8,0.95,0.51,Air,Fog,Electronics,Busan,Shanghai,0,0.3436959270739574,Medium
7702.08,6.88,2.65,1.2,0.91,14.77,Sea,Rain,Electronics,Shanghai,Busan,0,0.13507797997919452,Low
4621.97,498.71,3.02,8.4,0.86,9.27,Sea,Clear,Electronics,Rotterdam,Dubai,1,0.43623108549315476,Medium
2440.51,141.26,3.04,7.8,0.81,2.62,Road,Fog,Textiles,Busan,Marseille,0,0.67112572932691,High
9628.59,334.34,2.12,3.3,0.79,17.94,Sea,Rain,Automotive,Dubai,Marseille,0,0.2896661976401896,Low
1287.81,89.16,2.77,6.6,1.0,0.5,Air,Clear,Pharmaceuticals,Hamburg,Dubai,0,0.5835061031850532,Medium
11355.36,290.53,2.75,1.2,0.64,20.04,Sea,Rain,Textiles,Singapore,Shanghai,0,0.27119519337284426,Low
5105.01,452.11,2.48,5.1,0.89,34.45,Rail,Hurricane,Automotive,Shanghai,Rotterdam,1,0.9882064147395894,High
501.95,160.77,3.91,0.2,0.79,0.7,Sea,Fog,Automotive,Dubai,Antwerp,0,0.15996844223991233,Low
7911.37,335.46,2.69,3.9,0.99,39.57,Sea,Storm,Perishables,Busan,Antwerp,1,0.7833235696203289,High
1179.35,94.76,3.19,0.7,0.91,0.5,Air,Storm,Automotive,Shanghai,Marseille,1,0.6449339478696198,High
4504.46,312.77,4.16,4.8,1.0,6.29,Rail,Fog,Pharmaceuticals,Antwerp,Rotterdam,0,0.3737877569868757,Medium
10751.16,168.89,4.06,4.2,0.79,8.52,Road,Rain,Electronics,Hamburg,Singapore,0,0.3654853823515341,Medium
1409.0,106.39,4.14,4.4,0.6,0.5,Air,Fog,Perishables,Busan,Dubai,1,0.567432777811486,Medium
12670.41,157.28,2.09,0.5,0.75,18.45,Sea,Clear,Automotive,Hamburg,Marseille,0,0.18195459003243164,Low
555.39,90.24,1.32,3.6,0.86,1.84,Sea,Fog,Pharmaceuticals,Busan,Los Angeles,0,0.2531625351473809,Low
4078.95,451.06,2.06,7.6,0.89,25.99,Road,Hurricane,Automotive,Los Angeles,Busan,1,0.9918192438410456,High
11243.11,199.2,2.12,3.7,0.5,55.64,Sea,Storm,Textiles,Antwerp,Marseille,0,0.9229309833143506,High
5085.92,123.39,4.2,7.2,0.75,38.02,Rail,Hurricane,Textiles,Hamburg,Singapore,1,0.9967796527549924,High
1977.44,224.76,3.34,3.7,0.62,4.18,Sea,Fog,Electronics,Antwerp,Busan,1,0.3039407110698153,Medium
5723.39,160.95,1.47,4.2,0.94,11.35,Sea,Rain,Electronics,Los Angeles,Hamburg,0,0.27353287499720663,Low
4420.7,372.47,1.65,5.6,0.58,4.61,Road,Fog,Textiles,Shanghai,Singapore,0,0.6018765125989678,High
12719.32,485.64,1.71,9.5,0.83,104.71,Rail,Hurricane,Pharmaceuticals,Busan,Shanghai,1,0.9996077745311739,High
5043.54,219.58,3.28,1.1,0.63,29.8,Rail,Hurricane,Perishables,Dubai,Busan,1,0.9743573735496345,High
11939.52,430.66,3.63,0.3,0.68,0.5,Air,Clear,Textiles,Rotterdam,Busan,0,0.17436774888276105,Low
13432.15,283.37,4.04,6.1,0.97,0.55,Air,Clear,Electronics,Singapore,Dubai,0,0.3856723387900531,Medium
6790.35,79.46,4.3,9.5,0.62,111.06,Sea,Hurricane,Automotive,Busan,Singapore,1,0.9997310746405712,High
13694.18,345.62,1.87,9.9,0.55,14.59,Road,Rain,Perishables,Shanghai,Dubai,1,0.6517876085148685,High
5971.11,257.2,2.22,4.8,0.54,41.71,Rail,Hurricane,Electronics,Antwerp,Hamburg,1,0.9938014381835727,High
14479.14,325.65,1.99,4.7,0.75,7.79,Air,Hurricane,Automotive,Busan,Antwerp,1,0.9764029406232108,High
1794.7,444.95,2.38,6.4,0.82,11.33,Road,Hurricane,Perishables,Shanghai,Dubai,1,0.9865870810683186,High
10461.78,220.78,4.22,5.6,0.66,74.14,Rail,Hurricane,Perishables,Shanghai,Hamburg,1,0.9974543918605473,High
7660.3,450.69,3.1,6.3,0.85,5.12,Road,Clear,Electronics,Rotterdam,Singapore,1,0.4085637830448666,Medium
6120.91,375.58,3.64,8.7,0.53,18.97,Sea,Fog,Automotive,Antwerp,Hamburg,0,0.6854962368694723,High
9674.32,244.81,2.82,7.5,0.93,5.31,Air,Hurricane,Pharmaceuticals,Antwerp,Rotterdam,1,0.9875439843305054,High
10705.93,302.01,1.3,5.0,0.91,23.05,Sea,Rain,Perishables,Shanghai,Hamburg,1,0.32985682835197583,Medium
563.27,163.46,1.41,4.6,0.99,1.06,Sea,Clear,Textiles,Rotterdam,Dubai,1,0.25325856081155224,Low
2920.82,491.82,2.98,6.4,0.97,3.69,Rail,Clear,Textiles,Shanghai,Antwerp,1,0.4544501135630728,Medium
10839.17,334.01,3.57,4.6,0.68,22.48,Sea,Rain,Automotive,Dubai,Singapore,1,0.40221299560492507,Medium
10162.59,22.88,1.91,4.6,0.7,6.72,Road,Clear,Automotive,Los Angeles,Busan,0,0.3059991644012738,Medium
14507.69,163.98,3.58,0.2,0.87,12.75,Road,Fog,Pharmaceuticals,Dubai,Marseille,0,0.20063469039033513,Low
11535.05,312.03,3.88,1.7,0.57,8.62,Rail,Clear,Perishables,Los Angeles,Hamburg,0,0.23197750355135352,Low
14286.2,29.11,2.56,4.9,0.66,15.43,Road,Fog,Electronics,Antwerp,Singapore,1,0.4789389102360197,Medium
10686.84,12.92,3.66,8.2,0.56,31.23,Sea,Fog,Perishables,Shanghai,Marseille,1,0.719548822360095,High
4821.76,225.56,2.53,2.8,0.73,0.5,Air,Storm,Perishables,Los Angeles,Dubai,1,0.7292771930491668,High
2027.79,167.01,3.44,5.2,0.78,0.5,Air,Rain,Electronics,Antwerp,Singapore,0,0.5697772462392031,Medium
11836.45,219.71,3.72,3.4,0.61,10.03,Road,Rain,Textiles,Busan,Antwerp,0,0.3511188405234063,Medium
9840.16,132.08,4.47,1.0,0.51,13.88,Sea,Clear,Perishables,Hamburg,Los Angeles,1,0.1849245039568542,Low
1198.7,83.19,2.34,9.6,0.86,2.82,Rail,Fog,Automotive,Hamburg,Rotterdam,0,0.6590951734644015,High
5720.73,344.88,2.56,8.5,0.51,5.86,Road,Rain,Perishables,Antwerp,Shanghai,1,0.6697083624101473,High
14373.6,257.77,1.75,0.8,0.99,24.49,Sea,Rain,Automotive,Dubai,Shanghai,1,0.15593531863340307,Low
7755.82,100.88,1.87,7.2,0.61,21.16,Sea,Fog,Perishables,Busan,Rotterdam,0,0.580771870848856,Medium
6774.57,160.48,3.49,3.5,0.83,0.5,Air,Clear,Perishables,Antwerp,Rotterdam,1,0.359997502828918,Medium
7136.64,296.31,4.23,9.9,0.72,7.5,Road,Rain,Pharmaceuticals,Busan,Marseille,1,0.6970718214644223,High
3528.8,37.04,2.5,3.0,0.53,3.21,Rail,Clear,Perishables,Hamburg,Antwerp,1,0.3533071826470548,Medium
5846.25,74.58,1.79,2.4,0.74,0.5,Air,Fog,Pharmaceuticals,Rotterdam,Hamburg,0,0.33968272580717046,Medium
5862.29,37.55,2.14,5.7,0.76,35.25,Road,Hurricane,Perishables,Busan,Dubai,1,0.992454472299914,High
1259.15,406.35,2.7,8.4,0.93,1.58,Air,Hurricane,Textiles,Shanghai,Busan,1,0.9920487243183007,High
11629.73,376.45,2.16,1.9,0.87,22.98,Road,Storm,Electronics,Shanghai,Los Angeles,1,0.5888075582145328,Medium
6539.31,376.9,1.97,7.1,0.54,15.69,Road,Storm,Automotive,Hamburg,Busan,1,0.8715046424415323,High
12421.61,358.45,3.63,0.6,0.61,61.05,Road,Hurricane,Automotive,Busan,Singapore,1,0.9908237532846205,High
12830.05,335.02,1.23,9.2,0.66,26.24,Sea,Clear,Electronics,Busan,Shanghai,1,0.6510221590885023,High
3573.91,239.02,2.98,0.8,0.56,1.87,Rail,Clear,Textiles,Los Angeles,Dubai,1,0.2627371758899032,Low
10031.63,321.5,3.82,9.1,0.73,60.98,Sea,Storm,Automotive,Rotterdam,Dubai,1,0.9528895589867168,High
7348.09,20.14,2.08,4.9,0.99,50.62,Rail,Hurricane,Textiles,Singapore,Marseille,1,0.9949693956092922,High
13262.27,311.11,3.19,4.5,0.76,1.1,Air,Clear,Textiles,Shanghai,Rotterdam,0,0.3760536985110223,Medium
3628.24,389.16,3.41,9.7,0.87,8.62,Sea,Rain,Textiles,Singapore,Shanghai,1,0.6487971662427853,High
10328.29,250.68,3.36,9.9,0.84,15.78,Rail,Fog,Electronics,Shanghai,Antwerp,0,0.6629892982783515,High
9312.41,179.4,2.67,6.5,0.93,21.4,Sea,Rain,Electronics,Busan,Shanghai,0,0.44015489475714253,Medium
4781.87,139.44,2.34,1.3,0.61,24.83,Road,Hurricane,Pharmaceuticals,Singapore,Dubai,1,0.9796005065420824,High
2480.71,321.76,3.96,5.1,0.88,11.3,Sea,Storm,Perishables,Rotterdam,Hamburg,1,0.6689655098644828,High
9948.78,346.71,3.7,5.3,0.94,26.79,Rail,Storm,Perishables,Antwerp,Marseille,1,0.8282698337418721,High
11209.66,435.61,2.26,5.1,0.59,25.13,Road,Storm,Pharmaceuticals,Dubai,Antwerp,1,0.8490893512922819,High
5076.6,171.82,1.54,5.7,0.67,72.11,Sea,Hurricane,Textiles,Rotterdam,Singapore,1,0.9977553065920821,High
9850.07,385.12,1.44,0.2,0.99,17.25,Road,Storm,Electronics,Hamburg,Rotterdam,0,0.5122889264107103,Medium
6229.4,281.12,1.51,7.1,0.89,3.04,Air,Hurricane,Electronics,Shanghai,Hamburg,1,0.9871814936072832,High
10841.5,441.54,3.12,7.1,0.64,0.58,Air,Rain,Textiles,Shanghai,Marseille,1,0.6128878590476065,High
3388.62,264.38,1.37,1.2,0.78,5.84,Road,Storm,Automotive,Busan,Antwerp,0,0.5812383283001321,Medium
13408.12,259.3,2.31,5.7,0.7,17.27,Rail,Fog,Automotive,Busan,Shanghai,0,0.4821520940215038,Medium
4667.44,289.36,3.69,5.7,0.75,0.5,Air,Rain,Electronics,Los Angeles,Marseille,0,0.5677471660764599,Medium
5832.9,374.91,2.17,6.8,0.68,43.62,Rail,Hurricane,Perishables,Hamburg,Marseille,1,0.9965936359620083,High
1342.33,482.38,3.72,0.9,0.64,6.69,Road,Hurricane,Textiles,Busan,Hamburg,1,0.9683773614864761,High
2116.93,37.71,3.66,6.3,0.84,15.72,Rail,Hurricane,Perishables,Busan,Los Angeles,1,0.984699586668991,High
7980.0,27.66,2.01,2.8,0.89,12.61,Sea,Clear,Electronics,Hamburg,Singapore,0,0.2588023155838795,Low
4380.09,468.84,3.61,5.1,0.94,3.27,Road,Rain,Automotive,Dubai,Marseille,0,0.3848769970775783,Medium
12614.46,265.41,3.67,7.7,0.58,15.87,Road,Fog,Pharmaceuticals,Singapore,Busan,1,0.6037123926914598,High
713.05,307.84,2.51,7.1,0.91,0.5,Air,Storm,Automotive,Singapore,Los Angeles,1,0.8540001862135332,High
5996.86,241.73,1.89,1.2,0.63,5.62,Rail,Rain,Perishables,Antwerp,Marseille,1,0.2577578692605187,Low
5391.51,47.74,2.92,5.9,0.71,77.03,Sea,Hurricane,Perishables,Shanghai,Hamburg,1,0.9976068159639502,High
780.25,384.28,4.24,9.7,0.95,0.5,Road,Rain,Electronics,Antwerp,Rotterdam,1,0.607046107248909,High
2303.34,373.87,3.31,1.6,0.73,1.89,Rail,Rain,Automotive,Busan,Hamburg,0,0.22396121457591472,Low
6497.82,156.54,1.77,8.5,0.6,16.89,Road,Storm,Electronics,Dubai,Singapore,1,0.9249559171255527,High
7646.54,153.81,3.45,7.0,0.58,18.54,Road,Storm,Pharmaceuticals,Antwerp,Marseille,1,0.9046890086007767,High
6362.2,419.08,2.61,7.7,0.74,0.5,Air,Clear,Pharmaceuticals,Busan,Rotterdam,0,0.6110668853830328,High
8198.6,37.11,3.15,2.8,0.88,10.69,Rail,Fog,Perishables,Busan,Hamburg,0,0.28791498040061264,Low
9129.41,440.67,3.62,2.9,1.0,17.73,Road,Storm,Automotive,Singapore,Hamburg,0,0.6570085664287818,High
643.9,129.07,2.9,9.1,0.89,0.78,Sea,Clear,Perishables,Singapore,Marseille,1,0.5544187447262326,Medium
7229.38,296.9,3.89,3.6,0.94,46.85,Rail,Hurricane,Textiles,Rotterdam,Antwerp,1,0.9892294206739095,High
14470.74,468.06,3.58,0.6,0.87,9.78,Road,Rain,Textiles,Hamburg,Los Angeles,1,0.15420391714907275,Low
8025.97,339.38,3.23,6.0,0.95,21.38,Rail,Storm,Pharmaceuticals,Rotterdam,Singapore,1,0.8091729541517606,High
10324.36,207.8,1.7,1.2,0.54,4.91,Air,Hurricane,Pharmaceuticals,Busan,Antwerp,1,0.9669963374292084,High
5022.03,345.08,3.96,8.0,0.97,9.46,Sea,Clear,Electronics,Antwerp,Rotterdam,0,0.4373641805424646,Medium
11722.87,172.65,4.29,6.4,0.7,27.48,Road,Storm,Perishables,Rotterdam,Hamburg,1,0.8405438125614226,High
11707.36,139.35,1.65,8.7,0.96,34.2,Sea,Fog,Perishables,Hamburg,Marseille,1,0.7047233097971642,High
8058.79,498.34,2.81,7.8,0.54,0.5,Air,Fog,Perishables,Antwerp,Busan,1,0.6472840548212281,High
14652.2,375.64,2.05,1.1,0.86,12.66,Rail,Rain,Pharmaceuticals,Busan,Dubai,0,0.15668028926887892,Low
2320.48,322.72,3.69,3.8,0.87,4.16,Sea,Clear,Electronics,Shanghai,Marseille,0,0.2737656524979256,Low
745.74,178.29,3.58,7.7,1.0,0.5,Road,Rain,Perishables,Busan,Los Angeles,0,0.4488306403575096,Medium
11667.29,25.53,1.66,4.2,0.88,0.65,Air,Rain,Perishables,Busan,Los Angeles,1,0.28253675354954594,Low
12203.76,16.5,4.09,9.7,0.69,1.96,Air,Fog,Electronics,Busan,Singapore,1,0.7290714107905354,High
2243.0,277.54,1.8,7.4,0.78,1.91,Rail,Clear,Textiles,Rotterdam,Dubai,0,0.4967332246487601,Medium
4350.95,381.25,3.83,0.2,0.68,0.5,Air,Clear,Pharmaceuticals,Singapore,Los Angeles,0,0.2560805107636295,Low
754.51,269.15,2.71,8.8,0.6,5.81,Road,Hurricane,Pharmaceuticals,Antwerp,Shanghai,1,0.9941932362127434,High
4752.97,420.55,2.28,1.0,0.62,5.57,Rail,Fog,Pharmaceuticals,Hamburg,Marseille,1,0.3260002393854152,Medium
11710.56,17.68,1.72,1.4,0.61,1.22,Air,Rain,Perishables,Busan,Marseille,1,0.28714406156833444,Low
8010.43,184.01,1.75,7.3,0.77,120.82,Sea,Hurricane,Perishables,Antwerp,Marseille,1,0.9996503011367709,High
5547.39,119.3,3.38,8.6,0.95,4.07,Air,Hurricane,Perishables,Dubai,Marseille,1,0.9926751107395453,High
5890.22,224.19,3.02,5.4,0.96,15.18,Rail,Storm,Textiles,Hamburg,Antwerp,1,0.8130184137350682,High
519.63,37.12,1.6,2.9,0.53,0.81,Road,Storm,Automotive,Dubai,Busan,1,0.6740741202807723,High
4847.11,477.11,1.57,3.5,0.54,0.54,Air,Storm,Electronics,Singapore,Marseille,1,0.8209543424496086,High
9873.65,112.4,1.44,3.4,0.62,16.54,Sea,Clear,Textiles,Singapore,Dubai,0,0.34044185172628205,Medium
14625.82,461.23,3.65,3.3,0.63,12.06,Road,Rain,Electronics,Singapore,Dubai,1,0.28930285287224256,Low
12782.38,213.52,3.55,2.4,0.55,6.21,Air,Hurricane,Textiles,Rotterdam,Dubai,1,0.9689934929165291,High
842.13,492.78,1.39,6.1,0.69,2.33,Rail,Storm,Perishables,Dubai,Marseille,1,0.8305309757986046,High
13529.13,277.48,3.05,9.0,0.79,34.99,Road,Storm,Textiles,Dubai,Busan,1,0.9278874551170336,High
11856.38,465.49,1.48,3.1,0.79,9.3,Road,Rain,Textiles,Singapore,Rotterdam,0,0.2965183950014451,Low
11815.45,3.67,4.18,1.9,0.77,1.58,Air,Clear,Perishables,Dubai,Busan,0,0.22432020669291644,Low
7140.94,374.37,4.19,8.4,0.67,17.37,Road,Storm,Automotive,Antwerp,Busan,1,0.8843122755388604,High
6271.08,451.62,3.5,7.4,0.85,18.12,Sea,Fog,Pharmaceuticals,Shanghai,Los Angeles,1,0.49430772030222236,Medium
4892.28,70.72,4.26,9.3,0.91,5.31,Road,Rain,Textiles,Antwerp,Rotterdam,1,0.6289253459562164,High
1452.58,48.97,3.88,1.7,0.67,2.76,Sea,Clear,Automotive,Dubai,Antwerp,0,0.20318521382910792,Low
3809.41,212.86,3.93,1.4,0.54,46.07,Sea,Hurricane,Textiles,Dubai,Hamburg,1,0.9887653770778062,High
4075.75,466.91,3.08,5.4,0.65,8.56,Sea,Rain,Electronics,Antwerp,Marseille,1,0.42647226294888135,Medium
7519.12,271.65,2.21,6.1,0.57,7.09,Rail,Clear,Perishables,Dubai,Singapore,1,0.5141847247434588,Medium
11337.94,264.2,1.92,4.8,0.73,30.17,Sea,Fog,Perishables,Singapore,Shanghai,1,0.5151256846563667,Medium
7370.24,71.42,2.28,6.0,0.58,3.96,Air,Hurricane,Pharmaceuticals,Los Angeles,Busan,1,0.9872030812229523,High
1338.74,1.39,3.27,1.8,0.73,2.51,Sea,Fog,Textiles,Los Angeles,Dubai,1,0.26665546011599833,Low
14387.95,405.26,1.77,4.8,0.61,7.24,Air,Hurricane,Perishables,Los Angeles,Shanghai,1,0.9831943644441834,High
14169.5,44.7,2.05,6.6,0.87,38.58,Rail,Storm,Pharmaceuticals,Hamburg,Los Angeles,1,0.8652496613752149,High
11885.25,317.29,2.74,4.3,0.51,6.21,Air,Hurricane,Automotive,Shanghai,Dubai,1,0.9793670917097786,High
14874.25,457.39,1.97,6.8,0.78,1.57,Air,Clear,Pharmaceuticals,Shanghai,Hamburg,1,0.4514810124479655,Medium
8394.99,105.12,3.14,4.5,0.59,48.93,Road,Hurricane,Textiles,Hamburg,Marseille,1,0.9963560292648534,High
14460.14,332.97,4.25,3.3,0.5,34.34,Sea,Fog,Textiles,Shanghai,Dubai,1,0.4702724857740243,Medium
1596.27,40.27,3.67,3.0,0.94,0.8,Air,Storm,Textiles,Dubai,Busan,0,0.7341310828535176,High
5802.37,302.27,3.4,4.1,0.84,0.5,Air,Storm,Perishables,Rotterdam,Busan,0,0.6696287751829724,High
3768.03,82.8,3.12,0.2,0.55,17.38,Road,Hurricane,Perishables,Singapore,Marseille,1,0.9739707836668355,High
3339.58,368.24,2.81,6.7,0.83,21.13,Road,Hurricane,Electronics,Dubai,Rotterdam,1,0.9905558600981487,High
2541.64,151.31,1.82,8.5,0.81,7.66,Sea,Fog,Automotive,Singapore,Rotterdam,0,0.5551723327765853,Medium
9525.0,232.23,4.15,3.5,0.74,9.56,Rail,Rain,Automotive,Busan,Dubai,1,0.27079503748507927,Low
11829.17,300.12,2.02,0.5,0.71,1.86,Air,Storm,Electronics,Antwerp,Marseille,1,0.5892731156020644,Medium
8885.33,86.47,1.5,9.9,0.94,1.57,Air,Clear,Automotive,Antwerp,Marseille,1,0.685345290777681,High
2630.96,371.08,3.68,2.6,0.62,33.12,Sea,Hurricane,Textiles,Hamburg,Singapore,1,0.9892464451368845,High
12261.29,152.02,1.78,1.3,0.7,72.95,Rail,Hurricane,Pharmaceuticals,Singapore,Hamburg,1,0.9934955802725384,High
9721.34,331.52,2.43,3.7,0.67,64.39,Rail,Hurricane,Pharmaceuticals,Busan,Marseille,1,0.9959702299511438,High
6128.4,79.98,1.29,7.4,0.89,13.34,Sea,Rain,Electronics,Singapore,Los Angeles,1,0.40797965001734143,Medium
10274.89,344.37,1.65,2.9,0.96,6.93,Road,Clear,Perishables,Dubai,Antwerp,0,0.22844340671282284,Low
4268.62,64.97,1.77,5.7,0.93,6.79,Rail,Fog,Electronics,Antwerp,Rotterdam,0,0.42958481111381974,Medium
5505.29,213.25,1.38,4.2,0.9,13.6,Sea,Fog,Automotive,Antwerp,Marseille,0,0.36852920629983354,Medium
13803.54,124.36,3.37,1.2,0.99,0.58,Air,Rain,Textiles,Dubai,Shanghai,0,0.2167029349192025,Low
4712.32,374.44,3.96,3.3,0.85,11.52,Rail,Storm,Perishables,Shanghai,Marseille,0,0.7067111464876972,High
7314.83,131.76,2.43,7.2,0.88,6.69,Rail,Clear,Electronics,Busan,Antwerp,0,0.4460757849533909,Medium
13407.05,440.98,4.09,6.1,0.99,17.84,Rail,Fog,Textiles,Shanghai,Los Angeles,1,0.41224692335864027,Medium
10761.96,446.02,1.9,1.2,0.5,9.94,Road,Fog,Perishables,Los Angeles,Marseille,1,0.32995836912667464,Medium
1401.95,99.02,2.27,1.6,0.82,1.35,Air,Hurricane,Perishables,Dubai,Shanghai,1,0.9738947937385504,High
2635.89,307.31,1.7,6.4,0.87,2.35,Rail,Clear,Electronics,Busan,Hamburg,0,0.42940890939097826,Medium
613.7,44.77,3.25,8.1,0.96,0.53,Sea,Clear,Perishables,Dubai,Rotterdam,0,0.41944724763640373,Medium
9648.37,196.38,2.59,3.5,0.94,18.13,Sea,Rain,Perishables,Rotterdam,Marseille,0,0.23499025287929046,Low
6991.26,356.95,3.22,6.0,0.92,7.58,Road,Rain,Pharmaceuticals,Hamburg,Antwerp,0,0.44106165872623554,Medium
2446.99,330.05,3.71,1.7,0.97,14.64,Rail,Hurricane,Pharmaceuticals,Dubai,Antwerp,1,0.9632312042510591,High
14390.04,312.73,3.0,3.1,0.77,34.86,Sea,Fog,Electronics,Antwerp,Dubai,0,0.3747964513618082,Medium
8180.07,141.99,3.27,0.2,0.5,0.5,Air,Rain,Electronics,Los Angeles,Marseille,0,0.2982102736799265,Low
4007.45,189.63,4.29,7.7,0.51,5.94,Rail,Fog,Perishables,Busan,Antwerp,1,0.6376671291555953,High
7758.75,52.37,2.19,4.0,0.77,10.43,Rail,Fog,Pharmaceuticals,Shanghai,Hamburg,0,0.36896910581347303,Medium
10354.49,359.79,2.39,8.2,0.72,19.92,Sea,Clear,Textiles,Los Angeles,Dubai,0,0.5900058721715732,Medium
1605.47,252.44,3.57,7.1,0.73,2.17,Road,Fog,Electronics,Hamburg,Dubai,1,0.5929112337940673,Medium
4483.21,354.67,3.22,8.3,0.7,3.83,Road,Rain,Perishables,Hamburg,Shanghai,1,0.6296461274947948,High
12201.0,125.22,1.79,2.9,0.96,20.38,Sea,Clear,Pharmaceuticals,Singapore,Dubai,1,0.22593364190262805,Low
7165.14,162.89,2.44,1.9,0.68,7.12,Road,Fog,Textiles,Hamburg,Antwerp,0,0.3608443095406955,Medium
8425.37,167.77,2.74,9.7,0.93,8.74,Road,Rain,Textiles,Antwerp,Los Angeles,1,0.5991777209532038,Medium
6775.83,13.85,2.58,7.2,0.95,38.21,Sea,Storm,Pharmaceuticals,Los Angeles,Antwerp,1,0.8925648207574409,High
1136.55,171.18,1.79,8.3,0.75,0.5,Air,Clear,Textiles,Shanghai,Busan,1,0.6925895598570029,High
2903.37,401.85,4.25,0.1,0.72,2.21,Rail,Rain,Textiles,Shanghai,Busan,0,0.17304683607597482,Low
6960.35,448.75,3.72,3.5,0.88,32.92,Sea,Storm,Electronics,Dubai,Hamburg,0,0.7537860252048291,High
3533.19,259.59,2.79,7.4,0.85,8.03,Sea,Rain,Textiles,Hamburg,Busan,1,0.4657128587327624,Medium
1224.7,228.3,3.44,0.8,0.66,0.84,Road,Rain,Textiles,Shanghai,Rotterdam,0,0.25144192035679336,Low
12732.92,16.38,4.16,5.7,0.55,11.92,Road,Rain,Pharmaceuticals,Busan,Rotterdam,1,0.434326756536834,Medium
14727.29,439.72,1.65,4.3,0.63,2.53,Air,Storm,Perishables,Antwerp,Marseille,1,0.7569073374545353,High
12000.57,7.49,2.03,0.2,0.57,16.43,Sea,Clear,Electronics,Los Angeles,Hamburg,1,0.1672321313997123,Low
12879.88,472.43,2.99,2.4,0.65,79.99,Rail,Hurricane,Textiles,Dubai,Singapore,1,0.9970878175725721,High
4008.67,245.12,3.84,2.8,0.63,50.08,Sea,Hurricane,Pharmaceuticals,Shanghai,Dubai,1,0.9898496949949478,High
14429.09,171.63,1.32,1.1,0.82,10.95,Road,Rain,Perishables,Hamburg,Busan,0,0.155132623548692,Low
3355.42,462.18,4.45,6.3,0.98,2.14,Rail,Clear,Automotive,Hamburg,Rotterdam,0,0.3894001305298274,Medium
14295.73,13.17,2.7,2.4,0.84,14.87,Road,Fog,Pharmaceuticals,Antwerp,Shanghai,1,0.3040571067057581,Medium
14924.88,291.13,2.39,2.8,0.96,28.67,Sea,Rain,Pharmaceuticals,Dubai,Antwerp,1,0.24376700838190318,Low
10819.98,274.92,2.17,9.0,0.89,0.52,Air,Rain,Perishables,Los Angeles,Antwerp,0,0.5930832792133489,Medium
14726.58,110.44,1.78,4.7,0.86,15.47,Rail,Rain,Electronics,Antwerp,Marseille,1,0.34100355697505325,Medium
8758.33,215.01,3.81,3.9,0.71,0.87,Air,Fog,Perishables,Antwerp,Marseille,1,0.47673422007772553,Medium
4263.36,326.48,4.35,7.2,0.66,9.86,Road,Storm,Electronics,Hamburg,Los Angeles,1,0.8523607061797457,High
6836.44,363.84,2.57,9.1,0.92,16.75,Road,Storm,Textiles,Busan,Singapore,1,0.9242121927607907,High
9106.63,1.36,4.34,0.3,0.95,6.56,Rail,Clear,Perishables,Rotterdam,Los Angeles,1,0.09444727195449135,Low
1559.68,468.49,3.92,4.5,0.73,0.74,Road,Clear,Automotive,Singapore,Rotterdam,0,0.3836333518014199,Medium
9523.98,83.1,2.79,6.1,0.51,5.73,Air,Hurricane,Textiles,Rotterdam,Shanghai,1,0.9897108056643824,High
14727.08,117.56,3.42,3.2,0.9,10.17,Road,Clear,Automotive,Busan,Antwerp,0,0.21525018531307574,Low
3256.56,132.47,2.64,7.7,0.64,7.71,Road,Storm,Pharmaceuticals,Los Angeles,Singapore,1,0.9026084930813604,High
11992.63,19.87,3.04,9.7,0.51,38.02,Rail,Storm,Perishables,Busan,Dubai,1,0.9518933236320635,High
13664.53,62.4,1.39,9.4,0.9,36.2,Road,Storm,Textiles,Hamburg,Los Angeles,1,0.9327345279044803,High
14183.67,493.19,3.5,2.7,0.76,11.56,Rail,Rain,Automotive,Antwerp,Rotterdam,0,0.20853563079010753,Low
14421.97,158.29,1.37,2.3,0.84,66.65,Sea,Storm,Pharmaceuticals,Singapore,Busan,1,0.8346865188268308,High
8061.16,58.54,3.9,9.6,0.96,65.53,Rail,Hurricane,Electronics,Los Angeles,Shanghai,1,0.9985856880788718,High
14670.96,54.39,3.92,4.6,0.77,37.17,Rail,Storm,Pharmaceuticals,Dubai,Marseille,0,0.8478591311827666,High
11481.0,360.01,1.98,2.1,0.75,10.49,Rail,Rain,Textiles,Busan,Singapore,0,0.2862113591785885,Low
2844.24,427.43,2.27,7.1,0.65,2.85,Rail,Clear,Textiles,Rotterdam,Antwerp,0,0.5226174007154268,Medium
7415.05,129.22,2.79,2.8,0.65,14.25,Sea,Rain,Pharmaceuticals,Los Angeles,Marseille,0,0.31531586695662056,Medium
10915.8,11.43,3.17,2.7,0.9,52.1,Sea,Storm,Electronics,Rotterdam,Marseille,1,0.7893413995908949,High
4086.43,112.32,2.15,8.8,0.73,10.12,Sea,Rain,Pharmaceuticals,Hamburg,Busan,1,0.5417208055436378,Medium
9788.92,29.2,3.16,1.6,0.58,1.94,Air,Storm,Automotive,Antwerp,Dubai,1,0.6445922187960078,High
10165.71,52.59,2.18,0.6,0.55,0.65,Air,Clear,Automotive,Antwerp,Los Angeles,0,0.21706217683777587,Low
2859.15,216.32,1.38,2.7,0.74,36.69,Sea,Hurricane,Textiles,Dubai,Rotterdam,1,0.9857224861009529,High
8693.74,115.73,1.21,6.1,0.73,20.08,Road,Storm,Electronics,Shanghai,Busan,1,0.8088831435551943,High
11688.59,258.46,1.53,1.2,0.83,12.78,Rail,Fog,Electronics,Los Angeles,Marseille,0,0.25035095718566436,Low
7733.99,127.49,3.81,4.7,0.74,0.5,Air,Fog,Automotive,Antwerp,Dubai,1,0.46368290316300964,Medium
675.5,470.33,4.37,6.3,0.57,2.11,Road,Storm,Automotive,Hamburg,Rotterdam,1,0.8409984713982706,High
631.06,453.07,2.61,8.5,0.75,1.21,Sea,Clear,Textiles,Hamburg,Marseille,0,0.6180460340657012,High
5676.93,283.84,2.89,2.3,0.95,5.86,Rail,Clear,Textiles,Rotterdam,Shanghai,0,0.2373236807581199,Low
13929.81,177.86,1.68,8.2,0.58,217.83,Sea,Hurricane,Perishables,Hamburg,Singapore,1,0.9999905309820527,High
3815.81,191.19,3.02,2.3,0.85,8.93,Sea,Fog,Perishables,Los Angeles,Marseille,0,0.2852766553550929,Low
9698.27,206.51,1.68,6.8,0.8,8.0,Road,Clear,Electronics,Antwerp,Busan,1,0.4148833572224931,Medium
3720.1,364.06,3.22,4.3,0.87,18.29,Sea,Storm,Perishables,Los Angeles,Busan,1,0.6926662591942983,High
5164.21,226.37,4.28,1.1,0.58,5.05,Road,Fog,Textiles,Shanghai,Los Angeles,1,0.27867148358756516,Low
12796.61,428.51,1.85,7.1,0.97,72.38,Sea,Storm,Pharmaceuticals,Rotterdam,Busan,1,0.9280419959609828,High
11068.49,472.1,3.72,2.2,0.81,0.5,Air,Clear,Electronics,Los Angeles,Marseille,1,0.3027709018678987,Medium
1883.29,168.64,1.28,1.8,0.92,10.35,Road,Hurricane,Textiles,Singapore,Rotterdam,1,0.969138363302652,High
6716.18,280.79,2.44,3.6,0.62,2.85,Air,Hurricane,Automotive,Los Angeles,Busan,1,0.9761381073904348,High
922.96,48.43,1.57,6.5,0.87,2.32,Road,Storm,Textiles,Hamburg,Shanghai,1,0.8587478105526515,High
7472.91,101.03,2.36,2.3,0.89,6.52,Rail,Clear,Perishables,Busan,Dubai,0,0.21161116927452644,Low
10105.29,207.32,1.77,1.8,0.7,1.37,Air,Storm,Pharmaceuticals,Busan,Rotterdam,1,0.6284843376212271,High
2218.29,103.9,2.43,0.1,0.69,1.84,Road,Fog,Electronics,Antwerp,Los Angeles,1,0.20678067515946913,Low
4688.83,438.4,2.58,4.7,0.83,2.08,Air,Storm,Automotive,Antwerp,Busan,1,0.7623780536236071,High
6268.63,79.98,2.19,4.3,0.55,12.92,Sea,Rain,Automotive,Singapore,Shanghai,0,0.38497878709424366,Medium
13833.2,228.37,3.37,2.3,0.87,85.58,Rail,Hurricane,Textiles,Los Angeles,Singapore,1,0.9968960874493671,High
14902.2,303.24,4.23,0.5,0.52,85.41,Rail,Hurricane,Textiles,Rotterdam,Singapore,1,0.995524839886605,High
1151.21,346.24,2.52,4.3,0.6,7.48,Rail,Hurricane,Pharmaceuticals,Hamburg,Antwerp,1,0.9831518389086822,High
11534.61,192.15,1.83,7.9,0.83,21.55,Sea,Clear,Automotive,Rotterdam,Busan,0,0.38701945007710753,Medium
5890.0,434.68,2.09,7.2,0.55,6.4,Road,Rain,Pharmaceuticals,Singapore,Antwerp,1,0.5900150990342692,Medium
6190.64,284.59,4.02,8.6,0.99,7.35,Road,Fog,Textiles,Hamburg,Shanghai,1,0.6752686539109187,High
11436.84,220.31,3.09,0.1,0.93,17.19,Sea,Clear,Textiles,Hamburg,Antwerp,0,0.16054269953556147,Low
13817.18,34.55,2.7,9.7,0.81,85.15,Sea,Storm,Automotive,Rotterdam,Hamburg,1,0.9767094880614818,High
14288.46,232.88,1.69,3.4,0.91,70.76,Sea,Storm,Pharmaceuticals,Singapore,Shanghai,0,0.9033919062335379,High
8868.28,410.55,2.68,9.9,0.94,10.37,Rail,Rain,Electronics,Busan,Singapore,1,0.6237169136747278,High
5678.26,307.66,2.12,2.5,0.63,1.51,Air,Storm,Pharmaceuticals,Singapore,Busan,1,0.7150687184100782,High
11919.46,416.25,4.31,4.7,0.93,30.94,Rail,Storm,Electronics,Singapore,Busan,1,0.7646603855577854,High
4139.52,247.51,4.12,3.5,0.6,3.8,Rail,Clear,Perishables,Shanghai,Singapore,0,0.36823643729507605,Medium
8679.07,60.11,1.48,3.6,0.71,4.74,Air,Hurricane,Textiles,Dubai,Hamburg,1,0.9812891406382673,High
5699.39,7.81,2.9,8.4,0.78,11.0,Sea,Clear,Electronics,Hamburg,Antwerp,1,0.5344150746693912,Medium
10021.15,152.31,1.94,7.5,0.86,75.8,Rail,Hurricane,Perishables,Shanghai,Singapore,1,0.9984270052933121,High
3985.78,349.3,2.56,9.9,0.52,4.23,Road,Rain,Perishables,Antwerp,Dubai,1,0.7085079406251994,High
3278.1,395.34,4.09,6.1,0.65,3.94,Road,Fog,Textiles,Dubai,Antwerp,0,0.594264491890659,Medium
13814.47,148.58,2.94,4.6,0.8,11.58,Rail,Clear,Electronics,Shanghai,Busan,0,0.249024708069139,Low
1976.15,248.33,2.3,0.9,0.68,1.37,Road,Clear,Perishables,Antwerp,Marseille,0,0.2750108771510191,Low
7836.39,211.14,1.89,10.0,0.89,7.15,Road,Clear,Perishables,Rotterdam,Shanghai,0,0.5939603791204856,Medium
3702.37,205.85,3.84,5.5,0.83,2.92,Road,Rain,Automotive,Los Angeles,Shanghai,1,0.4306683592957041,Medium
1064.48,116.44,3.26,7.0,0.62,2.76,Road,Storm,Pharmaceuticals,Shanghai,Rotterdam,1,0.8455619562371155,High
1022.27,69.05,2.74,4.1,0.57,2.43,Sea,Fog,Electronics,Shanghai,Hamburg,0,0.34866405777146453,Medium
3040.72,99.15,1.92,5.5,0.82,7.72,Rail,Storm,Automotive,Hamburg,Shanghai,1,0.7985785737772716,High
13068.17,28.61,2.3,9.4,0.73,91.95,Road,Hurricane,Textiles,Busan,Rotterdam,1,0.9994531275626929,High
4595.94,99.87,4.37,1.7,0.58,9.98,Rail,Storm,Textiles,Shanghai,Dubai,1,0.676940359950124,High
14281.66,5.59,2.92,2.9,0.66,0.79,Air,Rain,Electronics,Los Angeles,Antwerp,0,0.28818753492983795,Low
8933.52,314.0,2.52,1.5,0.65,106.84,Sea,Hurricane,Electronics,Shanghai,Dubai,1,0.9975417478965034,High
6830.91,158.87,2.92,7.9,0.55,53.67,Rail,Hurricane,Perishables,Dubai,Rotterdam,1,0.9976467184242589,High
8911.29,486.6,3.77,0.6,0.77,7.75,Rail,Rain,Automotive,Dubai,Los Angeles,0,0.14198160102522217,Low
7992.13,97.66,2.32,0.8,0.88,5.22,Road,Clear,Textiles,Antwerp,Busan,0,0.1799781385304513,Low
11502.26,173.57,1.79,3.0,0.79,10.87,Rail,Rain,Pharmaceuticals,Los Angeles,Marseille,0,0.29338945445917314,Low
4596.19,179.56,3.13,5.1,0.91,4.09,Road,Rain,Textiles,Antwerp,Hamburg,0,0.41544401235256206,Medium
5619.23,5.22,3.4,4.1,0.56,6.01,Road,Fog,Electronics,Los Angeles,Shanghai,0,0.47777052919696344,Medium
13464.37,419.76,3.55,0.4,0.72,14.49,Rail,Fog,Automotive,Rotterdam,Dubai,0,0.1581112438903591,Low
14223.62,16.97,4.11,9.6,0.81,43.67,Sea,Fog,Electronics,Shanghai,Marseille,0,0.7768935754373673,High
13442.09,470.15,2.42,9.5,0.84,18.39,Road,Fog,Pharmaceuticals,Rotterdam,Busan,1,0.5860570049846432,Medium
6582.0,446.15,1.45,2.8,0.85,41.49,Rail,Hurricane,Perishables,Los Angeles,Busan,1,0.9848016489429892,High
11815.3,268.23,4.36,7.3,0.86,15.96,Rail,Fog,Electronics,Hamburg,Los Angeles,1,0.494471239419368,Medium
7406.87,272.25,2.64,5.8,0.83,5.35,Air,Hurricane,Electronics,Busan,Hamburg,1,0.9851228855675883,High
7714.33,327.24,3.26,2.4,0.55,0.5,Air,Rain,Perishables,Antwerp,Dubai,1,0.35616088210540015,Medium
3467.86,194.14,3.4,2.6,0.85,7.19,Sea,Rain,Electronics,Hamburg,Marseille,1,0.2573612724950274,Low
9071.39,323.96,3.0,4.9,0.86,54.51,Road,Hurricane,Textiles,Singapore,Busan,1,0.9947387588852132,High
3198.97,23.34,1.88,4.2,1.0,1.08,Air,Storm,Pharmaceuticals,Busan,Dubai,1,0.7546680627402051,High
5307.69,27.97,3.69,2.9,0.85,0.5,Air,Rain,Perishables,Dubai,Busan,0,0.3046501805032846,Medium
12897.94,229.16,3.85,8.1,0.84,15.23,Rail,Rain,Automotive,Shanghai,Hamburg,0,0.47333189323444763,Medium
3502.6,275.26,3.02,4.8,0.76,23.51,Rail,Hurricane,Electronics,Dubai,Hamburg,1,0.9869831308289885,High
1531.8,444.02,2.81,6.5,0.93,2.81,Road,Fog,Perishables,Antwerp,Singapore,0,0.5633382223412832,Medium
1500.61,53.23,1.58,1.9,1.0,0.55,Road,Clear,Electronics,Busan,Rotterdam,0,0.2094087171831617,Low
14141.38,411.5,1.48,5.3,0.89,7.34,Air,Hurricane,Pharmaceuticals,Los Angeles,Rotterdam,1,0.9781243534685359,High
7850.35,105.81,2.32,3.2,0.81,1.47,Air,Storm,Electronics,Hamburg,Marseille,1,0.747903791130836,High
6436.48,197.65,2.23,5.3,0.54,4.79,Road,Clear,Textiles,Rotterdam,Singapore,1,0.48979674784119276,Medium
12257.74,158.98,4.35,7.8,0.86,11.51,Rail,Clear,Textiles,Dubai,Los Angeles,0,0.465706094876392,Medium
12619.48,200.68,3.79,7.7,0.85,97.76,Rail,Hurricane,Electronics,Busan,Dubai,1,0.9990748163779107,High
5316.77,76.1,3.38,3.5,0.89,10.91,Sea,Rain,Textiles,Dubai,Marseille,1,0.3210186685905997,Medium
10557.46,252.28,2.91,6.9,0.56,158.19,Sea,Hurricane,Electronics,Hamburg,Marseille,1,0.9999107109322972,High
11681.28,401.02,1.75,9.4,0.83,10.03,Road,Clear,Perishables,Singapore,Hamburg,1,0.5903513162113699,Medium
9992.43,221.33,4.43,6.3,0.65,73.41,Rail,Hurricane,Pharmaceuticals,Singapore,Rotterdam,1,0.9980370458592244,High
2698.13,245.82,2.44,1.5,0.88,2.18,Rail,Rain,Perishables,Singapore,Hamburg,0,0.21085194672474514,Low
13200.3,424.54,1.55,6.8,0.62,3.55,Air,Storm,Pharmaceuticals,Los Angeles,Busan,1,0.8202422588395487,High
8316.87,353.32,2.83,1.0,0.84,14.64,Sea,Rain,Textiles,Hamburg,Busan,0,0.18093028001260947,Low
4595.85,245.74,4.08,8.7,0.65,28.11,Sea,Storm,Pharmaceuticals,Antwerp,Hamburg,1,0.9215585326745787,High
6665.81,129.59,4.13,5.2,0.5,5.93,Road,Rain,Textiles,Hamburg,Rotterdam,1,0.5080706191309966,Medium
1044.78,442.58,1.24,3.9,0.82,0.5,Air,Storm,Perishables,Dubai,Rotterdam,1,0.7855927141723519,High
2354.07,288.93,4.12,0.6,0.56,0.74,Air,Clear,Textiles,Shanghai,Rotterdam,0,0.3585347891167232,Medium
11600.43,111.35,2.1,3.8,0.83,29.87,Sea,Fog,Pharmaceuticals,Los Angeles,Hamburg,0,0.40961348553346677,Medium
500.17,135.29,1.33,9.0,0.96,0.84,Air,Fog,Automotive,Busan,Antwerp,0,0.7244874382983192,High
6540.2,401.76,4.0,0.2,0.99,0.85,Air,Rain,Automotive,Antwerp,Hamburg,0,0.19344929430184615,Low
8076.4,23.03,4.05,4.7,0.62,55.81,Rail,Hurricane,Textiles,Singapore,Los Angeles,1,0.9954971597131721,High
1292.2,496.05,3.17,9.3,0.91,0.5,Air,Rain,Automotive,Antwerp,Singapore,1,0.740992825058053,High
14609.63,66.05,3.1,3.9,0.68,31.39,Road,Storm,Electronics,Hamburg,Los Angeles,1,0.7752396004322738,High
3778.82,398.24,3.88,4.3,0.95,3.64,Road,Fog,Electronics,Hamburg,Marseille,0,0.42449121964091385,Medium
4910.88,197.99,3.79,5.8,0.89,4.71,Road,Rain,Perishables,Shanghai,Rotterdam,0,0.37864504218631917,Medium
4907.17,246.62,4.14,4.6,0.54,4.54,Road,Rain,Pharmaceuticals,Los Angeles,Singapore,1,0.488928363047873,Medium
3841.04,440.44,3.02,1.7,0.7,7.7,Rail,Storm,Textiles,Hamburg,Marseille,0,0.7173458364607843,High
521.37,207.04,4.39,0.2,0.67,2.53,Road,Hurricane,Textiles,Los Angeles,Dubai,1,0.9588204172331757,High
11075.5,269.21,4.49,6.1,0.89,6.23,Air,Hurricane,Textiles,Rotterdam,Antwerp,1,0.982606083464901,High
14519.26,25.6,1.58,9.2,0.71,117.76,Rail,Hurricane,Automotive,Busan,Marseille,1,0.9997258447728056,High
3752.26,2.17,4.0,1.1,0.84,6.77,Sea,Rain,Textiles,Dubai,Rotterdam,0,0.18336137376964887,Low
10114.18,123.16,2.85,2.1,0.8,7.32,Road,Rain,Pharmaceuticals,Antwerp,Dubai,1,0.2256696931079987,Low
11257.5,340.61,2.48,3.7,0.99,55.2,Sea,Storm,Perishables,Singapore,Rotterdam,1,0.8351297866683365,High
12802.17,61.51,3.22,8.1,0.97,30.48,Sea,Rain,Automotive,Hamburg,Dubai,1,0.5269093588590987,Medium
6628.12,57.77,1.38,2.7,0.71,15.67,Sea,Fog,Electronics,Shanghai,Dubai,0,0.2876369373627866,Low
4892.5,206.07,2.87,8.8,0.86,1.27,Air,Storm,Electronics,Busan,Antwerp,1,0.8954785692150555,High
5216.78,324.27,4.07,0.5,0.92,3.45,Rail,Clear,Perishables,Busan,Marseille,0,0.17872078419706217,Low
10833.01,356.32,1.9,9.4,0.95,177.01,Sea,Hurricane,Textiles,Antwerp,Rotterdam,1,0.9999582186960213,High
12343.3,90.05,2.61,5.6,0.53,31.77,Sea,Fog,Electronics,Dubai,Busan,0,0.5191440792288005,Medium
3133.4,40.71,4.3,6.6,0.65,4.76,Rail,Fog,Perishables,Antwerp,Rotterdam,0,0.5420543053823957,Medium
5878.64,470.26,2.61,3.7,0.66,39.57,Rail,Hurricane,Textiles,Shanghai,Busan,1,0.9900924077398059,High
13578.13,131.07,2.38,7.8,0.72,33.19,Road,Storm,Electronics,Rotterdam,Antwerp,1,0.8859970660301382,High
12197.06,426.82,2.65,1.7,0.59,17.88,Sea,Clear,Textiles,Hamburg,Singapore,0,0.30626781606208997,Medium
14780.45,431.88,2.91,0.5,0.75,168.46,Sea,Hurricane,Perishables,Shanghai,Marseille,1,0.9995862349829527,High
11436.6,386.49,3.29,4.0,0.83,29.28,Sea,Fog,Electronics,Dubai,Marseille,0,0.43863106761578446,Medium
6201.33,85.25,3.84,8.5,0.75,36.87,Sea,Storm,Pharmaceuticals,Antwerp,Los Angeles,1,0.9139790623301608,High
9064.25,411.08,2.69,7.5,0.83,21.68,Road,Storm,Perishables,Dubai,Hamburg,1,0.8750910295092765,High
10084.71,384.86,3.9,5.2,0.53,8.96,Road,Rain,Perishables,Busan,Los Angeles,1,0.38341962990588685,Medium
1637.61,298.76,2.96,5.7,0.94,3.25,Road,Storm,Perishables,Singapore,Los Angeles,1,0.739810274259248,High
8395.21,169.26,2.32,1.3,0.97,6.05,Road,Rain,Pharmaceuticals,Singapore,Rotterdam,0,0.17973798171664557,Low
10785.15,131.99,3.37,8.4,0.81,6.23,Air,Hurricane,Electronics,Rotterdam,Hamburg,1,0.9879051128121817,High
2926.16,61.82,3.57,7.9,0.94,0.5,Air,Rain,Textiles,Busan,Shanghai,0,0.6795464801913176,High
11819.16,255.37,3.04,6.6,0.57,32.32,Sea,Fog,Electronics,Rotterdam,Los Angeles,1,0.5179216739288323,Medium
8964.71,293.05,1.39,4.7,0.9,4.64,Air,Hurricane,Textiles,Singapore,Dubai,1,0.9823502587773801,High
14307.22,180.31,1.76,9.6,0.56,17.78,Rail,Rain,Pharmaceuticals,Antwerp,Busan,0,0.6226161970976813,High
1115.12,238.2,2.14,8.8,0.7,6.93,Road,Hurricane,Electronics,Los Angeles,Busan,1,0.9913272466660535,High
4347.23,182.39,2.13,6.4,0.66,24.15,Sea,Storm,Pharmaceuticals,Hamburg,Singapore,1,0.8885248009973025,High
9222.53,320.86,3.42,3.7,0.79,22.59,Rail,Storm,Textiles,Dubai,Los Angeles,0,0.7491407320050577,High
4800.12,450.73,1.26,6.2,0.65,4.1,Road,Clear,Electronics,Shanghai,Los Angeles,1,0.42812710319461594,Medium
10859.15,82.8,3.69,5.8,0.82,1.48,Air,Fog,Perishables,Shanghai,Dubai,1,0.45959849698847527,Medium
11505.58,191.32,2.08,3.9,0.68,24.32,Road,Storm,Electronics,Rotterdam,Singapore,1,0.7730437321197875,High
1986.48,71.29,2.22,3.1,0.93,2.22,Rail,Rain,Pharmaceuticals,Los Angeles,Antwerp,0,0.278733756615179,Low
7950.89,312.85,2.94,4.1,0.82,1.08,Air,Storm,Perishables,Rotterdam,Shanghai,0,0.7160268874338198,High
7878.91,364.71,1.91,5.7,0.61,6.7,Road,Clear,Pharmaceuticals,Antwerp,Dubai,0,0.4653014631649401,Medium
5854.57,466.02,4.12,4.3,0.67,78.58,Sea,Hurricane,Automotive,Dubai,Shanghai,1,0.9973164028545349,High
14027.41,140.16,1.48,2.6,0.92,2.66,Air,Storm,Automotive,Busan,Hamburg,1,0.5699619691569873,Medium
12498.84,475.16,2.67,7.6,0.69,28.66,Sea,Rain,Automotive,Busan,Shanghai,1,0.572575650802593,Medium
10609.54,32.57,4.0,5.3,0.77,5.09,Air,Hurricane,Pharmaceuticals,Rotterdam,Singapore,1,0.9815965279836274,High
10857.74,301.9,3.23,0.7,0.82,125.17,Sea,Hurricane,Automotive,Hamburg,Busan,1,0.9979366326990118,High
7194.88,29.51,2.16,3.7,0.67,3.24,Air,Hurricane,Textiles,Rotterdam,Los Angeles,1,0.9742601440902883,High
13854.42,446.99,2.59,8.8,0.65,40.78,Rail,Storm,Perishables,Dubai,Los Angeles,1,0.9267582617523146,High
10571.63,265.37,3.53,7.6,0.74,4.63,Air,Hurricane,Pharmaceuticals,Hamburg,Marseille,1,0.9916004843831717,High
11070.23,335.0,4.41,3.2,0.61,22.53,Road,Storm,Automotive,Los Angeles,Rotterdam,1,0.7488363034955545,High
12994.52,415.96,4.15,9.4,0.64,20.57,Rail,Fog,Automotive,Shanghai,Los Angeles,1,0.6383223207668771,High
4474.04,76.01,2.33,0.8,0.53,0.87,Air,Clear,Textiles,Antwerp,Los Angeles,0,0.3381374053461495,Medium
12202.53,20.26,4.49,9.6,0.65,12.55,Road,Rain,Perishables,Dubai,Busan,0,0.5923787026708421,Medium
3330.99,439.56,1.21,2.5,0.66,20.59,Rail,Hurricane,Electronics,Rotterdam,Marseille,1,0.977780327015564,High
5507.46,158.15,1.29,0.1,0.98,4.71,Road,Fog,Electronics,Antwerp,Singapore,0,0.2101022448322705,Low
5366.35,65.36,3.92,4.3,0.8,71.89,Sea,Hurricane,Pharmaceuticals,Antwerp,Hamburg,1,0.9961239027991936,High
14688.62,234.76,1.86,3.6,0.89,14.99,Road,Fog,Electronics,Los Angeles,Hamburg,0,0.3145463461411983,Medium
12919.79,299.55,1.4,5.4,0.52,34.66,Rail,Storm,Automotive,Singapore,Shanghai,1,0.8867565808584236,High
10666.96,16.45,1.98,8.0,0.55,2.58,Air,Storm,Pharmaceuticals,Singapore,Los Angeles,1,0.8724885433611348,High
11042.32,138.17,2.61,8.4,0.91,13.21,Rail,Rain,Automotive,Los Angeles,Shanghai,0,0.5333287970746541,Medium
8650.06,17.37,3.61,4.0,0.81,20.97,Rail,Storm,Pharmaceuticals,Shanghai,Rotterdam,0,0.7333744989986003,High
14232.81,210.75,3.26,4.3,0.6,7.26,Air,Hurricane,Automotive,Busan,Hamburg,1,0.9771911494770604,High
7695.75,447.65,1.98,1.5,0.7,4.59,Rail,Clear,Pharmaceuticals,Los Angeles,Singapore,0,0.25573375645847674,Low
6017.51,491.34,2.86,0.5,0.77,0.9,Air,Fog,Perishables,Hamburg,Los Angeles,0,0.2683289539201415,Low
2864.01,318.89,4.26,6.4,0.92,8.01,Sea,Fog,Textiles,Rotterdam,Los Angeles,0,0.3780401203512806,Medium
11899.98,81.66,3.89,0.6,0.53,1.25,Air,Storm,Electronics,Singapore,Los Angeles,1,0.5485890856616922,Medium
11149.44,453.02,2.27,7.3,0.8,11.39,Rail,Clear,Textiles,Antwerp,Busan,0,0.4778962729926886,Medium
6073.15,258.61,4.44,5.4,0.86,15.16,Rail,Storm,Electronics,Antwerp,Busan,1,0.7524544638981019,High
865.3,77.72,3.54,2.0,0.99,1.26,Rail,Fog,Pharmaceuticals,Hamburg,Shanghai,0,0.2938090917935707,Low
12665.46,460.94,1.41,5.4,0.9,11.45,Rail,Clear,Pharmaceuticals,Rotterdam,Singapore,0,0.33140398901613216,Medium
665.56,378.98,1.32,1.8,0.64,7.45,Sea,Hurricane,Perishables,Shanghai,Dubai,1,0.9516130703645769,High
10703.65,366.12,1.76,4.4,0.86,145.0,Sea,Hurricane,Automotive,Dubai,Shanghai,1,0.9996201390505626,High
14568.73,354.88,3.6,8.0,0.88,13.75,Road,Rain,Pharmaceuticals,Rotterdam,Los Angeles,1,0.3899062173882706,Medium
6846.09,100.97,1.81,4.6,0.87,4.43,Rail,Clear,Electronics,Shanghai,Busan,0,0.2582715779791373,Low
3907.11,106.29,2.89,1.5,0.91,2.38,Rail,Clear,Pharmaceuticals,Singapore,Shanghai,0,0.22763025199181047,Low
10720.63,344.46,1.51,7.2,0.95,80.81,Rail,Hurricane,Textiles,Antwerp,Busan,1,0.9982986196854488,High
12348.36,110.64,4.24,1.9,0.55,75.33,Rail,Hurricane,Automotive,Busan,Shanghai,1,0.9952593404748862,High
8423.24,219.9,2.34,7.4,0.55,20.63,Road,Storm,Textiles,Busan,Marseille,1,0.9254468018410793,High
14522.01,391.22,4.2,4.8,0.9,37.55,Rail,Storm,Perishables,Shanghai,Los Angeles,1,0.7714192812276481,High
1249.2,392.19,4.32,4.5,0.63,0.5,Air,Rain,Perishables,Los Angeles,Shanghai,0,0.570164169735917,Medium
7819.54,227.18,1.22,8.5,0.53,4.38,Air,Hurricane,Electronics,Los Angeles,Marseille,1,0.9945810583749418,High
10917.58,396.3,2.73,7.1,0.7,163.82,Sea,Hurricane,Pharmaceuticals,Los Angeles,Busan,1,0.9998877351323032,High
13008.29,419.47,1.28,0.3,0.91,26.93,Sea,Fog,Textiles,Hamburg,Marseille,0,0.26862318400701374,Low
3099.21,327.73,4.2,3.0,0.56,0.5,Air,Rain,Perishables,Hamburg,Singapore,0,0.5091480603492307,Medium
12100.05,114.98,2.91,8.7,0.84,2.75,Air,Storm,Perishables,Busan,Antwerp,0,0.8605049032626478,High
8514.25,137.73,1.45,0.2,0.5,1.06,Air,Storm,Electronics,Antwerp,Shanghai,1,0.6448795922650503,High
6250.03,158.11,1.56,5.5,0.56,37.71,Road,Hurricane,Pharmaceuticals,Rotterdam,Busan,1,0.9917347007761672,High
2409.87,59.29,2.47,7.3,0.68,3.77,Rail,Fog,Automotive,Antwerp,Los Angeles,0,0.5295356686961659,Medium
13046.79,137.31,4.3,6.2,0.54,15.02,Road,Fog,Pharmaceuticals,Los Angeles,Busan,0,0.5172983369124331,Medium
2780.46,105.55,3.49,7.6,0.92,41.97,Sea,Hurricane,Perishables,Los Angeles,Singapore,1,0.9953449444888136,High
4991.92,228.21,4.06,7.3,0.93,6.36,Road,Fog,Automotive,Hamburg,Marseille,0,0.5853271626124639,Medium
4705.66,454.31,2.41,6.9,0.88,5.79,Road,Fog,Pharmaceuticals,Los Angeles,Antwerp,1,0.5521910407034728,Medium
13135.5,53.14,1.34,8.2,0.62,16.71,Road,Fog,Automotive,Antwerp,Hamburg,0,0.6342690252410739,High
10254.19,360.41,4.42,6.5,0.76,5.96,Air,Hurricane,Electronics,Rotterdam,Busan,1,0.9801080338492801,High
12051.88,343.95,1.26,4.0,0.59,6.26,Air,Hurricane,Automotive,Antwerp,Rotterdam,1,0.9776685824652788,High
4131.78,48.78,4.33,4.7,0.64,28.38,Rail,Hurricane,Automotive,Rotterdam,Dubai,1,0.9861141799362888,High
9560.67,461.36,2.42,7.2,0.76,6.61,Air,Hurricane,Pharmaceuticals,Singapore,Busan,1,0.9882670860094502,High
8790.32,284.67,1.23,8.8,0.87,21.93,Road,Storm,Perishables,Hamburg,Marseille,1,0.9199820104818881,High
12576.04,182.5,3.47,2.7,0.55,0.82,Air,Fog,Automotive,Hamburg,Marseille,0,0.4035354489489365,Medium
13638.26,378.51,4.44,3.4,0.65,22.67,Sea,Clear,Textiles,Los Angeles,Hamburg,0,0.34311126478874293,Medium
676.27,129.43,4.39,9.3,0.96,0.5,Air,Fog,Electronics,Busan,Los Angeles,0,0.6996600681558826,High
10273.29,347.06,1.73,5.8,0.72,8.26,Road,Clear,Textiles,Los Angeles,Dubai,1,0.46716694425814415,Medium
1251.62,20.82,1.8,1.8,0.97,0.5,Air,Fog,Perishables,Dubai,Hamburg,0,0.3572276427282891,Medium
8458.45,419.86,3.07,6.6,1.0,16.33,Sea,Clear,Automotive,Busan,Hamburg,0,0.3697321403342719,Medium
4670.67,224.64,3.3,9.9,0.76,5.73,Road,Fog,Automotive,Shanghai,Busan,0,0.6412842872171628,High
4948.26,318.71,3.64,8.2,0.64,39.48,Rail,Hurricane,Electronics,Singapore,Shanghai,1,0.9970500277439818,High
5617.9,111.4,1.8,7.5,0.9,11.3,Sea,Clear,Pharmaceuticals,Busan,Rotterdam,1,0.43868718181296695,Medium
9508.74,338.86,4.36,2.1,0.58,13.98,Sea,Clear,Perishables,Rotterdam,Busan,1,0.17142583352541518,Low
5343.72,386.35,3.31,8.8,0.63,32.33,Sea,Storm,Automotive,Dubai,Singapore,1,0.93719114395715,High
11124.14,237.13,4.0,5.3,0.89,66.88,Road,Hurricane,Textiles,Antwerp,Dubai,1,0.996831777436449,High
6365.65,309.25,2.98,8.9,0.72,0.5,Air,Fog,Textiles,Los Angeles,Busan,0,0.7224930331993971,High
1491.12,228.71,2.57,3.3,0.6,1.47,Sea,Clear,Pharmaceuticals,Antwerp,Busan,0,0.25453216568420084,Low
11864.52,447.15,4.42,0.6,0.83,7.99,Rail,Clear,Electronics,Antwerp,Rotterdam,0,0.14308499805829203,Low
4643.5,249.44,3.12,4.8,0.87,4.35,Rail,Clear,Automotive,Hamburg,Rotterdam,1,0.34046708154898336,Medium
6775.12,421.06,4.06,2.7,0.56,0.89,Air,Rain,Textiles,Shanghai,Marseille,0,0.4553773248904878,Medium
10438.94,400.87,4.35,7.2,0.64,157.36,Sea,Hurricane,Perishables,Shanghai,Antwerp,1,0.9998773568704137,High
5320.61,205.84,3.43,9.6,0.61,14.46,Road,Storm,Perishables,Singapore,Hamburg,1,0.9294127125294633,High
1320.49,115.81,3.01,6.9,0.69,0.61,Air,Fog,Pharmaceuticals,Singapore,Shanghai,0,0.7257576029934028,High
5921.86,203.63,1.21,8.9,0.88,6.01,Rail,Clear,Textiles,Dubai,Busan,1,0.5589415088666819,Medium
14194.5,413.28,1.33,4.5,0.86,2.36,Air,Storm,Automotive,Los Angeles,Dubai,1,0.6817348486539667,High
9805.15,114.59,1.86,7.7,0.83,14.37,Rail,Fog,Automotive,Busan,Rotterdam,1,0.5368251658893739,Medium
10236.45,262.69,1.81,8.4,0.5,1.38,Air,Fog,Perishables,Dubai,Los Angeles,1,0.6581113780639095,High
9668.09,403.24,2.04,7.1,0.57,27.64,Rail,Storm,Perishables,Singapore,Shanghai,1,0.9124723112792922,High
3385.39,177.39,2.21,5.1,0.61,0.76,Air,Fog,Pharmaceuticals,Singapore,Los Angeles,1,0.5658420356237738,Medium
6565.84,321.46,2.39,6.3,0.64,8.3,Rail,Fog,Pharmaceuticals,Hamburg,Los Angeles,0,0.5098345006611343,Medium
11388.63,123.57,2.59,7.0,0.57,63.82,Sea,Storm,Pharmaceuticals,Antwerp,Hamburg,0,0.9564918002626702,High
1969.91,55.53,1.53,2.5,0.71,2.13,Sea,Clear,Pharmaceuticals,Hamburg,Marseille,1,0.2755538953236184,Low
4528.87,397.4,1.34,8.1,0.54,26.88,Sea,Storm,Perishables,Antwerp,Dubai,1,0.912606310646452,High
4506.63,50.39,3.42,9.5,0.88,9.13,Sea,Clear,Electronics,Dubai,Busan,0,0.5041176090054453,Medium
6764.27,136.42,2.97,4.7,0.89,39.92,Road,Hurricane,Perishables,Rotterdam,Shanghai,1,0.9900154275805756,High
14715.35,427.7,2.67,7.0,0.79,93.9,Road,Hurricane,Perishables,Singapore,Hamburg,1,0.9989462692481773,High
1478.79,173.89,3.29,7.4,0.55,2.51,Road,Fog,Perishables,Rotterdam,Los Angeles,0,0.5452424046778983,Medium
8021.16,486.55,3.93,6.6,0.95,6.82,Rail,Clear,Textiles,Hamburg,Rotterdam,0,0.4504054516288035,Medium
3100.79,489.89,2.61,5.5,0.98,5.87,Sea,Clear,Textiles,Rotterdam,Dubai,0,0.3035686423314948,Medium
14574.81,134.87,3.32,8.8,0.6,18.81,Road,Fog,Textiles,Busan,Rotterdam,1,0.7004579995432858,High
2142.9,21.45,4.35,4.5,0.85,2.64,Rail,Fog,Perishables,Dubai,Los Angeles,0,0.3436523742048267,Medium
6352.21,352.83,3.97,0.6,0.92,0.89,Air,Storm,Automotive,Busan,Antwerp,1,0.553497659153595,Medium
11199.33,226.04,2.61,8.4,0.77,32.87,Rail,Storm,Textiles,Rotterdam,Marseille,1,0.9238503000569365,High
10716.04,51.28,3.33,6.7,0.66,80.24,Rail,Hurricane,Electronics,Shanghai,Rotterdam,1,0.9982499955333102,High
6629.57,354.05,1.78,8.5,0.74,7.88,Rail,Rain,Pharmaceuticals,Dubai,Rotterdam,0,0.5655796674484348,Medium
5524.6,16.56,3.05,1.4,0.76,4.29,Rail,Rain,Automotive,Antwerp,Dubai,0,0.19674125718778324,Low
6265.38,435.23,4.44,0.3,0.7,13.06,Rail,Storm,Textiles,Rotterdam,Busan,0,0.5140852307542358,Medium
4332.01,70.19,2.91,9.3,0.97,5.36,Rail,Rain,Automotive,Hamburg,Antwerp,1,0.5687299033986921,Medium
3477.33,64.53,4.26,1.5,0.87,7.12,Road,Storm,Textiles,Shanghai,Hamburg,1,0.6239539420103235,High
7504.08,88.66,2.54,8.1,0.62,116.83,Sea,Hurricane,Perishables,Dubai,Los Angeles,1,0.9995864071824785,High
4393.74,480.17,4.5,8.2,0.79,0.5,Air,Fog,Pharmaceuticals,Singapore,Hamburg,1,0.7074689834033738,High
4668.19,346.89,3.11,7.1,0.84,35.14,Rail,Hurricane,Pharmaceuticals,Rotterdam,Busan,1,0.9914359530806331,High
10022.96,400.88,1.34,1.3,0.57,119.11,Sea,Hurricane,Electronics,Busan,Hamburg,1,0.9985060059034054,High
14543.79,199.42,3.14,6.7,0.68,33.95,Road,Storm,Automotive,Hamburg,Dubai,1,0.8868656249197707,High
9252.74,168.82,2.11,8.9,0.95,0.95,Air,Clear,Pharmaceuticals,Dubai,Rotterdam,1,0.5928138303801803,Medium
1616.2,118.01,1.31,4.3,0.78,3.27,Road,Storm,Textiles,Antwerp,Hamburg,1,0.7769390868287882,High
1595.96,240.84,3.91,4.1,0.61,7.86,Sea,Storm,Textiles,Hamburg,Dubai,1,0.756867719397207,High
14295.64,276.36,2.11,4.4,0.56,25.25,Sea,Clear,Perishables,Hamburg,Dubai,0,0.38541085442581346,Medium
4810.72,316.26,3.83,0.8,0.76,10.34,Rail,Storm,Pharmaceuticals,Hamburg,Dubai,1,0.5939387215559274,Medium
1834.97,129.3,2.15,8.9,0.77,0.58,Air,Fog,Pharmaceuticals,Dubai,Busan,0,0.724287875898939,High
9186.15,474.38,1.84,8.7,0.67,27.81,Sea,Fog,Perishables,Antwerp,Hamburg,1,0.7007839227063536,High
9542.91,85.71,4.41,10.0,0.82,5.37,Air,Hurricane,Textiles,Rotterdam,Antwerp,1,0.9931571012698506,High
9903.32,482.86,2.39,5.9,0.53,8.22,Road,Rain,Textiles,Dubai,Antwerp,0,0.5168522535778923,Medium
4377.33,8.41,3.18,7.5,0.57,6.68,Rail,Fog,Pharmaceuticals,Busan,Antwerp,1,0.624290746481206,High
719.1,241.08,3.21,2.0,0.77,0.87,Road,Storm,Electronics,Rotterdam,Singapore,0,0.6151928893494115,High
14492.72,167.35,3.05,6.7,0.53,33.69,Road,Storm,Perishables,Busan,Antwerp,1,0.8988980210168425,High
4137.95,225.11,4.22,6.5,0.94,0.8,Air,Clear,Perishables,Singapore,Marseille,0,0.5857891860148033,Medium
10302.38,285.76,3.43,9.0,0.57,24.4,Sea,Rain,Perishables,Los Angeles,Antwerp,1,0.6566020180089466,High
10746.13,218.36,2.53,8.3,0.84,31.3,Rail,Storm,Electronics,Rotterdam,Dubai,0,0.8794389632609978,High
9345.11,208.01,4.05,9.4,0.7,12.43,Rail,Rain,Perishables,Singapore,Rotterdam,1,0.6223455174474991,High
5037.16,366.63,1.8,8.7,0.7,33.58,Road,Hurricane,Textiles,Los Angeles,Busan,1,0.9965627336349817,High
4430.9,343.25,3.0,8.7,0.88,0.5,Air,Fog,Textiles,Rotterdam,Hamburg,1,0.6861441429509542,High
9166.19,416.8,4.34,0.6,0.75,5.4,Road,Clear,Perishables,Singapore,Marseille,0,0.21191700700026178,Low
13058.39,125.73,3.26,8.5,0.86,38.59,Sea,Fog,Pharmaceuticals,Busan,Los Angeles,0,0.6481790814771918,High
14227.64,305.15,3.9,6.1,0.75,102.6,Rail,Hurricane,Pharmaceuticals,Hamburg,Los Angeles,1,0.9989047808749433,High
2035.63,293.01,3.36,3.8,0.8,10.96,Road,Hurricane,Automotive,Rotterdam,Hamburg,1,0.9720871322069653,High
2745.01,185.5,3.97,0.6,0.88,0.93,Air,Rain,Perishables,Busan,Hamburg,0,0.26304578323452893,Low
14198.68,243.54,4.32,6.8,0.8,39.74,Rail,Storm,Textiles,Antwerp,Dubai,1,0.9058747788386573,High
11179.76,157.58,2.1,3.3,0.81,11.91,Road,Fog,Textiles,Shanghai,Singapore,0,0.3991163998323718,Medium
13303.41,71.78,1.76,4.7,0.9,0.79,Air,Clear,Textiles,Busan,Dubai,0,0.36740701443650065,Medium
3438.17,107.69,2.8,6.8,0.98,19.35,Sea,Storm,Pharmaceuticals,Singapore,Antwerp,1,0.8203664299722453,High
9020.0,53.65,3.52,9.1,0.69,18.71,Sea,Clear,Textiles,Busan,Antwerp,0,0.6418899088897139,High
10666.52,341.85,1.95,8.3,0.79,10.27,Road,Rain,Textiles,Dubai,Marseille,1,0.6245874848276928,High
10361.62,330.7,1.21,4.5,0.54,26.58,Rail,Storm,Textiles,Busan,Los Angeles,1,0.828472921784262,High
6418.2,475.35,2.33,3.9,0.68,0.75,Air,Clear,Pharmaceuticals,Busan,Los Angeles,1,0.39476473564901116,Medium
723.23,365.11,4.4,2.4,0.71,1.45,Rail,Rain,Pharmaceuticals,Busan,Marseille,1,0.32342759182121744,Medium
8952.43,26.97,3.49,3.7,0.92,5.4,Air,Hurricane,Automotive,Shanghai,Hamburg,1,0.9700019501146174,High
4169.97,442.24,2.52,1.1,0.76,0.72,Air,Storm,Textiles,Rotterdam,Shanghai,0,0.6745090503321781,High
7028.69,431.47,1.84,9.7,0.87,1.39,Air,Fog,Perishables,Shanghai,Marseille,0,0.7371112662771134,High
14384.92,222.22,2.38,5.7,0.51,15.19,Road,Fog,Perishables,Dubai,Los Angeles,0,0.4630093500872124,Medium
6286.01,293.35,1.76,1.3,0.73,1.19,Air,Rain,Textiles,Shanghai,Rotterdam,0,0.3066216147709981,Medium
12677.12,488.06,1.55,3.5,0.95,0.8,Air,Fog,Textiles,Los Angeles,Dubai,1,0.3579717403722362,Medium
3233.84,266.62,4.19,5.5,0.61,0.52,Air,Storm,Perishables,Hamburg,Busan,1,0.8403160723214007,High
10250.68,452.76,4.49,5.3,0.52,144.46,Sea,Hurricane,Perishables,Rotterdam,Busan,1,0.9996386021364229,High
14666.6,42.44,1.74,0.4,0.72,0.7,Air,Clear,Perishables,Rotterdam,Singapore,0,0.17396801609887844,Low
1977.45,96.33,1.38,9.5,0.85,6.18,Sea,Fog,Textiles,Hamburg,Antwerp,0,0.6686519245192871,High
620.64,220.94,2.29,2.8,0.73,1.3,Road,Rain,Pharmaceuticals,Los Angeles,Busan,1,0.29859545344870475,Low
6786.95,292.79,2.72,0.2,0.73,75.83,Sea,Hurricane,Automotive,Singapore,Los Angeles,1,0.989760721362217,High
1843.07,408.3,1.88,0.8,0.84,2.87,Road,Storm,Perishables,Rotterdam,Hamburg,0,0.49827097193529046,Medium
11351.57,494.14,2.19,5.8,0.63,7.01,Air,Hurricane,Electronics,Antwerp,Marseille,1,0.9883504006646505,High
13760.96,195.04,1.86,1.4,0.88,1.18,Air,Rain,Automotive,Shanghai,Singapore,0,0.20642142038920006,Low
6793.3,24.66,3.76,0.4,0.58,1.5,Air,Fog,Electronics,Los Angeles,Shanghai,0,0.3460358674407425,Medium
4251.32,400.78,3.55,3.8,0.7,56.63,Sea,Hurricane,Pharmaceuticals,Busan,Singapore,1,0.9946052225901528,High
6798.85,302.59,3.3,6.2,0.83,0.5,Air,Clear,Automotive,Shanghai,Dubai,0,0.474779394059591,Medium
10989.99,100.07,2.48,1.1,0.91,1.23,Air,Fog,Textiles,Dubai,Hamburg,0,0.27313585377628335,Low
631.29,247.92,4.2,3.1,0.9,0.5,Air,Rain,Pharmaceuticals,Singapore,Dubai,0,0.41555538522307556,Medium
9047.08,371.41,4.4,4.2,0.86,45.57,Sea,Storm,Electronics,Hamburg,Busan,0,0.8210764098067781,High
9392.73,385.44,1.77,1.6,0.68,112.65,Sea,Hurricane,Textiles,Shanghai,Hamburg,1,0.9983629544133884,High
9746.48,250.31,1.94,5.1,0.56,50.08,Sea,Storm,Automotive,Antwerp,Shanghai,1,0.9110825254133247,High
4009.32,153.3,2.93,0.9,0.61,6.56,Sea,Rain,Textiles,Dubai,Busan,0,0.18956492184374138,Low
10853.76,486.9,1.5,0.5,0.93,1.68,Air,Clear,Pharmaceuticals,Shanghai,Rotterdam,0,0.1804138227397198,Low
1825.18,332.02,2.64,5.2,0.93,0.5,Air,Clear,Electronics,Dubai,Shanghai,0,0.5263286151828074,Medium
3389.42,204.71,3.12,2.5,0.98,0.5,Air,Clear,Automotive,Rotterdam,Dubai,0,0.26614063741653626,Low
13223.32,140.95,2.92,1.0,0.54,20.15,Sea,Clear,Pharmaceuticals,Singapore,Antwerp,0,0.22045377244032816,Low
11211.49,365.82,2.29,4.2,0.77,22.45,Sea,Rain,Textiles,Shanghai,Rotterdam,0,0.3429345147463117,Medium
699.31,121.85,2.99,9.2,0.82,2.08,Sea,Fog,Textiles,Busan,Rotterdam,0,0.6072478554707034,High
4101.46,86.68,4.36,7.2,0.86,27.1,Road,Hurricane,Pharmaceuticals,Busan,Hamburg,1,0.9931117794628354,High
3608.89,265.39,1.88,8.2,0.82,23.99,Road,Hurricane,Textiles,Busan,Los Angeles,1,0.9940503520449232,High
4426.69,145.7,3.36,8.7,0.89,5.3,Road,Fog,Electronics,Hamburg,Shanghai,1,0.6601954700799625,High
4089.62,314.82,1.34,9.7,0.68,27.82,Road,Hurricane,Pharmaceuticals,Singapore,Busan,1,0.9963333836390866,High
1406.63,59.85,1.42,7.6,0.59,7.63,Sea,Storm,Pharmaceuticals,Dubai,Los Angeles,1,0.8206653519734481,High
7154.64,327.82,3.02,6.1,0.6,12.49,Sea,Clear,Perishables,Singapore,Dubai,0,0.43773526972797305,Medium
11124.64,142.36,1.55,3.7,0.51,146.27,Sea,Hurricane,Electronics,Busan,Hamburg,1,0.9996566260292277,High
9297.61,1.12,1.27,1.8,0.68,6.94,Road,Rain,Electronics,Dubai,Hamburg,0,0.23198941231021072,Low
10256.64,64.34,1.77,6.9,0.55,9.28,Road,Clear,Electronics,Rotterdam,Singapore,1,0.5105371262159498,Medium
1676.66,466.87,3.06,9.9,0.66,9.93,Sea,Storm,Electronics,Los Angeles,Rotterdam,1,0.8948898221398005,High
14296.62,433.81,3.52,4.7,0.81,196.67,Sea,Hurricane,Automotive,Singapore,Shanghai,1,0.9999377597953307,High
12658.13,117.57,1.87,7.2,0.95,71.94,Sea,Storm,Automotive,Hamburg,Dubai,1,0.9496034331609537,High
12173.81,389.41,3.41,5.0,0.92,13.06,Rail,Rain,Electronics,Dubai,Marseille,0,0.35199326729780783,Medium
12433.27,304.68,1.8,4.3,0.63,1.55,Air,Fog,Perishables,Singapore,Busan,0,0.3997622702832108,Medium
14024.3,485.48,3.22,4.1,0.57,16.5,Rail,Fog,Perishables,Shanghai,Los Angeles,0,0.3435326727498653,Medium
8391.68,187.43,2.56,5.0,0.6,18.76,Road,Storm,Pharmaceuticals,Antwerp,Rotterdam,1,0.8270570741898143,High
3404.09,341.05,3.36,3.7,0.99,44.63,Sea,Hurricane,Textiles,Shanghai,Dubai,1,0.9880971790347286,High
9443.36,32.7,4.48,7.5,0.78,12.95,Rail,Fog,Electronics,Antwerp,Busan,0,0.5143312122055032,Medium
11271.78,198.73,4.29,8.7,0.59,33.98,Sea,Fog,Automotive,Hamburg,Los Angeles,1,0.7002235274380585,High
11199.8,481.95,1.21,8.8,0.92,1.7,Air,Clear,Pharmaceuticals,Rotterdam,Busan,1,0.49278796313746287,Medium
8061.01,269.95,4.12,2.3,0.7,6.15,Rail,Rain,Electronics,Los Angeles,Dubai,0,0.23754856570430075,Low
1492.65,144.65,1.42,9.0,0.95,1.98,Rail,Fog,Automotive,Antwerp,Dubai,0,0.5916067011823276,Medium
5881.14,61.02,4.35,3.4,0.63,0.5,Air,Storm,Textiles,Shanghai,Los Angeles,1,0.7466877238770219,High
13851.12,352.06,2.13,3.1,0.7,33.36,Sea,Fog,Electronics,Singapore,Hamburg,0,0.39721015103491614,Medium
8974.51,322.78,2.46,7.3,0.75,20.23,Sea,Rain,Pharmaceuticals,Los Angeles,Hamburg,0,0.5173010581014921,Medium
8305.81,187.6,1.5,3.0,0.95,5.39,Road,Clear,Automotive,Rotterdam,Singapore,1,0.22436526743802795,Low
4398.38,475.52,1.57,0.5,0.93,4.11,Rail,Rain,Electronics,Antwerp,Rotterdam,0,0.15806306211844548,Low
5842.51,12.08,3.6,3.7,0.79,7.01,Road,Fog,Electronics,Antwerp,Shanghai,0,0.4047041247649986,Medium
13482.52,152.56,4.32,7.2,0.61,2.48,Air,Rain,Pharmaceuticals,Hamburg,Antwerp,0,0.565464025165986,Medium
10163.71,460.61,3.22,3.3,0.7,1.48,Air,Storm,Textiles,Rotterdam,Antwerp,1,0.7018373515551638,High
11917.11,161.15,3.56,6.3,0.99,31.73,Rail,Storm,Textiles,Shanghai,Antwerp,1,0.8528115239332061,High
7088.01,126.87,3.71,6.6,0.8,19.92,Rail,Storm,Perishables,Hamburg,Busan,1,0.8325262671732826,High
9638.58,267.58,2.07,7.3,0.89,10.22,Road,Rain,Automotive,Busan,Singapore,0,0.5041781651601005,Medium
4101.56,412.08,1.35,9.0,0.73,33.41,Rail,Hurricane,Pharmaceuticals,Antwerp,Singapore,1,0.9970970240870173,High
10729.18,52.47,1.21,4.3,0.77,55.18,Sea,Storm,Textiles,Hamburg,Dubai,1,0.9027280314070263,High
6700.22,471.57,2.36,1.7,0.71,15.01,Sea,Fog,Perishables,Rotterdam,Singapore,1,0.255560606792661,Low
6916.91,397.74,2.0,3.2,0.85,88.81,Sea,Hurricane,Pharmaceuticals,Dubai,Antwerp,1,0.9969839201133949,High
9915.17,91.44,1.41,4.3,0.93,5.08,Air,Hurricane,Electronics,Shanghai,Singapore,1,0.9772223875088576,High
14076.07,356.29,1.79,7.1,0.75,39.63,Sea,Fog,Textiles,Dubai,Marseille,0,0.7161024078501416,High
1428.09,193.09,1.61,0.1,0.74,1.36,Road,Rain,Textiles,Los Angeles,Busan,0,0.20889365164927406,Low
12458.78,201.75,4.22,3.2,0.67,10.79,Road,Rain,Textiles,Busan,Hamburg,1,0.32465386902724586,Medium
4739.56,391.86,1.66,7.8,0.59,0.87,Air,Clear,Perishables,Busan,Dubai,0,0.6680656662637052,High
6936.83,481.43,2.97,6.7,0.97,103.18,Sea,Hurricane,Automotive,Antwerp,Shanghai,1,0.9990755936444833,High
817.74,64.2,3.16,7.3,0.66,0.9,Rail,Clear,Perishables,Busan,Shanghai,1,0.5664909921563186,Medium
4865.17,210.89,2.99,8.1,0.9,6.1,Rail,Rain,Automotive,Hamburg,Shanghai,1,0.5495624834165409,Medium
7788.15,240.99,1.53,7.8,0.86,8.05,Rail,Rain,Pharmaceuticals,Antwerp,Shanghai,1,0.5305030125089842,Medium
1314.55,188.78,2.25,6.8,0.9,1.36,Road,Rain,Pharmaceuticals,Shanghai,Rotterdam,0,0.45651530216284547,Medium
7620.89,182.23,1.37,4.4,0.97,16.63,Road,Storm,Automotive,Antwerp,Shanghai,1,0.7553954051108087,High
13943.1,27.08,2.51,9.8,0.81,43.44,Sea,Fog,Electronics,Dubai,Busan,0,0.7378718747449587,High
2028.2,343.08,1.82,5.7,0.95,2.67,Rail,Fog,Automotive,Rotterdam,Los Angeles,1,0.32504612905084307,Medium
11584.39,218.67,3.05,2.0,0.58,17.94,Sea,Clear,Textiles,Antwerp,Shanghai,0,0.30102997308185175,Medium
6440.23,98.2,3.49,2.9,0.81,15.09,Sea,Fog,Pharmaceuticals,Antwerp,Marseille,1,0.34325563949395055,Medium
10000.02,408.2,2.96,6.9,0.89,8.58,Road,Clear,Electronics,Shanghai,Hamburg,0,0.4230721890900745,Medium
4273.43,401.48,2.63,9.2,0.64,5.82,Road,Fog,Textiles,Singapore,Busan,1,0.7165357027737843,High
2812.64,243.71,2.48,1.8,0.87,2.26,Road,Rain,Pharmaceuticals,Dubai,Busan,0,0.21156993430658835,Low
2826.71,149.93,3.98,0.8,0.89,1.4,Road,Clear,Pharmaceuticals,Busan,Rotterdam,0,0.1903842997240169,Low
1522.13,319.41,1.92,8.8,0.92,2.69,Rail,Fog,Automotive,Los Angeles,Dubai,1,0.599087128596155,Medium
3191.88,144.79,3.62,9.2,0.66,19.49,Sea,Storm,Pharmaceuticals,Rotterdam,Shanghai,1,0.9000940823295948,High
10131.18,118.77,3.7,2.8,0.84,47.67,Sea,Storm,Electronics,Busan,Rotterdam,1,0.783309114697159,High
13284.51,365.53,2.58,3.8,0.65,65.77,Sea,Storm,Textiles,Shanghai,Dubai,1,0.9126966146431106,High
12304.82,21.12,2.18,6.6,0.87,14.93,Road,Fog,Perishables,Hamburg,Busan,0,0.46845119815549335,Medium
10434.45,48.29,2.75,3.3,0.73,12.94,Rail,Fog,Perishables,Busan,Antwerp,1,0.3358361406011776,Medium
2101.26,4.39,1.51,8.8,0.8,3.39,Rail,Fog,Perishables,Antwerp,Singapore,1,0.676524688001139,High
4693.22,77.32,1.35,1.1,0.71,8.29,Sea,Rain,Textiles,Shanghai,Antwerp,0,0.20326221943295142,Low
4992.2,35.43,1.57,0.4,0.58,11.11,Sea,Fog,Electronics,Busan,Hamburg,0,0.21867692491907637,Low
4124.38,497.91,1.82,2.1,0.59,0.9,Air,Rain,Textiles,Hamburg,Singapore,0,0.49489428789294326,Medium
7967.58,145.12,2.86,2.9,0.54,9.86,Rail,Fog,Automotive,Rotterdam,Antwerp,0,0.30723113171317495,Medium
8265.53,75.48,4.0,1.1,0.81,14.26,Sea,Rain,Textiles,Rotterdam,Singapore,0,0.19351985281006745,Low
5674.85,121.26,1.98,0.7,0.92,4.7,Road,Fog,Textiles,Hamburg,Singapore,0,0.290488132309018,Low
5629.94,468.13,4.29,7.6,0.51,7.81,Rail,Fog,Perishables,Los Angeles,Marseille,1,0.6762978400826257,High
12514.06,260.56,4.35,1.6,0.53,151.44,Sea,Hurricane,Pharmaceuticals,Antwerp,Dubai,1,0.9995378404778366,High
11944.75,183.04,4.36,9.1,0.73,31.22,Road,Storm,Textiles,Hamburg,Antwerp,1,0.9444995049978814,High
4963.04,436.82,3.96,3.7,0.87,5.14,Rail,Clear,Textiles,Singapore,Rotterdam,0,0.3374589785320175,Medium
13749.93,198.1,2.4,6.7,0.58,87.37,Road,Hurricane,Electronics,Shanghai,Hamburg,1,0.9987466962722267,High
14315.82,168.17,1.44,2.3,0.64,176.86,Sea,Hurricane,Automotive,Singapore,Los Angeles,1,0.9997557664009125,High
5237.77,104.43,3.08,2.4,0.62,65.15,Sea,Hurricane,Perishables,Shanghai,Dubai,1,0.9928329859167505,High
5639.16,189.52,3.04,5.7,0.7,40.29,Rail,Hurricane,Textiles,Antwerp,Busan,1,0.9939704145465877,High
7831.7,159.03,4.0,5.6,0.61,0.5,Air,Fog,Pharmaceuticals,Antwerp,Los Angeles,1,0.5243336758381179,Medium
14146.25,338.97,4.49,7.7,0.68,16.91,Road,Fog,Electronics,Shanghai,Dubai,1,0.5669807861031099,Medium
13206.63,145.5,2.88,7.6,0.86,32.77,Road,Storm,Electronics,Busan,Rotterdam,1,0.8835946415475348,High
1987.24,289.02,2.34,6.7,0.81,0.73,Air,Fog,Perishables,Hamburg,Los Angeles,0,0.6187808892556316,High
6194.6,33.88,1.81,4.5,0.54,17.03,Rail,Storm,Automotive,Dubai,Rotterdam,1,0.794898455082965,High
8523.88,96.45,1.22,8.9,0.82,4.92,Air,Hurricane,Pharmaceuticals,Hamburg,Los Angeles,1,0.9913787696021297,High
7795.42,204.3,2.88,6.2,0.74,18.08,Road,Storm,Electronics,Shanghai,Hamburg,1,0.8327952267962342,High
3311.01,468.54,3.03,9.9,0.97,8.45,Road,Storm,Perishables,Singapore,Rotterdam,1,0.8958406027985067,High
12952.84,189.25,3.92,8.2,0.65,1.7,Air,Rain,Textiles,Shanghai,Marseille,1,0.6455014234177172,High
10315.64,332.37,2.87,0.4,0.86,19.24,Road,Storm,Perishables,Busan,Singapore,1,0.6008268321896908,High
12649.67,128.29,4.22,3.2,0.87,69.45,Road,Hurricane,Perishables,Rotterdam,Singapore,1,0.9939492003859575,High
12952.08,64.39,3.27,5.7,0.61,68.95,Sea,Storm,Electronics,Rotterdam,Marseille,1,0.9391842086388574,High
11351.16,30.21,3.97,7.2,0.95,1.44,Air,Rain,Textiles,Antwerp,Dubai,0,0.5165319112064566,Medium
6868.55,153.4,1.69,5.5,0.75,41.9,Road,Hurricane,Perishables,Singapore,Shanghai,1,0.9947120724352333,High
9352.93,79.67,4.02,7.9,0.84,54.67,Sea,Storm,Textiles,Shanghai,Dubai,1,0.9446613834720474,High
2825.3,87.83,3.43,2.8,0.57,1.86,Road,Rain,Automotive,Antwerp,Dubai,0,0.3188384578806294,Medium
10267.86,380.62,1.76,1.8,0.63,9.07,Road,Fog,Perishables,Hamburg,Los Angeles,0,0.2661564830175245,Low
3099.17,8.9,1.83,0.5,0.79,6.19,Sea,Fog,Pharmaceuticals,Dubai,Los Angeles,1,0.16185157737156625,Low
10562.27,279.35,4.26,5.7,0.66,28.66,Rail,Storm,Automotive,Busan,Los Angeles,1,0.8225843113142827,High
3829.17,190.35,1.31,6.9,0.75,8.2,Sea,Clear,Electronics,Busan,Hamburg,0,0.4393211977513735,Medium
2204.49,253.77,2.73,3.3,0.69,1.92,Rail,Rain,Automotive,Hamburg,Rotterdam,0,0.31070145071224153,Medium
2896.63,281.85,2.23,6.1,0.82,4.52,Road,Fog,Pharmaceuticals,Dubai,Antwerp,0,0.527084489379564,Medium
528.89,157.37,3.39,0.5,0.74,0.5,Air,Fog,Automotive,Rotterdam,Hamburg,0,0.2944098095150945,Low
10921.72,148.26,3.97,1.0,0.5,11.25,Rail,Fog,Perishables,Los Angeles,Marseille,0,0.30214526286772847,Medium
11119.82,366.97,2.39,7.0,0.83,13.52,Road,Fog,Automotive,Rotterdam,Los Angeles,1,0.41875294816313885,Medium
7966.53,435.77,2.61,3.7,0.71,105.24,Sea,Hurricane,Electronics,Shanghai,Dubai,1,0.998370813787536,High
2839.76,97.1,4.44,6.7,0.67,2.17,Road,Fog,Pharmaceuticals,Hamburg,Singapore,1,0.630428762363204,High
1711.54,49.71,3.79,8.3,0.55,4.65,Road,Storm,Automotive,Shanghai,Rotterdam,1,0.879420919769589,High
777.37,449.0,4.16,8.5,0.61,2.13,Sea,Clear,Pharmaceuticals,Antwerp,Busan,0,0.5238466411961306,Medium
2903.35,175.6,2.65,1.7,0.61,0.69,Air,Storm,Electronics,Singapore,Shanghai,1,0.7540009099161872,High
13417.41,276.11,1.97,4.9,0.97,1.01,Air,Rain,Pharmaceuticals,Singapore,Antwerp,1,0.34391458197584224,Medium
4002.28,180.41,2.56,7.3,0.72,7.51,Sea,Clear,Perishables,Antwerp,Singapore,0,0.5152461714704136,Medium
5636.93,63.78,3.56,7.7,0.52,16.17,Sea,Fog,Textiles,Shanghai,Busan,1,0.6137408712812396,High
2027.51,295.08,1.56,7.8,0.57,0.5,Air,Fog,Automotive,Singapore,Los Angeles,1,0.7032623849244211,High
3724.24,263.05,2.09,2.3,0.54,3.36,Road,Fog,Perishables,Rotterdam,Antwerp,0,0.3124222882712196,Medium
8028.76,102.29,1.35,1.9,0.79,18.13,Rail,Storm,Electronics,Busan,Singapore,0,0.6804550606218308,High
9312.41,226.48,2.63,5.9,0.59,7.24,Road,Clear,Electronics,Busan,Marseille,0,0.48972264412370764,Medium
4057.61,398.68,3.93,7.4,0.75,0.59,Air,Storm,Electronics,Antwerp,Busan,1,0.8619095211495088,High
1337.12,295.62,1.28,3.2,0.69,6.95,Road,Hurricane,Perishables,Busan,Antwerp,1,0.9756327394360725,High
6169.98,49.36,3.43,1.0,0.9,13.91,Sea,Fog,Perishables,Hamburg,Los Angeles,1,0.18231846309201383,Low
3895.95,274.46,4.28,7.2,0.66,11.21,Rail,Storm,Perishables,Dubai,Los Angeles,1,0.8386347857346124,High
3683.53,351.67,1.98,3.0,0.73,6.79,Sea,Rain,Pharmaceuticals,Antwerp,Marseille,1,0.2931957357706002,Low
14418.01,396.56,3.49,1.7,0.86,65.33,Sea,Storm,Pharmaceuticals,Hamburg,Shanghai,1,0.8527006590925934,High
9436.36,314.93,4.42,1.5,0.72,6.81,Rail,Clear,Electronics,Shanghai,Marseille,1,0.21640403197310795,Low
8574.74,77.18,4.38,3.1,0.9,0.55,Air,Clear,Perishables,Rotterdam,Marseille,0,0.29724644928111565,Low
6528.74,355.38,1.98,5.9,0.83,35.75,Sea,Storm,Automotive,Rotterdam,Shanghai,1,0.8401348494438169,High
6719.69,338.99,1.53,3.6,0.71,6.77,Road,Fog,Electronics,Singapore,Rotterdam,0,0.37523528754323465,Medium
8343.12,13.19,1.69,0.2,0.75,6.44,Rail,Rain,Pharmaceuticals,Los Angeles,Marseille,0,0.19216198821843908,Low
10598.23,206.46,3.52,1.0,0.98,9.19,Rail,Rain,Perishables,Shanghai,Marseille,0,0.1616722622254697,Low
10681.12,167.14,3.6,2.9,0.83,7.81,Rail,Clear,Electronics,Singapore,Busan,1,0.20514808868169992,Low
2989.56,335.04,3.42,6.6,0.95,44.04,Sea,Hurricane,Textiles,Los Angeles,Dubai,1,0.9943961351824119,High
7751.63,108.85,2.31,1.0,0.59,38.59,Road,Hurricane,Pharmaceuticals,Singapore,Dubai,1,0.9846228419678089,High
6473.39,295.85,1.76,5.6,0.74,3.7,Road,Clear,Electronics,Los Angeles,Antwerp,0,0.4201803176974536,Medium
13122.64,456.69,3.12,1.2,0.95,8.54,Road,Clear,Pharmaceuticals,Busan,Los Angeles,0,0.1380719882811772,Low
9655.57,399.1,2.8,2.1,0.66,7.32,Rail,Clear,Automotive,Rotterdam,Los Angeles,0,0.16473288314251208,Low
8221.31,460.81,3.61,1.7,0.98,99.8,Sea,Hurricane,Textiles,Los Angeles,Shanghai,1,0.9974443198125199,High
2173.22,489.27,2.66,0.7,0.55,0.5,Air,Storm,Textiles,Antwerp,Dubai,1,0.7399029067877637,High
9281.75,6.32,2.32,6.7,0.95,7.75,Road,Clear,Textiles,Los Angeles,Busan,1,0.4277921858821409,Medium
2199.46,311.75,2.17,4.6,0.72,3.42,Rail,Fog,Electronics,Shanghai,Hamburg,0,0.41233053294429983,Medium
5389.5,207.01,1.9,8.3,0.54,13.56,Road,Storm,Textiles,Hamburg,Shanghai,1,0.9356554061455532,High
2571.21,430.07,2.08,1.0,0.94,0.5,Air,Fog,Pharmaceuticals,Busan,Marseille,0,0.35523837968843025,Medium
10535.07,126.66,1.51,1.4,0.63,46.29,Sea,Storm,Textiles,Rotterdam,Singapore,1,0.7936727705265947,High
3490.66,490.53,2.34,3.1,0.51,45.35,Sea,Hurricane,Perishables,Busan,Singapore,1,0.9922424960223312,High
6181.96,307.24,1.32,7.7,0.57,0.5,Air,Rain,Pharmaceuticals,Antwerp,Marseille,0,0.6974337664060365,High
13487.28,396.98,1.82,3.1,0.83,12.45,Rail,Rain,Pharmaceuticals,Singapore,Antwerp,0,0.2539654852088693,Low
3462.59,43.71,3.66,4.1,0.99,17.74,Sea,Storm,Perishables,Shanghai,Antwerp,1,0.6718790345036278,High
7863.17,92.55,2.27,3.0,0.56,15.07,Road,Storm,Electronics,Rotterdam,Shanghai,0,0.7191960999500924,High
6579.44,379.44,3.41,0.8,0.73,0.85,Air,Storm,Pharmaceuticals,Rotterdam,Dubai,0,0.567641223709677,Medium
762.8,11.97,3.57,9.4,0.59,1.25,Road,Rain,Automotive,Busan,Dubai,1,0.664239290090079,High
11994.99,408.62,3.12,5.5,0.87,84.7,Rail,Hurricane,Pharmaceuticals,Busan,Hamburg,1,0.99786852340018,High
1501.17,7.96,4.36,7.9,0.56,0.5,Air,Storm,Automotive,Busan,Shanghai,1,0.921025200859437,High
7376.7,328.9,1.27,6.6,0.62,0.56,Air,Fog,Automotive,Singapore,Antwerp,0,0.6154393784401178,High
8629.84,183.18,3.64,5.1,0.6,0.69,Air,Storm,Automotive,Busan,Hamburg,1,0.7921873238196828,High
9612.18,306.14,4.36,0.9,0.78,7.53,Road,Rain,Perishables,Los Angeles,Marseille,0,0.21895050458747428,Low
10485.16,348.32,4.05,6.4,0.94,28.8,Rail,Storm,Automotive,Los Angeles,Shanghai,1,0.8552264500541494,High
4172.45,171.9,1.75,1.6,0.76,7.36,Sea,Rain,Textiles,Hamburg,Antwerp,0,0.23756843085380386,Low
644.69,54.87,2.28,4.1,0.53,0.5,Road,Rain,Textiles,Antwerp,Busan,0,0.42898855877579256,Medium
10989.93,35.75,1.77,6.3,0.78,24.09,Sea,Rain,Electronics,Singapore,Marseille,1,0.4911712070014579,Medium
8267.02,294.88,3.18,7.8,0.9,12.31,Rail,Fog,Automotive,Dubai,Hamburg,0,0.5453439072701344,Medium
12623.71,260.81,3.55,6.9,0.57,17.63,Rail,Fog,Perishables,Singapore,Dubai,1,0.5798974773367789,Medium
12410.13,371.36,2.25,6.7,0.54,10.83,Rail,Clear,Perishables,Shanghai,Singapore,1,0.5054143878937734,Medium
12728.23,255.36,2.98,1.5,0.59,1.0,Air,Clear,Electronics,Antwerp,Rotterdam,0,0.2542577343888446,Low
7533.87,211.8,3.48,3.5,0.87,12.52,Sea,Clear,Perishables,Antwerp,Los Angeles,1,0.2190209926281469,Low
5337.61,199.65,2.59,0.4,0.8,11.46,Rail,Storm,Textiles,Busan,Rotterdam,0,0.5746145487939782,Medium
11977.59,14.2,4.02,7.2,0.77,17.5,Rail,Fog,Perishables,Hamburg,Singapore,0,0.6117293588022443,High
7043.76,168.44,3.75,9.5,0.63,7.24,Rail,Clear,Pharmaceuticals,Singapore,Rotterdam,0,0.6452256913998349,High
3159.91,488.03,1.41,2.6,0.67,17.59,Road,Hurricane,Pharmaceuticals,Busan,Rotterdam,1,0.9792774891881635,High
12897.12,436.9,3.25,0.9,0.98,19.4,Sea,Clear,Automotive,Antwerp,Rotterdam,1,0.1331365186350889,Low
13297.12,165.36,1.98,4.8,0.62,11.72,Rail,Clear,Electronics,Busan,Marseille,0,0.3857563383435557,Medium
7261.49,294.31,3.04,8.6,0.95,5.8,Road,Clear,Electronics,Busan,Singapore,0,0.5677555151372956,Medium
1597.65,423.8,4.36,5.5,0.79,0.5,Air,Rain,Perishables,Los Angeles,Singapore,0,0.5967077725700639,Medium
6123.48,221.2,4.1,0.5,0.56,26.73,Sea,Storm,Perishables,Singapore,Los Angeles,0,0.6139869933906318,High
12151.3,9.96,2.53,9.7,0.73,6.78,Air,Hurricane,Automotive,Singapore,Hamburg,1,0.9928311352789804,High
13575.72,38.18,2.16,8.3,0.97,2.8,Air,Storm,Electronics,Antwerp,Dubai,1,0.8205202710938716,High
3450.35,255.69,1.97,1.3,0.71,3.66,Rail,Fog,Textiles,Dubai,Antwerp,1,0.3037617315387693,Medium
1471.12,484.75,2.96,9.2,0.93,0.85,Road,Clear,Electronics,Shanghai,Rotterdam,1,0.568489504181493,Medium
13221.58,346.91,1.58,4.5,0.63,22.94,Sea,Clear,Perishables,Hamburg,Antwerp,1,0.37799664694293666,Medium
6146.37,36.39,3.01,3.7,0.79,81.18,Sea,Hurricane,Electronics,Antwerp,Rotterdam,1,0.9963932863112585,High
8355.53,95.49,1.2,4.6,0.92,113.89,Sea,Hurricane,Textiles,Busan,Rotterdam,1,0.9990079140223246,High
14536.95,385.89,2.27,8.3,0.96,229.23,Sea,Hurricane,Automotive,Shanghai,Rotterdam,1,0.9999861368571721,High
1465.19,420.88,1.93,6.6,0.74,9.2,Road,Hurricane,Electronics,Busan,Rotterdam,1,0.9876035636767366,High
9900.61,309.23,4.41,0.6,0.82,3.8,Air,Hurricane,Perishables,Dubai,Marseille,1,0.9564271358518515,High
1574.53,322.57,3.6,9.6,0.5,2.07,Rail,Fog,Pharmaceuticals,Busan,Shanghai,1,0.755643181158994,High
5944.3,15.14,2.35,1.5,0.63,11.62,Road,Storm,Pharmaceuticals,Antwerp,Rotterdam,1,0.658313273560838,High
12155.31,414.44,1.51,7.5,0.64,12.06,Rail,Clear,Textiles,Singapore,Marseille,1,0.6075229387952646,High
6785.35,394.35,2.91,6.4,0.55,12.18,Sea,Clear,Textiles,Rotterdam,Busan,1,0.4135004133280352,Medium
14959.14,130.26,1.9,1.9,0.64,78.19,Road,Hurricane,Automotive,Hamburg,Los Angeles,1,0.9940992691722909,High
8606.36,354.63,2.97,1.7,0.66,1.28,Air,Clear,Electronics,Los Angeles,Hamburg,1,0.3094385661421776,Medium
5156.85,108.21,3.96,8.7,0.98,0.53,Air,Storm,Automotive,Busan,Antwerp,1,0.8730459982432371,High
3691.61,21.12,3.23,4.2,0.83,2.04,Air,Hurricane,Automotive,Dubai,Marseille,1,0.9830594795351467,High
5582.55,101.37,3.29,6.5,0.71,6.59,Rail,Rain,Perishables,Busan,Hamburg,1,0.46256279947792767,Medium
5901.73,90.14,2.99,5.0,0.99,6.55,Road,Fog,Pharmaceuticals,Los Angeles,Dubai,0,0.4032404888100939,Medium
1496.35,169.54,4.26,7.3,0.58,0.94,Air,Storm,Automotive,Los Angeles,Singapore,1,0.9203874230074376,High
5858.83,209.81,4.28,4.8,0.74,1.67,Air,Fog,Electronics,Dubai,Singapore,0,0.5617980278668806,Medium
7231.46,254.76,2.89,2.9,0.82,8.79,Rail,Fog,Textiles,Busan,Dubai,0,0.339363258282792,Medium
10979.7,238.9,2.21,3.6,0.53,8.89,Rail,Clear,Electronics,Rotterdam,Singapore,1,0.3108818719224852,Medium
10022.58,136.07,2.72,8.6,0.86,60.19,Sea,Storm,Textiles,Hamburg,Busan,0,0.9580832168713908,High
10777.1,15.56,1.82,4.7,0.55,55.83,Sea,Storm,Automotive,Antwerp,Singapore,1,0.9211371425874737,High
621.27,302.95,3.3,2.1,0.57,0.5,Sea,Fog,Textiles,Antwerp,Rotterdam,1,0.2990271392909777,Low
3656.18,198.48,2.85,9.3,0.58,4.79,Road,Fog,Electronics,Dubai,Antwerp,0,0.7181910787897601,High
10094.42,150.04,1.54,8.0,0.96,0.91,Air,Fog,Automotive,Busan,Singapore,0,0.6029412960428581,High
7517.85,433.6,1.85,0.6,0.84,0.6,Air,Clear,Automotive,Rotterdam,Antwerp,0,0.18938416420509532,Low
577.05,373.62,2.78,10.0,0.83,4.71,Rail,Hurricane,Textiles,Los Angeles,Rotterdam,1,0.9935953011573276,High
12165.17,429.03,4.13,6.9,0.78,14.59,Road,Fog,Electronics,Hamburg,Rotterdam,0,0.5373134172547641,Medium
11705.74,248.0,3.07,1.6,0.65,4.84,Air,Hurricane,Electronics,Shanghai,Marseille,1,0.9653718971580895,High
8452.08,66.33,3.45,2.4,0.81,20.06,Sea,Fog,Automotive,Busan,Singapore,0,0.3130691600637729,Medium
1463.72,348.41,2.32,6.9,0.71,0.93,Air,Clear,Perishables,Rotterdam,Dubai,1,0.588303023647281,Medium
11614.47,103.83,3.09,7.8,0.57,28.4,Road,Storm,Automotive,Rotterdam,Los Angeles,1,0.8694836559584713,High
8963.85,221.17,2.68,2.4,0.85,20.21,Sea,Fog,Automotive,Los Angeles,Shanghai,1,0.2983380362773927,Low
11838.42,33.44,3.38,2.6,0.57,63.63,Road,Hurricane,Textiles,Rotterdam,Antwerp,1,0.9940122318614818,High
11400.33,412.83,1.37,3.1,0.6,13.68,Rail,Fog,Perishables,Busan,Shanghai,1,0.37795884807454333,Medium
12143.53,63.84,2.83,6.0,0.91,33.45,Sea,Fog,Automotive,Shanghai,Marseille,1,0.5240804397747547,Medium
8011.12,451.65,2.18,1.7,0.83,7.15,Road,Fog,Pharmaceuticals,Antwerp,Busan,1,0.2351094250980667,Low
2534.71,432.25,2.28,1.0,0.82,29.36,Sea,Hurricane,Textiles,Busan,Marseille,1,0.977032277634881,High
10231.78,232.83,4.37,6.8,0.71,21.77,Sea,Rain,Electronics,Hamburg,Antwerp,1,0.49544209318296106,Medium
9496.87,372.44,1.8,7.8,0.7,74.0,Rail,Hurricane,Perishables,Los Angeles,Busan,1,0.9983206814039085,High
11262.67,310.1,2.23,5.0,0.85,19.69,Sea,Clear,Electronics,Los Angeles,Rotterdam,0,0.3255811029492823,Medium
2963.27,401.73,2.88,3.6,0.87,14.36,Sea,Storm,Perishables,Singapore,Marseille,0,0.71293174547576,High
3327.14,216.47,4.05,4.3,0.76,6.08,Sea,Rain,Perishables,Singapore,Hamburg,1,0.30410619343037903,Medium
13410.94,393.12,2.58,3.9,0.99,32.75,Rail,Storm,Electronics,Dubai,Busan,0,0.710384583695171,High
11374.68,231.77,3.65,9.6,0.98,35.28,Sea,Fog,Electronics,Hamburg,Busan,0,0.6801555284549176,High
13669.31,470.54,4.03,7.7,0.71,2.4,Air,Storm,Automotive,Dubai,Hamburg,1,0.8334270082366969,High
11501.37,243.7,2.22,2.1,0.91,60.52,Road,Hurricane,Electronics,Rotterdam,Marseille,1,0.9895150081639875,High
9158.75,231.85,2.5,3.8,0.77,122.33,Sea,Hurricane,Textiles,Rotterdam,Dubai,1,0.9990571325290681,High
9984.92,392.75,2.38,5.4,0.76,52.75,Sea,Storm,Pharmaceuticals,Singapore,Dubai,1,0.9050924443994535,High
13392.35,410.97,3.95,6.1,0.53,11.67,Rail,Clear,Electronics,Shanghai,Marseille,1,0.4618407066894639,Medium
8892.7,277.69,1.35,4.7,0.79,4.76,Air,Hurricane,Automotive,Dubai,Busan,1,0.9760178227977654,High
9669.67,90.72,2.22,8.1,0.95,64.08,Road,Hurricane,Automotive,Antwerp,Busan,1,0.9972153294103027,High
2768.91,234.41,3.44,7.7,0.89,6.18,Sea,Clear,Automotive,Shanghai,Los Angeles,0,0.3783880662416635,Medium
7371.86,484.07,3.07,5.1,0.89,39.18,Sea,Storm,Electronics,Los Angeles,Rotterdam,1,0.8373396104825346,High
10887.76,376.74,2.64,8.5,0.58,12.87,Rail,Rain,Textiles,Shanghai,Los Angeles,1,0.5780390092507254,Medium
4428.67,405.77,2.98,7.5,0.68,0.5,Air,Rain,Automotive,Los Angeles,Rotterdam,1,0.6219421323576142,High
3432.69,17.38,1.85,7.8,0.62,3.19,Road,Rain,Electronics,Busan,Rotterdam,1,0.5632958096388503,Medium
5050.49,234.46,2.62,9.6,0.66,10.22,Sea,Clear,Pharmaceuticals,Hamburg,Los Angeles,1,0.5952376666360346,Medium
4001.76,323.66,2.86,2.7,0.79,0.5,Air,Rain,Textiles,Dubai,Shanghai,1,0.439731296684076,Medium
3616.23,415.19,4.17,2.7,0.68,2.23,Air,Hurricane,Textiles,Dubai,Shanghai,1,0.9837648383465796,High
6660.34,25.59,2.06,8.9,0.78,15.52,Sea,Rain,Pharmaceuticals,Singapore,Antwerp,1,0.5851056367296497,Medium
13663.66,426.37,4.06,7.7,0.72,39.96,Sea,Fog,Pharmaceuticals,Hamburg,Marseille,1,0.7385349440847643,High
7852.36,274.65,3.33,9.3,0.64,10.57,Road,Fog,Electronics,Rotterdam,Shanghai,1,0.6780295407969683,High
3224.85,99.46,1.27,0.6,0.55,13.61,Sea,Storm,Textiles,Shanghai,Los Angeles,1,0.5652836626517114,Medium
1616.09,159.31,3.59,6.3,0.95,0.72,Road,Clear,Electronics,Singapore,Los Angeles,0,0.39757345558295504,Medium
10594.26,141.68,1.32,1.4,0.51,23.73,Rail,Storm,Pharmaceuticals,Busan,Hamburg,1,0.7007663294744877,High
6050.58,265.9,4.49,5.0,0.5,31.03,Sea,Storm,Textiles,Busan,Rotterdam,1,0.8710433642218753,High
12416.55,26.79,4.08,1.6,0.91,28.39,Sea,Fog,Perishables,Shanghai,Hamburg,0,0.23867579997239177,Low
10062.91,80.11,2.18,1.3,1.0,7.09,Road,Rain,Perishables,Shanghai,Dubai,0,0.15050926571941842,Low
12045.5,406.53,2.05,0.1,0.86,67.6,Rail,Hurricane,Pharmaceuticals,Shanghai,Busan,1,0.9847165567844604,High
4443.22,67.17,2.46,6.3,0.51,64.89,Sea,Hurricane,Electronics,Singapore,Hamburg,1,0.9975973586813656,High
10539.2,117.46,2.38,3.6,0.61,12.67,Rail,Fog,Pharmaceuticals,Shanghai,Rotterdam,1,0.3582073858324827,Medium
4328.9,227.23,2.43,1.1,0.99,3.75,Rail,Rain,Textiles,Rotterdam,Dubai,1,0.1621511811568862,Low
14116.49,259.04,2.25,3.2,0.9,14.2,Rail,Rain,Automotive,Shanghai,Antwerp,0,0.21439016033604807,Low
9727.43,382.04,3.25,1.7,0.78,0.5,Air,Clear,Textiles,Los Angeles,Dubai,1,0.30380383221399154,Medium
5205.42,224.22,1.74,9.4,0.62,0.99,Air,Storm,Textiles,Dubai,Rotterdam,1,0.9335533021537701,High
4407.92,395.14,3.99,3.2,0.51,2.67,Road,Clear,Perishables,Rotterdam,Singapore,0,0.35090579360790985,Medium
3268.44,309.55,3.88,3.3,0.51,6.79,Road,Storm,Automotive,Hamburg,Antwerp,0,0.7621025041203606,High
10572.29,57.44,2.77,8.4,0.81,0.5,Air,Clear,Electronics,Busan,Singapore,1,0.6164124103629546,High
3671.38,79.01,4.01,6.5,0.51,2.59,Road,Rain,Perishables,Busan,Los Angeles,1,0.48053193558198953,Medium
9131.9,219.08,2.02,7.1,1.0,8.07,Rail,Clear,Textiles,Shanghai,Rotterdam,1,0.42409461506626683,Medium
4337.21,199.05,1.26,6.4,0.59,3.2,Air,Hurricane,Textiles,Rotterdam,Singapore,1,0.9919550703550135,High
10098.55,372.03,3.24,9.5,0.86,15.62,Rail,Fog,Electronics,Dubai,Rotterdam,1,0.644403918190998,High
12316.63,290.79,2.71,2.1,0.58,14.26,Rail,Fog,Pharmaceuticals,Dubai,Singapore,1,0.35357901156535904,Medium
11781.37,194.68,3.07,9.9,0.77,10.34,Road,Clear,Perishables,Rotterdam,Los Angeles,0,0.5186436390073221,Medium
11532.34,86.21,4.17,8.3,0.54,67.99,Sea,Storm,Automotive,Shanghai,Rotterdam,1,0.9647896115574591,High
3221.97,114.19,4.4,5.9,0.88,3.51,Road,Fog,Pharmaceuticals,Los Angeles,Antwerp,0,0.4934515185721676,Medium
1781.58,288.18,3.29,6.6,0.79,10.15,Sea,Storm,Textiles,Busan,Dubai,1,0.814784954490007,High
10634.76,212.3,3.72,6.5,0.54,1.15,Air,Fog,Automotive,Antwerp,Singapore,0,0.6255058332638683,High
5841.03,257.95,1.48,0.6,0.92,3.71,Road,Rain,Electronics,Singapore,Busan,0,0.14957337864845915,Low
6769.02,86.17,1.73,2.2,0.77,0.6,Air,Rain,Perishables,Los Angeles,Busan,0,0.2820590237408288,Low
951.66,331.79,3.62,9.6,0.96,6.6,Rail,Hurricane,Automotive,Busan,Dubai,1,0.9902024617903937,High
4263.86,426.42,2.62,5.3,0.96,60.24,Sea,Hurricane,Perishables,Dubai,Los Angeles,1,0.9934920640641127,High
988.31,129.71,2.67,3.8,0.96,0.5,Air,Clear,Textiles,Hamburg,Antwerp,0,0.4951248757502514,Medium
13248.19,246.27,2.22,7.6,0.54,76.19,Sea,Storm,Pharmaceuticals,Rotterdam,Busan,1,0.960077429872829,High
4029.25,487.79,3.2,5.2,0.56,10.0,Sea,Fog,Pharmaceuticals,Shanghai,Los Angeles,0,0.40536967543678176,Medium
8581.39,167.29,1.81,0.1,0.99,47.99,Rail,Hurricane,Pharmaceuticals,Hamburg,Busan,1,0.974831839513878,High
1065.2,297.93,3.27,7.4,0.74,3.33,Rail,Storm,Automotive,Dubai,Hamburg,1,0.8353089396442889,High
10169.29,46.01,1.77,7.3,0.62,23.91,Sea,Rain,Perishables,Antwerp,Busan,1,0.5051161475758154,Medium
5183.9,303.4,1.41,1.7,0.89,0.5,Air,Storm,Pharmaceuticals,Dubai,Shanghai,1,0.6774659271563765,High
13519.83,45.73,2.29,9.6,0.63,21.31,Rail,Fog,Pharmaceuticals,Los Angeles,Hamburg,0,0.7265172754849488,High
13377.71,479.66,1.96,2.2,0.86,26.63,Road,Storm,Electronics,Rotterdam,Dubai,0,0.6168695836523262,High
5216.71,358.12,4.13,4.6,0.92,0.78,Air,Storm,Pharmaceuticals,Antwerp,Dubai,0,0.7707367477409713,High
13563.93,394.29,1.38,1.1,0.89,1.28,Air,Rain,Textiles,Los Angeles,Rotterdam,0,0.21565911591102582,Low
14944.29,352.35,1.78,6.0,0.64,26.9,Sea,Clear,Perishables,Rotterdam,Hamburg,0,0.3900576546290338,Medium
12468.53,295.27,3.01,3.8,0.7,10.94,Road,Rain,Automotive,Antwerp,Dubai,0,0.2995448638762387,Low
12750.63,225.51,2.79,3.5,0.71,30.76,Rail,Storm,Automotive,Antwerp,Busan,1,0.7345568924466012,High
4110.63,429.33,1.35,8.3,0.75,2.1,Air,Hurricane,Electronics,Antwerp,Busan,1,0.9912826530397898,High
8862.18,478.46,1.22,0.1,0.58,19.02,Rail,Storm,Textiles,Busan,Shanghai,1,0.6709090058483295,High
1475.21,250.02,4.46,8.0,0.73,4.43,Road,Storm,Textiles,Dubai,Marseille,1,0.9071509323335153,High
1876.31,465.84,3.37,5.7,0.76,1.66,Rail,Clear,Electronics,Singapore,Hamburg,0,0.4375760866210687,Medium
14983.94,292.08,2.41,9.9,0.77,0.5,Air,Clear,Perishables,Busan,Shanghai,1,0.6346783849171242,High
5236.27,269.65,2.75,5.9,0.91,5.55,Rail,Rain,Perishables,Rotterdam,Dubai,0,0.32867623749719593,Medium
11348.67,227.79,2.08,0.6,0.76,0.75,Air,Rain,Electronics,Singapore,Antwerp,0,0.2114861425750955,Low
12196.64,105.43,2.34,0.5,0.62,59.43,Road,Hurricane,Textiles,Shanghai,Singapore,1,0.9916840161215897,High
12941.34,2.86,3.34,8.8,0.83,39.03,Sea,Fog,Textiles,Shanghai,Rotterdam,1,0.7214412800132346,High
14965.61,121.51,4.11,8.4,0.9,14.95,Road,Rain,Textiles,Dubai,Shanghai,0,0.5755292265562999,Medium
4001.7,255.35,1.81,3.5,0.66,10.2,Rail,Storm,Perishables,Dubai,Los Angeles,1,0.6942128448587451,High
1085.09,190.6,3.97,6.2,0.82,0.5,Road,Clear,Electronics,Antwerp,Busan,0,0.4241593787597279,Medium
6462.28,224.79,1.6,4.9,0.57,90.0,Sea,Hurricane,Textiles,Rotterdam,Shanghai,1,0.9985344957587948,High
2386.17,490.34,1.91,9.7,0.67,3.94,Road,Fog,Pharmaceuticals,Antwerp,Shanghai,0,0.7618365592251141,High
825.18,175.79,1.32,9.5,0.96,0.63,Road,Fog,Electronics,Singapore,Hamburg,1,0.6565308083649528,High
5726.19,226.64,1.66,9.8,0.96,0.88,Air,Storm,Electronics,Antwerp,Rotterdam,1,0.89898160551655,High
11864.2,67.62,4.23,8.7,0.79,1.53,Air,Fog,Textiles,Singapore,Dubai,1,0.6758271185724382,High
8709.62,24.93,2.72,9.1,0.85,12.6,Rail,Fog,Textiles,Rotterdam,Hamburg,0,0.6211762653492964,High
5035.28,387.93,1.46,2.2,0.93,11.38,Rail,Storm,Electronics,Singapore,Busan,0,0.5783750719602784,Medium
9987.96,285.77,4.37,8.3,0.98,1.29,Air,Clear,Textiles,Hamburg,Antwerp,0,0.616500208950983,High
3864.26,380.59,4.1,7.1,0.75,4.73,Rail,Rain,Automotive,Antwerp,Shanghai,0,0.5205680448562611,Medium
708.53,75.78,3.69,9.6,0.78,1.04,Air,Clear,Pharmaceuticals,Antwerp,Rotterdam,0,0.7607894562286132,High
11583.12,286.34,4.28,5.7,0.71,12.5,Rail,Rain,Electronics,Hamburg,Antwerp,0,0.41786815303777675,Medium
9544.27,127.57,1.93,0.9,0.54,1.25,Air,Storm,Electronics,Dubai,Los Angeles,0,0.5844307258600765,Medium
11553.39,114.8,3.96,6.0,0.71,8.96,Road,Clear,Pharmaceuticals,Dubai,Rotterdam,0,0.41521927060003033,Medium
1064.6,6.75,3.48,6.9,0.9,7.87,Rail,Hurricane,Pharmaceuticals,Singapore,Los Angeles,1,0.9838417365472534,High
12638.23,66.04,4.07,2.2,0.9,9.95,Road,Rain,Perishables,Hamburg,Singapore,1,0.2442556552189766,Low
9483.13,155.32,3.83,3.9,0.95,0.58,Air,Clear,Perishables,Rotterdam,Los Angeles,0,0.2452159371880698,Low
8669.23,59.32,2.34,6.0,0.53,18.31,Sea,Rain,Electronics,Antwerp,Dubai,0,0.46194753759785284,Medium
9556.9,492.94,3.76,3.7,0.76,23.78,Rail,Storm,Electronics,Busan,Rotterdam,1,0.7445537152946335,High
13034.28,155.01,2.07,3.7,0.55,85.28,Rail,Hurricane,Automotive,Los Angeles,Singapore,1,0.9979188227501079,High
9010.58,66.03,2.28,1.3,0.6,39.68,Sea,Storm,Textiles,Busan,Dubai,1,0.7675149469273517,High
8923.78,100.34,1.56,9.4,0.95,9.31,Road,Rain,Automotive,Dubai,Los Angeles,0,0.514446203879609,Medium
14864.85,294.26,4.29,7.5,0.75,35.38,Road,Storm,Textiles,Antwerp,Rotterdam,1,0.9133749021162452,High
11472.59,32.96,2.16,0.0,0.88,12.34,Rail,Fog,Automotive,Los Angeles,Dubai,0,0.16252280329622307,Low
6913.26,431.35,2.92,7.7,0.53,38.81,Sea,Storm,Textiles,Hamburg,Rotterdam,1,0.9422795337744692,High
10757.26,480.79,2.49,7.4,0.71,70.51,Road,Hurricane,Electronics,Shanghai,Marseille,1,0.9983992908108746,High
6143.84,124.13,4.37,0.1,0.84,3.64,Rail,Clear,Automotive,Singapore,Rotterdam,0,0.14381405026585103,Low
3818.69,225.6,2.31,3.7,0.57,7.88,Road,Storm,Pharmaceuticals,Dubai,Los Angeles,1,0.7353567827606896,High
9154.35,12.05,3.77,6.1,0.66,10.2,Rail,Rain,Perishables,Antwerp,Rotterdam,0,0.43327151176155326,Medium
13958.64,320.71,4.02,4.5,0.53,96.2,Rail,Hurricane,Pharmaceuticals,Rotterdam,Antwerp,1,0.9982808592301791,High
13972.52,207.55,2.64,7.8,0.83,215.7,Sea,Hurricane,Pharmaceuticals,Hamburg,Los Angeles,1,0.9999803648651846,High
5457.63,135.76,2.45,4.3,0.99,35.78,Rail,Hurricane,Electronics,Los Angeles,Hamburg,1,0.9874038280162464,High
8151.32,104.21,3.67,1.5,0.91,16.15,Road,Storm,Electronics,Shanghai,Singapore,1,0.6288661406986067,High
3568.72,327.36,4.21,9.8,0.99,0.5,Air,Rain,Textiles,Hamburg,Antwerp,1,0.744590705759121,High
14936.65,208.69,3.69,2.4,0.92,0.91,Air,Clear,Perishables,Dubai,Hamburg,0,0.2168956370918746,Low
14726.21,90.65,1.95,7.2,0.93,1.84,Air,Fog,Electronics,Rotterdam,Antwerp,0,0.42849793414345955,Medium
9917.88,344.87,4.13,1.4,0.79,116.97,Sea,Hurricane,Automotive,Singapore,Antwerp,1,0.9981065711323002,High
12164.0,282.97,2.48,3.3,0.76,157.39,Sea,Hurricane,Perishables,Singapore,Busan,1,0.9996258800369874,High
10868.95,429.48,3.1,4.4,0.7,27.44,Rail,Storm,Pharmaceuticals,Hamburg,Busan,1,0.7947654451716114,High
9100.79,59.62,3.94,1.9,0.91,21.39,Rail,Storm,Pharmaceuticals,Los Angeles,Dubai,0,0.6419184641354704,High
1273.55,393.05,1.82,4.5,0.59,17.7,Sea,Hurricane,Electronics,Hamburg,Rotterdam,1,0.9828432343101406,High
7094.08,337.08,3.79,1.6,0.53,84.2,Sea,Hurricane,Automotive,Antwerp,Hamburg,1,0.9959496952167031,High
10284.4,58.39,3.17,5.6,0.97,8.46,Road,Clear,Pharmaceuticals,Shanghai,Singapore,0,0.38571364828147264,Medium
10324.21,347.72,4.15,6.6,0.5,76.62,Rail,Hurricane,Textiles,Singapore,Shanghai,1,0.9989513429464092,High
5910.28,221.33,1.77,0.6,0.99,66.95,Sea,Hurricane,Perishables,Dubai,Hamburg,1,0.9869068989595915,High
14154.53,472.55,2.59,8.7,0.86,84.69,Sea,Storm,Electronics,Hamburg,Marseille,1,0.981232787847307,High
2926.68,71.66,3.95,1.9,0.66,0.68,Air,Clear,Perishables,Dubai,Los Angeles,0,0.33223016910082825,Medium
7755.21,321.77,1.26,2.3,0.85,13.77,Sea,Rain,Perishables,Shanghai,Marseille,0,0.2243279634471265,Low
10517.82,191.61,1.57,6.6,0.91,156.2,Sea,Hurricane,Automotive,Singapore,Marseille,1,0.9998470156005934,High
10608.47,478.45,4.47,4.7,0.62,26.52,Sea,Fog,Automotive,Shanghai,Antwerp,1,0.4489443505837336,Medium
9905.26,165.66,2.13,5.0,0.89,21.71,Road,Storm,Automotive,Busan,Rotterdam,0,0.7666297204839864,High
4491.68,481.13,4.42,1.3,0.9,8.06,Road,Storm,Automotive,Hamburg,Rotterdam,1,0.571962992528788,Medium
2765.0,450.84,1.8,8.1,0.63,43.79,Sea,Hurricane,Perishables,Singapore,Busan,1,0.9958753859101849,High
9721.13,135.92,2.39,6.2,0.52,17.42,Sea,Clear,Electronics,Busan,Rotterdam,1,0.44749578367808773,Medium
9189.88,401.97,3.68,1.4,0.6,0.5,Air,Fog,Textiles,Dubai,Los Angeles,1,0.3276837185049407,Medium
3100.66,497.81,3.37,3.7,0.6,4.06,Rail,Fog,Pharmaceuticals,Los Angeles,Antwerp,1,0.4284136077494227,Medium
10724.52,127.08,3.12,8.1,0.53,31.73,Rail,Storm,Pharmaceuticals,Los Angeles,Rotterdam,1,0.9267778254754591,High
7099.99,218.95,2.95,5.7,0.86,43.75,Road,Hurricane,Electronics,Dubai,Antwerp,1,0.9937649416369706,High
10182.53,260.57,3.98,1.1,0.69,7.53,Road,Rain,Perishables,Hamburg,Antwerp,0,0.21700927132884437,Low
12641.82,148.17,1.98,3.7,0.94,25.12,Sea,Rain,Electronics,Hamburg,Los Angeles,0,0.24935856601127301,Low
2961.06,8.62,2.66,2.4,0.63,1.06,Air,Hurricane,Automotive,Rotterdam,Los Angeles,1,0.9645303845324461,High
777.6,110.84,1.71,5.2,0.73,0.9,Air,Rain,Perishables,Antwerp,Dubai,0,0.5526247549407048,Medium
11796.99,141.69,3.17,8.4,0.82,23.87,Sea,Clear,Electronics,Los Angeles,Shanghai,1,0.5756939917189721,Medium
9340.61,222.36,2.03,4.4,0.94,54.72,Road,Hurricane,Textiles,Shanghai,Los Angeles,1,0.992829456492593,High
10644.77,86.38,2.3,4.3,0.76,11.19,Rail,Rain,Textiles,Dubai,Hamburg,0,0.36284027689611653,Medium
12653.25,436.75,2.76,9.1,0.69,3.13,Air,Storm,Automotive,Los Angeles,Rotterdam,1,0.8799847615135786,High
12140.76,352.75,1.29,5.8,0.93,86.26,Rail,Hurricane,Pharmaceuticals,Dubai,Antwerp,1,0.9980386445787427,High
14433.34,43.52,1.5,5.7,0.66,103.2,Rail,Hurricane,Textiles,Busan,Shanghai,1,0.9992383052608891,High
8271.06,325.4,3.46,2.6,0.54,13.05,Sea,Clear,Automotive,Shanghai,Rotterdam,0,0.2386490089011972,Low
7583.19,327.17,2.62,6.1,0.72,4.75,Air,Hurricane,Perishables,Rotterdam,Los Angeles,1,0.9811560026274515,High
6327.36,478.15,4.05,5.8,0.89,11.72,Sea,Clear,Perishables,Antwerp,Busan,0,0.32215912655434653,Medium
2728.52,2.51,3.49,4.0,0.52,4.82,Sea,Clear,Perishables,Antwerp,Rotterdam,0,0.3266559945997126,Medium
8802.8,124.72,1.23,9.9,0.79,0.5,Air,Rain,Perishables,Shanghai,Hamburg,1,0.6584100450006815,High
4516.68,463.97,3.24,8.8,0.8,2.67,Air,Hurricane,Pharmaceuticals,Shanghai,Dubai,1,0.9926267358626603,High
13858.96,466.13,1.51,7.5,0.96,11.06,Road,Clear,Perishables,Singapore,Marseille,1,0.48000131461405665,Medium
8956.27,360.57,3.78,5.4,0.64,23.8,Rail,Storm,Pharmaceuticals,Antwerp,Shanghai,1,0.8614474940242389,High
9096.18,383.12,4.47,4.6,0.64,11.46,Rail,Fog,Pharmaceuticals,Rotterdam,Hamburg,1,0.3859907912841786,Medium
5646.41,46.65,2.95,1.8,0.72,10.14,Sea,Rain,Automotive,Busan,Shanghai,1,0.2153170370567372,Low
1253.85,257.42,3.45,3.1,0.68,6.25,Sea,Storm,Textiles,Los Angeles,Busan,1,0.6515511947670557,High
960.28,116.56,1.98,7.7,0.87,0.5,Air,Rain,Perishables,Busan,Los Angeles,0,0.5974662071517055,Medium
6638.36,91.43,2.64,4.5,0.82,38.84,Road,Hurricane,Electronics,Shanghai,Busan,1,0.9883794080017098,High
1726.2,405.34,4.03,8.8,0.88,3.39,Sea,Rain,Automotive,Dubai,Hamburg,0,0.48269726853384926,Medium
9299.28,68.38,1.75,1.5,0.91,41.2,Sea,Storm,Pharmaceuticals,Antwerp,Shanghai,1,0.7324238366834583,High
13274.11,234.86,2.08,5.1,0.96,14.2,Rail,Rain,Electronics,Antwerp,Busan,0,0.27530535119781946,Low
13302.26,469.35,2.67,6.5,0.72,23.84,Sea,Clear,Pharmaceuticals,Hamburg,Rotterdam,0,0.46429280924962557,Medium
10056.16,93.73,3.55,5.2,0.99,70.93,Rail,Hurricane,Perishables,Busan,Shanghai,1,0.9964607608916125,High
3562.86,489.02,2.44,8.9,0.61,1.29,Air,Storm,Electronics,Antwerp,Dubai,1,0.9237009422181363,High
13013.45,497.15,4.26,9.9,0.86,7.97,Air,Hurricane,Textiles,Busan,Hamburg,1,0.9935872649917294,High
13348.35,278.25,1.51,1.2,0.77,16.21,Rail,Fog,Automotive,Busan,Singapore,0,0.25613422693841775,Low
3351.48,85.9,2.42,1.3,0.91,3.6,Rail,Rain,Electronics,Antwerp,Marseille,0,0.2220205957788145,Low
11192.68,158.74,3.54,1.3,0.74,6.62,Road,Clear,Pharmaceuticals,Rotterdam,Hamburg,0,0.1660219026858578,Low
4654.53,212.82,1.95,6.8,0.89,35.04,Rail,Hurricane,Automotive,Rotterdam,Shanghai,1,0.9921331607034074,High
12138.28,155.35,3.37,3.7,0.97,20.03,Sea,Clear,Perishables,Rotterdam,Busan,0,0.1768027623135358,Low
14959.95,141.04,1.74,7.3,0.87,14.22,Road,Rain,Textiles,Busan,Antwerp,0,0.48840140302876506,Medium
935.38,486.14,1.38,4.1,0.89,0.5,Rail,Clear,Perishables,Busan,Rotterdam,0,0.30971672949164036,Medium
13511.81,77.53,1.6,6.3,0.53,197.74,Sea,Hurricane,Electronics,Rotterdam,Busan,1,0.9999468104648571,High
9528.14,366.93,4.27,7.7,0.6,23.26,Road,Storm,Pharmaceuticals,Shanghai,Hamburg,1,0.9010894481909334,High
14614.05,1.2,3.02,5.5,0.99,30.98,Sea,Rain,Perishables,Los Angeles,Marseille,0,0.41131460062943387,Medium
7242.64,298.5,3.83,5.4,0.85,7.75,Road,Fog,Textiles,Busan,Shanghai,1,0.5126998778104498,Medium
12787.12,458.06,2.3,0.9,0.78,0.5,Air,Rain,Perishables,Busan,Shanghai,0,0.2162054294062577,Low
1404.71,144.68,3.16,4.1,0.68,0.5,Air,Storm,Electronics,Singapore,Dubai,1,0.8166322015549601,High
5361.55,93.58,2.83,5.5,0.52,4.26,Road,Clear,Automotive,Rotterdam,Los Angeles,0,0.3658390085799042,Medium
1471.74,326.19,4.32,4.6,0.69,1.22,Sea,Clear,Electronics,Dubai,Busan,1,0.27710633443351085,Low
14642.48,356.59,3.67,9.0,0.75,44.25,Rail,Storm,Perishables,Shanghai,Antwerp,1,0.9360635642627397,High
12346.12,344.33,3.61,9.1,0.61,18.32,Rail,Fog,Pharmaceuticals,Antwerp,Marseille,0,0.7315959757949176,High
12861.94,160.34,1.35,8.2,0.59,25.91,Sea,Clear,Electronics,Shanghai,Singapore,1,0.6153151187382484,High
14100.5,126.85,3.01,3.8,0.75,2.52,Air,Rain,Perishables,Shanghai,Marseille,0,0.340360961065732,Medium
1734.0,478.0,2.74,7.2,0.79,3.75,Sea,Rain,Perishables,Dubai,Hamburg,0,0.43511491030702787,Medium
6091.17,461.73,4.26,4.0,0.62,9.27,Sea,Clear,Pharmaceuticals,Hamburg,Marseille,0,0.37488253229754087,Medium
1530.01,229.2,2.05,2.3,0.79,7.17,Sea,Storm,Perishables,Singapore,Hamburg,1,0.5891504926730858,Medium
3556.5,423.25,2.09,3.4,0.95,7.34,Road,Storm,Electronics,Rotterdam,Dubai,0,0.6170636356092458,High
3825.8,226.71,2.56,0.7,0.74,9.24,Rail,Storm,Automotive,Shanghai,Antwerp,1,0.5485745555520123,Medium
7302.05,212.77,2.0,3.3,0.93,1.37,Air,Rain,Electronics,Dubai,Hamburg,0,0.32846256496440857,Medium
4394.15,79.22,1.63,4.6,0.96,4.19,Rail,Clear,Pharmaceuticals,Hamburg,Dubai,0,0.33706428394767923,Medium
1964.18,213.78,4.03,9.6,0.55,3.74,Sea,Clear,Textiles,Dubai,Shanghai,0,0.6891981395448168,High
2928.62,269.17,3.04,3.1,0.55,0.87,Air,Storm,Electronics,Hamburg,Singapore,1,0.8299383772554264,High
2635.5,12.23,4.04,9.0,0.74,6.51,Sea,Rain,Perishables,Hamburg,Shanghai,0,0.5961945357044561,Medium
14609.61,222.61,3.94,2.3,0.79,22.73,Sea,Clear,Automotive,Busan,Marseille,0,0.23161906301031923,Low
11509.74,390.9,2.13,1.9,0.71,9.73,Rail,Rain,Electronics,Singapore,Los Angeles,0,0.18910037378769076,Low
14532.54,340.34,3.01,5.2,0.66,13.24,Rail,Clear,Textiles,Rotterdam,Busan,1,0.3172116209065393,Medium
6876.24,317.94,1.47,6.7,0.82,1.49,Air,Storm,Textiles,Rotterdam,Los Angeles,0,0.809616150312249,High
4536.34,454.87,4.22,0.4,0.5,19.27,Sea,Storm,Textiles,Antwerp,Marseille,0,0.6986810912690798,High
12075.25,10.0,2.53,2.2,0.98,0.5,Air,Clear,Electronics,Singapore,Hamburg,0,0.22761202288259683,Low
5230.68,278.97,2.5,4.6,0.62,5.34,Road,Fog,Electronics,Hamburg,Shanghai,0,0.5034020120554538,Medium
4841.06,393.89,2.2,3.3,0.96,11.91,Sea,Fog,Pharmaceuticals,Hamburg,Busan,0,0.26919954519292993,Low
3871.34,271.13,2.72,7.1,0.56,28.3,Rail,Hurricane,Textiles,Los Angeles,Antwerp,1,0.9955345555023306,High
2380.35,162.62,2.03,5.1,0.62,4.55,Sea,Clear,Electronics,Rotterdam,Antwerp,1,0.31904283542036643,Medium
4218.71,68.99,2.44,1.6,0.62,5.8,Sea,Clear,Textiles,Busan,Singapore,0,0.27263142671108104,Low
5652.14,443.89,3.84,8.9,1.0,4.65,Rail,Clear,Electronics,Singapore,Shanghai,1,0.5556032969496595,Medium
10272.92,235.91,3.95,2.9,0.5,131.77,Sea,Hurricane,Pharmaceuticals,Shanghai,Marseille,1,0.9994479721860873,High
1407.19,439.18,2.2,7.3,0.82,0.5,Air,Fog,Electronics,Dubai,Shanghai,0,0.7005306370707312,High
3552.35,293.34,2.75,7.8,0.94,9.93,Rail,Storm,Pharmaceuticals,Shanghai,Marseille,1,0.8582278533305936,High
12230.84,337.42,4.08,9.6,0.84,8.12,Air,Hurricane,Electronics,Singapore,Los Angeles,1,0.9910945109147629,High
2630.37,402.33,1.37,5.0,0.68,19.18,Rail,Hurricane,Pharmaceuticals,Antwerp,Dubai,1,0.9877737830978021,High
5468.35,329.92,4.13,6.2,0.98,14.13,Rail,Storm,Automotive,Busan,Antwerp,1,0.782570836010066,High
13037.55,199.63,1.92,3.3,0.95,1.9,Air,Storm,Pharmaceuticals,Hamburg,Antwerp,1,0.6498427749460203,High
2746.42,257.3,3.44,6.8,0.72,7.22,Rail,Storm,Electronics,Busan,Singapore,1,0.8537482400103622,High
1699.68,401.72,3.12,4.6,0.79,2.65,Rail,Fog,Textiles,Dubai,Marseille,1,0.5029094470812552,Medium
7525.8,187.45,3.02,4.4,0.98,1.54,Air,Fog,Automotive,Antwerp,Busan,0,0.36906213133120763,Medium
4885.08,194.67,4.04,8.6,0.99,13.99,Sea,Fog,Automotive,Busan,Marseille,1,0.5797021947262851,Medium
8669.42,48.75,1.54,0.5,0.73,8.11,Rail,Rain,Pharmaceuticals,Rotterdam,Singapore,0,0.1760774911828404,Low
12155.17,457.38,2.35,8.8,0.92,30.92,Road,Storm,Pharmaceuticals,Rotterdam,Antwerp,1,0.8940723302063329,High
2488.65,46.43,2.98,8.5,0.65,14.96,Sea,Storm,Perishables,Busan,Antwerp,1,0.8797170099452681,High
8920.14,324.46,3.88,5.1,0.69,45.94,Sea,Storm,Automotive,Busan,Singapore,1,0.8937148192091716,High
7829.88,207.18,1.91,4.9,0.58,13.48,Sea,Clear,Textiles,Busan,Los Angeles,0,0.37410922364798527,Medium
2589.14,203.4,3.85,3.6,0.61,14.5,Road,Hurricane,Perishables,Rotterdam,Marseille,1,0.981814278688574,High
9547.98,340.1,2.52,9.9,0.83,10.05,Road,Rain,Textiles,Dubai,Singapore,1,0.7079744733076067,High
4467.79,34.48,1.82,1.1,0.76,52.59,Sea,Hurricane,Automotive,Shanghai,Dubai,1,0.9831203050492942,High
7573.6,297.26,3.7,5.9,0.62,108.48,Sea,Hurricane,Pharmaceuticals,Antwerp,Shanghai,1,0.9993791109040141,High
1692.95,386.24,1.5,6.8,0.7,0.91,Road,Clear,Electronics,Antwerp,Hamburg,1,0.527032569178683,Medium
7163.97,414.28,2.9,9.3,0.69,7.73,Road,Rain,Textiles,Los Angeles,Antwerp,1,0.6891604767684879,High
4943.72,86.09,1.41,7.8,0.99,14.99,Sea,Fog,Pharmaceuticals,Antwerp,Singapore,1,0.5812865701739207,Medium
12424.53,448.81,2.38,6.4,0.93,182.48,Sea,Hurricane,Perishables,Dubai,Busan,1,0.9999030371095424,High
1326.19,328.42,3.18,1.2,0.69,6.94,Road,Hurricane,Electronics,Singapore,Hamburg,1,0.9643721795324028,High
6569.81,441.05,3.04,3.7,0.96,14.3,Road,Storm,Electronics,Busan,Dubai,1,0.695755810583109,High
7147.26,243.16,2.54,1.4,0.67,14.06,Road,Storm,Textiles,Hamburg,Dubai,0,0.7024824538634727,High
11012.59,271.47,2.62,8.8,0.83,12.74,Rail,Rain,Textiles,Shanghai,Dubai,0,0.5695689193558999,Medium
8827.17,459.6,1.95,7.5,0.98,16.47,Sea,Clear,Perishables,Rotterdam,Los Angeles,0,0.336651444476585,Medium
10174.58,450.05,2.7,7.6,0.7,0.75,Air,Fog,Electronics,Singapore,Hamburg,1,0.6207938892997351,High
11767.21,224.63,4.35,6.5,0.84,28.83,Road,Storm,Pharmaceuticals,Hamburg,Busan,1,0.8537982775119588,High
13001.94,137.93,4.01,5.1,0.65,11.57,Rail,Clear,Perishables,Shanghai,Singapore,1,0.3904828645153033,Medium
5051.19,197.19,1.68,1.5,0.63,2.49,Air,Hurricane,Automotive,Shanghai,Dubai,1,0.9669005500663919,High
8301.33,194.49,1.3,3.3,0.79,0.69,Air,Clear,Perishables,Los Angeles,Busan,0,0.3188606898458617,Medium
12681.57,144.15,4.28,1.4,0.99,0.5,Air,Clear,Automotive,Singapore,Hamburg,0,0.1872063962252713,Low
14847.04,135.02,2.94,7.2,0.73,22.04,Rail,Fog,Automotive,Los Angeles,Rotterdam,0,0.5472759446741005,Medium
13398.03,430.67,2.97,1.6,0.97,10.29,Rail,Clear,Automotive,Busan,Los Angeles,0,0.12877030384583948,Low
5886.28,35.86,3.78,7.0,0.96,8.65,Rail,Fog,Automotive,Singapore,Dubai,1,0.4878221941043412,Medium
3329.91,339.13,2.24,6.9,0.63,0.5,Air,Fog,Textiles,Shanghai,Antwerp,1,0.7035225869353954,High
7596.19,87.24,2.79,4.6,0.7,104.18,Sea,Hurricane,Pharmaceuticals,Rotterdam,Dubai,1,0.9984697489071576,High
11253.8,172.91,4.4,1.4,0.82,16.51,Sea,Clear,Electronics,Singapore,Rotterdam,0,0.1702409256732473,Low
7642.25,31.71,3.42,3.1,0.76,4.6,Road,Clear,Automotive,Hamburg,Busan,1,0.2499345072275392,Low
7506.12,135.72,1.71,3.2,0.55,4.71,Road,Clear,Automotive,Los Angeles,Shanghai,0,0.35269665618827073,Medium
12654.34,384.44,1.64,7.0,1.0,80.73,Road,Hurricane,Textiles,Los Angeles,Dubai,1,0.998420375561812,High
5740.35,442.62,1.87,1.1,0.88,3.69,Road,Rain,Textiles,Busan,Dubai,0,0.21615309908251382,Low
12967.02,111.54,3.73,8.3,0.72,1.18,Air,Rain,Automotive,Shanghai,Los Angeles,1,0.4874496131110105,Medium
6398.67,232.31,2.17,7.6,0.81,18.21,Rail,Storm,Automotive,Dubai,Marseille,1,0.8816216692688691,High
5259.38,235.69,1.27,1.9,0.54,4.96,Rail,Rain,Automotive,Antwerp,Hamburg,0,0.26669392467113323,Low
7082.85,436.91,4.32,7.2,0.75,14.21,Sea,Clear,Pharmaceuticals,Singapore,Shanghai,1,0.523235230982778,Medium
11555.48,381.64,1.76,6.7,0.97,1.14,Air,Fog,Textiles,Busan,Shanghai,1,0.5600216473361691,Medium
2327.03,257.03,1.23,7.5,0.95,0.5,Air,Hurricane,Electronics,Singapore,Antwerp,1,0.9901320888765209,High
3348.08,335.7,1.98,1.9,0.67,2.93,Rail,Rain,Electronics,Dubai,Marseille,0,0.28417654080804167,Low
14295.95,423.83,1.98,1.6,0.77,32.73,Sea,Fog,Textiles,Antwerp,Busan,1,0.3007166362554929,Medium
3044.63,5.76,2.59,2.4,0.85,37.79,Sea,Hurricane,Electronics,Rotterdam,Marseille,1,0.9794817920569846,High
8732.05,202.04,4.24,3.7,0.67,8.14,Road,Rain,Textiles,Antwerp,Marseille,0,0.41924039821735254,Medium
8900.06,453.71,4.1,7.9,0.53,1.0,Air,Rain,Electronics,Singapore,Los Angeles,0,0.6029326879221565,High
7599.55,370.42,2.71,7.4,0.75,5.27,Road,Clear,Textiles,Dubai,Hamburg,1,0.5523755509134162,Medium
9848.81,271.88,2.56,9.3,0.8,15.06,Rail,Fog,Textiles,Antwerp,Busan,0,0.6665809673913979,High
3832.49,265.29,3.03,0.6,0.5,8.37,Rail,Storm,Perishables,Hamburg,Dubai,0,0.628615385423104,High
8513.6,174.54,2.0,0.1,0.55,1.21,Air,Fog,Automotive,Shanghai,Dubai,0,0.2605780253095546,Low
5896.51,260.74,1.37,7.0,0.6,6.59,Road,Rain,Automotive,Shanghai,Busan,0,0.4730065011711957,Medium
10094.18,328.04,4.3,2.8,0.67,1.35,Air,Fog,Textiles,Shanghai,Dubai,1,0.39620964673559456,Medium
2547.74,209.76,1.82,3.3,0.77,16.74,Rail,Hurricane,Pharmaceuticals,Rotterdam,Marseille,1,0.977976978605073,High
8777.72,357.36,1.85,5.5,0.65,124.53,Sea,Hurricane,Automotive,Hamburg,Rotterdam,1,0.9994942961515528,High
3186.42,430.75,2.76,1.0,0.64,2.91,Road,Fog,Automotive,Rotterdam,Dubai,1,0.22710629878416858,Low
4540.32,78.19,2.82,6.4,0.94,4.27,Rail,Rain,Automotive,Rotterdam,Singapore,1,0.37996142221048873,Medium
3671.29,226.32,1.26,3.3,0.57,0.5,Air,Clear,Perishables,Hamburg,Shanghai,1,0.5069606575162732,Medium
3151.15,204.6,1.69,6.3,0.75,46.27,Sea,Hurricane,Perishables,Shanghai,Los Angeles,1,0.9927932544967172,High
12472.81,344.04,2.45,8.3,0.98,0.5,Air,Rain,Pharmaceuticals,Rotterdam,Hamburg,0,0.45737257976209983,Medium
4642.76,125.68,3.46,1.7,0.81,1.45,Air,Storm,Pharmaceuticals,Hamburg,Marseille,0,0.7285319553744415,High
13943.29,320.49,1.95,9.3,0.86,2.1,Air,Fog,Textiles,Antwerp,Rotterdam,0,0.6624927874245231,High
14563.93,438.87,2.6,5.3,0.72,6.99,Air,Hurricane,Automotive,Rotterdam,Antwerp,1,0.9744703715788305,High
8783.28,209.65,3.04,9.2,0.51,9.6,Rail,Clear,Pharmaceuticals,Singapore,Shanghai,1,0.6922557072040787,High
2573.52,455.6,4.13,2.1,0.82,1.82,Rail,Clear,Electronics,Dubai,Los Angeles,1,0.20838586916473498,Low
5930.95,496.59,2.28,6.0,0.82,10.34,Sea,Clear,Perishables,Rotterdam,Shanghai,1,0.35230468880986754,Medium
12067.12,53.94,1.64,4.0,0.56,60.97,Sea,Storm,Textiles,Singapore,Shanghai,1,0.9314931004314149,High
5827.17,117.29,2.81,7.7,0.73,89.78,Sea,Hurricane,Perishables,Singapore,Antwerp,1,0.9990466280938849,High
1761.75,475.24,3.66,6.1,0.96,4.78,Sea,Rain,Electronics,Hamburg,Marseille,1,0.4012095934429976,Medium
8573.38,479.21,1.56,4.9,0.6,17.4,Sea,Rain,Automotive,Antwerp,Rotterdam,1,0.372568141636042,Medium
12754.25,49.76,2.6,9.1,0.73,32.31,Road,Storm,Perishables,Shanghai,Dubai,1,0.9210895676730773,High
12040.93,8.48,1.26,3.8,0.73,29.68,Sea,Fog,Perishables,Dubai,Marseille,0,0.4465136660080794,Medium
3039.29,81.39,1.31,2.2,0.91,3.21,Rail,Rain,Electronics,Rotterdam,Antwerp,0,0.1898701453371494,Low
10255.09,498.01,2.79,6.1,0.91,0.5,Air,Rain,Pharmaceuticals,Antwerp,Rotterdam,1,0.43646260197985903,Medium
3697.31,90.82,2.18,6.2,0.88,53.23,Sea,Hurricane,Perishables,Dubai,Antwerp,1,0.994807893585467,High
3664.01,251.77,3.99,4.4,0.68,4.1,Road,Fog,Electronics,Hamburg,Shanghai,1,0.4870211549125617,Medium
13174.04,424.36,3.19,4.9,0.54,10.64,Rail,Clear,Perishables,Antwerp,Hamburg,1,0.37580845405898783,Medium
4120.2,11.18,2.7,9.6,0.68,0.53,Air,Rain,Pharmaceuticals,Shanghai,Marseille,1,0.7583636057905353,High
4317.09,302.64,2.55,7.3,0.84,9.66,Sea,Rain,Automotive,Singapore,Dubai,0,0.43737518253304236,Medium
509.47,139.24,2.84,1.1,0.85,0.5,Air,Rain,Textiles,Los Angeles,Marseille,0,0.4040819333241091,Medium
13124.7,431.31,1.33,2.1,0.98,19.47,Sea,Clear,Perishables,Los Angeles,Busan,0,0.15598264408651372,Low
11992.62,142.45,4.15,9.8,0.73,25.43,Sea,Clear,Electronics,Los Angeles,Singapore,1,0.6900954664921841,High
9596.27,343.69,4.49,7.3,0.82,11.59,Road,Fog,Perishables,Busan,Los Angeles,0,0.501567339997601,Medium
11378.85,337.44,1.8,9.2,0.77,30.0,Road,Storm,Electronics,Antwerp,Rotterdam,1,0.9240777852470586,High
2704.7,111.53,1.6,3.0,0.58,15.32,Road,Hurricane,Automotive,Shanghai,Hamburg,1,0.9794235372686098,High
7145.69,18.36,1.67,7.4,0.73,0.95,Air,Storm,Perishables,Hamburg,Singapore,1,0.8918869750987832,High
5592.68,205.22,3.38,7.1,0.77,3.6,Air,Hurricane,Pharmaceuticals,Singapore,Busan,1,0.9889360059970324,High
1859.76,145.31,3.38,2.9,0.98,3.73,Sea,Fog,Perishables,Dubai,Los Angeles,1,0.20179654706588454,Low
7548.89,404.68,4.0,5.5,0.68,7.34,Rail,Rain,Perishables,Busan,Los Angeles,0,0.3581154353090234,Medium
13850.72,400.38,3.68,6.3,0.99,38.89,Rail,Storm,Electronics,Antwerp,Los Angeles,1,0.8338164881947608,High
1080.86,229.05,2.68,4.8,0.77,1.51,Road,Rain,Pharmaceuticals,Shanghai,Los Angeles,0,0.3561941536380695,Medium
4726.18,303.65,3.22,8.3,0.62,38.15,Rail,Hurricane,Pharmaceuticals,Busan,Marseille,1,0.9971730168150477,High
3509.34,302.53,3.47,8.3,0.6,4.25,Road,Fog,Automotive,Singapore,Los Angeles,0,0.6238835210465303,High
3953.13,413.75,2.89,8.5,0.57,3.96,Rail,Clear,Electronics,Antwerp,Rotterdam,1,0.6053269097885456,High
13672.3,213.08,2.77,8.0,0.73,1.46,Air,Rain,Automotive,Los Angeles,Singapore,1,0.5799337299718976,Medium
7287.0,138.45,3.33,4.9,0.51,100.72,Sea,Hurricane,Textiles,Singapore,Hamburg,1,0.9991441874555137,High
7261.34,133.25,3.04,3.8,0.72,0.98,Air,Storm,Automotive,Hamburg,Los Angeles,1,0.7182413341161209,High
11528.35,268.56,3.33,8.3,0.99,9.27,Road,Clear,Electronics,Shanghai,Singapore,1,0.5032109191176591,Medium
2740.14,225.12,3.22,4.9,0.84,7.21,Rail,Storm,Electronics,Los Angeles,Busan,1,0.7176344330582636,High
7565.35,220.62,3.57,2.5,0.88,0.79,Air,Storm,Automotive,Rotterdam,Busan,1,0.5481377129807068,Medium
6734.79,46.48,3.32,5.1,0.56,5.48,Road,Rain,Pharmaceuticals,Hamburg,Antwerp,1,0.4602949646801258,Medium
9155.21,359.58,2.92,1.4,0.74,13.81,Sea,Clear,Electronics,Antwerp,Los Angeles,0,0.16284678550769163,Low
14993.59,107.65,3.45,6.9,0.64,3.11,Air,Storm,Electronics,Busan,Antwerp,1,0.8137486861232047,High
11657.01,99.28,2.68,3.4,0.95,6.14,Air,Hurricane,Perishables,Shanghai,Rotterdam,1,0.9632658022237315,High
6269.05,206.97,2.0,2.6,0.59,4.01,Road,Clear,Pharmaceuticals,Los Angeles,Antwerp,0,0.32076934970248255,Medium
12499.52,114.66,1.2,9.6,0.73,0.86,Air,Rain,Electronics,Rotterdam,Antwerp,1,0.5767448423938762,Medium
2975.27,292.35,3.05,7.8,0.79,46.11,Sea,Hurricane,Perishables,Dubai,Hamburg,1,0.9957842855202902,High
941.72,186.36,3.15,7.9,0.76,0.5,Air,Fog,Perishables,Rotterdam,Dubai,0,0.665505925064713,High
3464.5,225.01,4.41,6.2,0.92,2.38,Road,Clear,Electronics,Los Angeles,Hamburg,1,0.4323437126090777,Medium
5435.97,269.05,2.39,8.4,0.62,7.73,Rail,Fog,Automotive,Antwerp,Marseille,0,0.6780974294233273,High
7903.42,102.56,2.5,7.6,0.69,7.47,Rail,Clear,Perishables,Busan,Dubai,1,0.5050915615526884,Medium
9419.37,78.72,1.87,6.0,0.9,2.8,Air,Storm,Electronics,Singapore,Dubai,1,0.7929800516275448,High
13703.78,440.33,1.43,9.6,0.76,224.75,Sea,Hurricane,Automotive,Singapore,Los Angeles,1,0.9999900774089765,High
7892.88,217.43,3.75,1.9,0.7,6.65,Rail,Clear,Textiles,Busan,Dubai,0,0.2607944462388938,Low
7768.5,206.63,2.02,9.4,0.52,8.54,Road,Rain,Perishables,Hamburg,Dubai,1,0.6867690759304829,High
1228.52,18.77,3.21,4.0,0.88,1.84,Road,Rain,Textiles,Rotterdam,Shanghai,0,0.3585565029960238,Medium
1006.22,249.49,3.47,5.3,0.99,6.87,Sea,Storm,Electronics,Singapore,Rotterdam,1,0.6826970179961594,High
8491.82,277.53,2.76,1.2,0.81,1.19,Air,Clear,Automotive,Singapore,Dubai,0,0.2485940378337502,Low
6853.59,279.86,4.09,5.4,0.93,18.6,Sea,Fog,Pharmaceuticals,Busan,Los Angeles,0,0.37805040577596505,Medium
12668.12,353.81,2.66,6.1,0.76,28.88,Road,Storm,Pharmaceuticals,Hamburg,Rotterdam,1,0.8634557064760779,High
2829.85,89.56,2.14,10.0,0.62,17.08,Sea,Storm,Automotive,Hamburg,Shanghai,1,0.9278126775338996,High
862.09,126.86,4.16,9.8,0.51,2.85,Sea,Fog,Automotive,Antwerp,Busan,1,0.6342768437261435,High
7011.06,405.55,4.04,9.7,0.83,20.82,Rail,Storm,Electronics,Dubai,Marseille,1,0.9267625118675484,High
3943.44,473.64,1.74,3.5,0.75,0.67,Air,Fog,Pharmaceuticals,Los Angeles,Shanghai,1,0.5152521681081654,Medium
1219.41,68.83,1.29,9.9,0.89,0.5,Air,Fog,Pharmaceuticals,Hamburg,Los Angeles,1,0.7610516644438634,High
11006.68,249.33,1.5,4.6,0.85,150.72,Sea,Hurricane,Textiles,Singapore,Dubai,1,0.9997378047751458,High
2118.1,107.87,2.15,8.5,0.99,0.5,Air,Storm,Automotive,Rotterdam,Los Angeles,1,0.8374405582606899,High
9320.63,30.98,4.41,2.2,0.76,0.6,Air,Clear,Automotive,Shanghai,Busan,0,0.234520874521116,Low
4575.22,163.43,3.04,5.1,0.71,26.92,Road,Hurricane,Perishables,Hamburg,Marseille,1,0.9922416878738856,High
3015.69,72.7,2.43,9.7,0.64,0.5,Air,Clear,Textiles,Shanghai,Singapore,1,0.8129115886342247,High
6006.4,355.26,4.13,9.5,0.74,37.49,Sea,Storm,Automotive,Antwerp,Busan,1,0.9277086609178519,High
12120.96,267.33,2.7,6.8,0.94,1.51,Air,Clear,Electronics,Shanghai,Busan,1,0.3918902367106048,Medium
6185.36,72.77,2.24,8.0,0.52,95.97,Sea,Hurricane,Perishables,Rotterdam,Busan,1,0.9990626167272982,High
11386.16,5.61,4.31,1.8,0.99,69.17,Rail,Hurricane,Automotive,Hamburg,Antwerp,1,0.9910996039950566,High
2319.55,404.27,4.0,7.2,1.0,34.88,Sea,Hurricane,Automotive,Antwerp,Shanghai,1,0.9923099695403846,High
11705.19,88.92,3.98,6.2,0.8,27.51,Road,Storm,Pharmaceuticals,Los Angeles,Rotterdam,1,0.8547691498811557,High
3935.53,303.5,2.89,0.9,0.67,8.95,Sea,Fog,Electronics,Dubai,Singapore,1,0.2566607503192865,Low
10322.2,169.12,3.81,1.1,0.61,11.64,Rail,Fog,Automotive,Dubai,Busan,1,0.21647575508966913,Low
8703.83,293.16,1.79,1.1,0.64,38.9,Sea,Storm,Perishables,Hamburg,Singapore,1,0.7723039092997345,High
13972.6,158.51,3.09,7.2,0.53,13.85,Road,Rain,Textiles,Busan,Dubai,0,0.5647948240260776,Medium
6116.18,44.38,4.45,1.4,0.74,9.11,Sea,Clear,Electronics,Hamburg,Busan,0,0.1686101509196128,Low
1459.4,112.25,2.16,4.7,0.53,2.12,Sea,Clear,Automotive,Los Angeles,Rotterdam,0,0.3462678750823326,Medium
777.75,94.84,3.82,3.6,0.86,0.58,Road,Fog,Perishables,Dubai,Shanghai,1,0.3920213204525427,Medium
12489.45,214.58,2.82,5.5,0.69,2.89,Air,Storm,Electronics,Dubai,Marseille,0,0.8065566960567012,High
8108.67,329.48,1.33,7.1,0.6,22.11,Rail,Storm,Textiles,Los Angeles,Shanghai,1,0.9154197304067156,High
11741.04,132.64,3.72,6.8,0.77,16.97,Rail,Fog,Electronics,Busan,Hamburg,1,0.5211076647339032,Medium
3899.17,7.02,1.76,5.2,0.99,8.03,Sea,Rain,Textiles,Dubai,Hamburg,1,0.3384309192777273,Medium
5503.71,259.95,3.28,4.6,0.85,5.24,Rail,Rain,Textiles,Singapore,Marseille,1,0.4215052096387568,Medium
936.51,303.27,1.48,4.0,0.75,4.8,Road,Hurricane,Textiles,Rotterdam,Busan,1,0.9719862415165579,High
14441.64,481.47,4.32,8.6,0.89,98.74,Road,Hurricane,Perishables,Singapore,Antwerp,1,0.9993229797443681,High
10184.08,295.15,2.16,3.3,0.87,0.92,Air,Fog,Perishables,Busan,Rotterdam,1,0.33468838774036586,Medium
14031.47,236.12,1.95,2.6,0.95,176.92,Sea,Hurricane,Automotive,Singapore,Antwerp,1,0.9997504810073056,High
4349.7,287.13,1.63,7.4,0.6,27.78,Road,Hurricane,Perishables,Singapore,Los Angeles,1,0.9940730771229831,High
9366.22,464.02,4.32,3.6,0.93,122.5,Sea,Hurricane,Textiles,Rotterdam,Busan,1,0.9986711642659049,High
10338.25,414.36,3.55,8.5,0.65,30.61,Sea,Fog,Pharmaceuticals,Antwerp,Hamburg,1,0.7113506492102756,High
5104.47,162.17,3.65,3.3,0.97,5.81,Rail,Fog,Perishables,Busan,Hamburg,0,0.2910920907248859,Low
12797.58,119.39,2.85,7.0,0.64,2.7,Air,Storm,Automotive,Antwerp,Dubai,1,0.8268193000610142,High
14233.84,132.05,2.77,0.5,0.96,13.16,Road,Fog,Perishables,Shanghai,Los Angeles,0,0.1381491024842755,Low
13330.4,252.71,1.56,3.9,0.98,6.87,Air,Hurricane,Electronics,Shanghai,Antwerp,1,0.9657959135602844,High
11216.47,372.28,3.05,3.4,0.57,146.77,Sea,Hurricane,Textiles,Singapore,Rotterdam,1,0.9996918768935951,High
4523.24,252.11,2.01,8.2,0.99,3.9,Road,Rain,Pharmaceuticals,Busan,Dubai,0,0.5093189066958043,Medium
4583.43,34.83,4.42,9.7,0.54,0.52,Air,Clear,Pharmaceuticals,Shanghai,Singapore,1,0.7902590736374823,High
14468.72,362.07,3.83,4.6,0.61,12.39,Road,Rain,Automotive,Dubai,Singapore,1,0.3885396409295676,Medium
649.13,403.18,2.56,8.2,0.72,0.5,Air,Fog,Textiles,Antwerp,Dubai,0,0.7776123189242498,High
10882.72,145.46,1.7,7.0,1.0,10.42,Rail,Clear,Perishables,Dubai,Shanghai,0,0.4267275931973138,Medium
10740.57,332.4,3.79,9.7,0.74,16.11,Rail,Fog,Automotive,Antwerp,Shanghai,1,0.7069190935269795,High
9529.0,213.87,1.6,8.1,0.78,10.71,Rail,Rain,Textiles,Rotterdam,Shanghai,0,0.5426396372024044,Medium
14856.58,444.67,1.82,0.8,0.85,25.98,Sea,Rain,Perishables,Singapore,Antwerp,0,0.17652369743504456,Low
5022.25,422.77,1.9,7.1,0.98,75.72,Sea,Hurricane,Perishables,Shanghai,Rotterdam,1,0.9974591785184123,High
5429.59,263.19,3.04,5.4,0.89,0.5,Air,Clear,Textiles,Busan,Los Angeles,0,0.46855555776693436,Medium
1644.62,346.06,3.8,0.2,0.61,0.5,Air,Clear,Electronics,Dubai,Los Angeles,0,0.2792577921629544,Low
6920.57,441.79,2.24,2.5,0.65,5.0,Road,Clear,Automotive,Los Angeles,Rotterdam,0,0.2758905941621778,Low
4285.2,248.36,1.48,9.2,0.55,0.5,Air,Rain,Perishables,Busan,Rotterdam,1,0.7283360206541163,High
5479.11,157.31,2.73,9.3,0.82,88.64,Sea,Hurricane,Electronics,Singapore,Marseille,1,0.9993459290168073,High
12601.29,377.08,3.67,8.0,0.59,36.11,Sea,Fog,Pharmaceuticals,Los Angeles,Busan,1,0.6828688551231932,High
14064.53,110.81,1.93,9.8,0.63,1.11,Air,Clear,Pharmaceuticals,Singapore,Shanghai,0,0.6961168398660912,High
3193.13,194.88,1.93,8.1,0.94,0.5,Air,Storm,Perishables,Hamburg,Dubai,1,0.8860552344345215,High
5901.38,433.0,4.33,0.1,0.66,6.23,Rail,Fog,Perishables,Dubai,Shanghai,0,0.23899473770548693,Low
13965.14,362.49,4.35,2.9,0.78,7.26,Air,Hurricane,Electronics,Los Angeles,Shanghai,1,0.9708655522815623,High
1396.22,202.5,4.47,0.3,0.7,0.5,Air,Storm,Textiles,Shanghai,Antwerp,1,0.687730096172328,High
1839.23,108.16,3.87,0.9,0.54,0.5,Air,Fog,Automotive,Hamburg,Antwerp,0,0.410960429500801,Medium
2860.47,178.63,1.82,2.2,0.68,1.16,Air,Clear,Pharmaceuticals,Los Angeles,Antwerp,1,0.4117096322786381,Medium
9130.59,142.77,1.9,5.0,0.7,127.75,Sea,Hurricane,Electronics,Los Angeles,Antwerp,1,0.9994863723251465,High
2681.85,88.87,2.32,8.5,0.95,20.83,Rail,Hurricane,Electronics,Busan,Marseille,1,0.9934489568086038,High
14537.11,371.92,2.25,8.6,0.66,28.96,Sea,Clear,Textiles,Dubai,Rotterdam,0,0.6348951327037567,High
6977.36,126.78,4.36,6.2,0.69,7.77,Rail,Rain,Pharmaceuticals,Singapore,Dubai,1,0.4616115156222988,Medium
7772.01,227.63,3.8,9.3,0.89,63.32,Rail,Hurricane,Pharmaceuticals,Hamburg,Rotterdam,1,0.9983971103819546,High
4076.55,193.54,3.59,5.0,0.88,3.94,Road,Clear,Electronics,Busan,Shanghai,1,0.40172636575125925,Medium
7328.92,491.06,1.81,8.9,0.9,8.87,Rail,Rain,Textiles,Los Angeles,Hamburg,0,0.6059074654614424,High
10097.75,196.16,4.2,4.5,0.98,2.05,Air,Storm,Automotive,Singapore,Dubai,1,0.6999523473373866,High
11392.07,40.91,3.93,2.8,0.9,1.02,Air,Clear,Perishables,Los Angeles,Rotterdam,1,0.26660072230322857,Low
11431.09,45.82,1.74,9.2,0.7,70.05,Sea,Storm,Perishables,Antwerp,Marseille,1,0.9775528855788137,High
8879.42,295.79,4.07,3.9,0.91,118.27,Sea,Hurricane,Pharmaceuticals,Shanghai,Hamburg,1,0.9988347868425401,High
13613.22,300.08,2.1,5.0,0.75,81.41,Road,Hurricane,Pharmaceuticals,Hamburg,Busan,1,0.997461938865053,High
12352.41,209.96,1.47,3.3,0.64,29.19,Rail,Storm,Pharmaceuticals,Busan,Shanghai,0,0.7947611846506489,High
11477.2,216.49,3.37,6.6,0.65,0.71,Air,Rain,Pharmaceuticals,Rotterdam,Marseille,1,0.49923568011636205,Medium
1306.28,27.91,3.36,10.0,0.61,22.14,Sea,Hurricane,Textiles,Los Angeles,Hamburg,1,0.9961262417496907,High
599.73,258.76,1.51,0.3,0.57,0.5,Air,Rain,Perishables,Rotterdam,Antwerp,0,0.2916528296000827,Low
3580.49,252.86,2.25,9.0,0.59,58.1,Sea,Hurricane,Pharmaceuticals,Shanghai,Los Angeles,1,0.9977614018519384,High
10121.09,75.63,4.48,0.0,0.53,2.53,Air,Storm,Pharmaceuticals,Rotterdam,Los Angeles,0,0.49779386021964356,Medium
6462.36,52.82,3.44,3.6,0.94,31.24,Sea,Storm,Pharmaceuticals,Shanghai,Dubai,0,0.7287549087812301,High
6334.89,62.66,3.61,1.7,0.97,0.93,Air,Clear,Textiles,Rotterdam,Shanghai,0,0.2798883671828731,Low
13326.51,51.41,1.9,7.6,0.79,203.98,Sea,Hurricane,Perishables,Hamburg,Dubai,1,0.9999740361002412,High
13485.66,305.24,1.46,0.5,0.92,10.07,Rail,Clear,Automotive,Los Angeles,Busan,0,0.1133831184866907,Low
13683.04,99.04,2.11,5.5,0.59,2.71,Air,Storm,Automotive,Hamburg,Shanghai,1,0.8090466690009094,High
5051.23,126.46,2.02,2.9,0.95,1.52,Air,Fog,Electronics,Los Angeles,Hamburg,0,0.3839042376145046,Medium
10520.31,87.61,1.97,1.3,0.75,4.74,Air,Hurricane,Pharmaceuticals,Singapore,Marseille,1,0.9671903732183582,High
4438.68,478.96,1.84,7.7,0.53,0.5,Air,Clear,Textiles,Hamburg,Singapore,0,0.7745436838836491,High
3263.84,427.45,3.1,2.2,0.57,6.67,Road,Storm,Pharmaceuticals,Busan,Singapore,1,0.739684933237894,High
3177.17,116.02,2.28,2.2,0.65,2.69,Road,Rain,Automotive,Singapore,Dubai,0,0.2836808111299278,Low
5460.56,164.46,3.91,2.8,0.52,13.51,Rail,Storm,Pharmaceuticals,Antwerp,Shanghai,1,0.7678236325565221,High
6734.39,105.74,1.81,5.9,0.66,0.9,Air,Fog,Pharmaceuticals,Singapore,Rotterdam,1,0.5855351453534791,Medium
12548.76,246.45,2.73,6.6,0.53,29.05,Sea,Rain,Perishables,Dubai,Singapore,1,0.5895829664621579,Medium
2238.42,10.79,1.25,0.2,0.62,0.89,Air,Hurricane,Perishables,Antwerp,Singapore,1,0.9716020499118683,High
11156.42,336.01,2.79,2.4,0.63,10.37,Rail,Rain,Perishables,Antwerp,Singapore,0,0.29284216532711727,Low
8206.1,262.06,1.38,4.3,1.0,3.85,Air,Hurricane,Textiles,Hamburg,Dubai,1,0.9798039156848076,High
4675.21,449.42,4.43,3.3,0.62,22.76,Sea,Storm,Textiles,Shanghai,Antwerp,1,0.7728658645014899,High
7645.88,83.03,3.81,8.8,0.62,0.69,Air,Clear,Pharmaceuticals,Busan,Hamburg,1,0.6839165663403926,High
4849.16,402.25,2.82,7.9,0.84,14.22,Sea,Fog,Automotive,Busan,Singapore,0,0.5891756227708407,Medium
9143.19,396.19,1.49,6.3,0.93,10.75,Road,Fog,Pharmaceuticals,Dubai,Marseille,0,0.5232860820639803,Medium
6790.74,64.46,3.16,3.4,0.69,6.31,Rail,Rain,Perishables,Singapore,Shanghai,0,0.33311254835045917,Medium
2883.88,199.88,3.7,7.0,0.94,4.97,Sea,Clear,Perishables,Los Angeles,Rotterdam,0,0.3856321084791075,Medium
2190.45,85.91,1.83,8.4,0.67,14.64,Road,Hurricane,Pharmaceuticals,Singapore,Los Angeles,1,0.9929404403014022,High
8427.09,128.11,3.08,5.9,0.6,23.35,Rail,Storm,Textiles,Hamburg,Busan,1,0.868826754940818,High
13584.99,132.36,3.89,7.8,0.67,14.19,Road,Rain,Pharmaceuticals,Antwerp,Rotterdam,1,0.536281024470665,Medium
5487.39,278.56,3.74,7.5,0.81,0.5,Air,Rain,Pharmaceuticals,Busan,Los Angeles,0,0.5532875406323795,Medium
11128.5,206.29,3.85,5.7,0.68,29.34,Sea,Fog,Textiles,Dubai,Marseille,1,0.6156527427783676,High
10050.59,473.92,4.1,3.1,0.84,24.17,Sea,Fog,Automotive,Singapore,Shanghai,0,0.35551998734618134,Medium
14007.55,64.06,4.29,7.5,0.62,14.4,Rail,Clear,Pharmaceuticals,Antwerp,Rotterdam,0,0.5089725712742339,Medium
12404.22,486.87,2.54,2.1,0.85,6.2,Air,Hurricane,Electronics,Los Angeles,Dubai,1,0.9600777791506732,High
8715.78,116.09,3.08,7.8,0.67,21.91,Road,Storm,Pharmaceuticals,Dubai,Rotterdam,0,0.8975359810142368,High
10026.94,386.66,3.81,8.0,0.73,67.44,Road,Hurricane,Pharmaceuticals,Shanghai,Busan,1,0.9979394197983906,High
13526.6,170.15,3.5,8.2,0.78,91.66,Road,Hurricane,Pharmaceuticals,Singapore,Rotterdam,1,0.9991616614245773,High
6293.02,72.4,4.49,4.7,0.84,7.53,Rail,Fog,Electronics,Los Angeles,Rotterdam,1,0.38144589818766994,Medium
5238.52,429.09,1.25,1.9,0.62,27.15,Road,Hurricane,Textiles,Antwerp,Busan,1,0.9827412204510618,High
656.76,155.12,2.37,1.0,0.92,1.17,Sea,Fog,Electronics,Shanghai,Singapore,0,0.18835341602387803,Low
12484.99,329.77,2.13,7.4,0.86,2.97,Air,Storm,Automotive,Los Angeles,Singapore,1,0.845309963508109,High
12114.22,283.66,2.07,8.9,0.62,1.45,Air,Fog,Electronics,Los Angeles,Shanghai,0,0.7050238225448183,High
2014.59,236.41,1.93,6.5,0.99,4.83,Sea,Rain,Electronics,Rotterdam,Hamburg,0,0.30503220797817154,Medium
8864.43,248.41,3.54,1.4,0.83,105.34,Sea,Hurricane,Perishables,Dubai,Hamburg,1,0.9971590870072593,High
7227.73,366.39,1.48,9.3,0.73,1.35,Air,Rain,Textiles,Hamburg,Shanghai,0,0.7618405352100797,High
2221.28,44.8,3.65,9.9,0.58,13.8,Sea,Storm,Pharmaceuticals,Shanghai,Dubai,1,0.907364092204718,High
14718.24,334.42,3.49,4.3,0.77,85.62,Road,Hurricane,Pharmaceuticals,Shanghai,Rotterdam,1,0.9972053456865477,High
3613.09,448.01,2.03,5.9,0.58,8.41,Sea,Rain,Pharmaceuticals,Singapore,Rotterdam,0,0.4409756044587098,Medium
1474.9,29.84,2.03,7.8,0.72,2.02,Road,Rain,Textiles,Busan,Shanghai,1,0.6431082717470071,High
9125.29,71.19,3.28,7.4,0.7,69.54,Rail,Hurricane,Automotive,Antwerp,Busan,1,0.9977309410542041,High
11213.57,358.6,3.72,9.7,0.86,12.3,Road,Rain,Automotive,Singapore,Los Angeles,1,0.5598831987842988,Medium
970.43,219.2,4.09,1.1,0.6,12.27,Sea,Hurricane,Pharmaceuticals,Dubai,Rotterdam,1,0.9568413703348264,High
10051.41,202.37,4.01,5.8,0.91,0.93,Air,Clear,Pharmaceuticals,Hamburg,Dubai,1,0.4509272676817762,Medium
8218.23,69.35,4.38,6.9,0.66,0.5,Air,Clear,Automotive,Los Angeles,Busan,1,0.5188560343949454,Medium
1997.34,253.88,3.12,8.9,0.72,32.36,Sea,Hurricane,Perishables,Shanghai,Antwerp,1,0.9948617872656421,High
3001.6,64.15,4.2,8.7,0.89,7.17,Sea,Rain,Electronics,Busan,Marseille,1,0.5327178260789421,Medium
8735.63,238.83,3.87,9.8,0.81,9.67,Rail,Rain,Textiles,Los Angeles,Shanghai,1,0.6822487743158482,High
4797.19,382.04,4.15,5.1,0.65,0.61,Air,Rain,Textiles,Dubai,Shanghai,1,0.5906296037884168,Medium
14105.58,129.87,1.24,8.3,0.69,41.65,Rail,Storm,Textiles,Singapore,Dubai,1,0.9420477430429057,High
12371.73,240.91,4.39,4.3,0.65,25.6,Sea,Rain,Pharmaceuticals,Dubai,Los Angeles,0,0.3347335318111339,Medium
14761.72,496.02,2.76,4.2,0.8,10.27,Road,Clear,Textiles,Los Angeles,Dubai,1,0.32888378922399736,Medium
4265.23,343.64,3.83,2.5,0.67,3.54,Road,Fog,Electronics,Shanghai,Rotterdam,0,0.3088234005383733,Medium
14560.99,420.84,1.62,8.2,0.86,8.63,Air,Hurricane,Perishables,Busan,Los Angeles,1,0.9859125738591834,High
6752.89,208.01,2.51,9.9,0.79,4.39,Air,Hurricane,Automotive,Shanghai,Busan,1,0.9921808436308508,High
5539.02,384.16,2.1,2.6,0.57,26.08,Sea,Storm,Automotive,Busan,Los Angeles,1,0.6941918292734254,High
1230.07,21.21,2.16,0.6,0.66,0.5,Air,Fog,Electronics,Shanghai,Antwerp,0,0.35102835366527596,Medium
1265.1,62.33,1.61,8.2,0.61,19.25,Sea,Hurricane,Automotive,Shanghai,Singapore,1,0.9927161965636367,High
10534.16,102.33,3.86,6.2,0.7,24.58,Road,Storm,Automotive,Singapore,Dubai,1,0.8547539720541578,High
7139.97,201.57,1.23,9.6,0.76,9.26,Road,Fog,Automotive,Singapore,Marseille,0,0.7231413779717644,High
3784.56,423.03,2.23,2.5,0.75,9.42,Sea,Fog,Pharmaceuticals,Antwerp,Busan,1,0.25805609925427636,Low
9402.57,173.79,1.78,0.7,0.88,20.47,Sea,Fog,Perishables,Dubai,Shanghai,0,0.22308095485721274,Low
4166.44,327.66,3.14,4.9,0.6,5.27,Rail,Fog,Electronics,Shanghai,Marseille,0,0.486580969432583,Medium
8875.66,354.95,2.04,0.9,0.97,44.93,Road,Hurricane,Perishables,Rotterdam,Dubai,1,0.9745051181494486,High
5708.53,293.5,2.05,2.6,0.67,4.35,Rail,Clear,Automotive,Singapore,Antwerp,1,0.27566879098496894,Low
12441.51,179.26,2.81,1.3,0.65,63.26,Road,Hurricane,Perishables,Busan,Los Angeles,1,0.989475459620693,High
12400.09,288.95,3.35,2.2,0.84,12.23,Road,Fog,Textiles,Singapore,Hamburg,1,0.31059964292652537,Medium
7421.58,171.79,1.6,1.1,0.9,14.77,Road,Storm,Textiles,Hamburg,Dubai,1,0.6419080960990364,High
5586.88,42.85,1.78,9.5,0.69,34.42,Sea,Storm,Textiles,Antwerp,Rotterdam,1,0.9461185555218055,High
5757.12,496.41,2.02,2.8,0.87,31.29,Road,Hurricane,Electronics,Shanghai,Busan,1,0.978718255279853,High
12182.86,64.46,4.41,4.4,0.94,0.86,Air,Rain,Pharmaceuticals,Shanghai,Los Angeles,1,0.27271429290869464,Low
5258.6,37.1,2.51,9.0,0.88,6.9,Road,Fog,Textiles,Singapore,Hamburg,1,0.689580499739447,High
3531.36,439.39,3.18,6.8,0.52,1.34,Air,Storm,Pharmaceuticals,Singapore,Antwerp,1,0.9038915290073041,High
1727.98,151.62,2.0,6.2,0.91,9.85,Sea,Storm,Electronics,Hamburg,Antwerp,1,0.7675828483233201,High
7267.05,325.5,2.82,7.1,0.89,46.83,Road,Hurricane,Electronics,Antwerp,Marseille,1,0.9963754229776075,High
7490.92,165.17,1.44,8.3,0.84,22.92,Rail,Storm,Electronics,Antwerp,Marseille,1,0.9080784915992464,High
12693.18,196.34,1.31,8.8,0.88,101.9,Rail,Hurricane,Perishables,Shanghai,Marseille,1,0.9994383715814728,High
3707.96,131.79,2.75,6.4,0.99,9.99,Sea,Fog,Automotive,Antwerp,Busan,0,0.3704772348907673,Medium
6024.37,172.18,2.52,8.9,0.72,17.45,Rail,Storm,Pharmaceuticals,Los Angeles,Singapore,1,0.9243231759233049,High
12221.88,205.94,1.65,5.4,0.53,12.7,Rail,Rain,Pharmaceuticals,Singapore,Busan,0,0.3979496452501472,Medium
12442.54,360.49,3.47,2.8,0.73,10.05,Rail,Clear,Pharmaceuticals,Busan,Shanghai,0,0.26907389501711926,Low
6076.86,256.26,4.48,8.8,0.52,7.59,Rail,Rain,Pharmaceuticals,Antwerp,Dubai,1,0.6431359357263212,High
7157.3,471.84,2.51,5.4,0.65,38.58,Sea,Storm,Perishables,Busan,Marseille,1,0.8903995872202644,High
4897.65,21.9,3.26,9.1,0.79,4.54,Road,Rain,Pharmaceuticals,Antwerp,Marseille,1,0.6531209955553334,High
14022.05,252.03,4.38,0.4,0.66,8.29,Road,Clear,Pharmaceuticals,Shanghai,Hamburg,1,0.15949355430615475,Low
2220.33,292.53,3.94,4.0,0.84,1.79,Road,Fog,Perishables,Dubai,Busan,1,0.34284886841894957,Medium
14039.37,460.18,2.73,9.5,0.91,2.56,Air,Storm,Perishables,Singapore,Hamburg,1,0.8672199585694467,High
10416.06,25.53,3.63,2.5,0.71,24.09,Rail,Storm,Perishables,Busan,Singapore,0,0.7403880165819844,High
8207.8,287.18,1.62,9.4,0.95,2.07,Air,Storm,Perishables,Dubai,Singapore,1,0.9045024714587041,High
973.56,426.96,2.89,9.5,0.54,0.98,Air,Hurricane,Pharmaceuticals,Los Angeles,Marseille,1,0.9967211847950116,High
7396.14,121.72,2.12,8.8,0.92,7.14,Road,Rain,Pharmaceuticals,Shanghai,Marseille,1,0.5802793940348493,Medium
6412.35,438.27,1.73,5.6,0.91,45.26,Rail,Hurricane,Electronics,Shanghai,Hamburg,1,0.9927464177219546,High
2837.67,10.5,2.61,6.5,0.66,40.84,Sea,Hurricane,Perishables,Singapore,Rotterdam,1,0.9939998455749904,High
10017.94,366.49,1.63,8.7,0.65,15.08,Rail,Fog,Textiles,Shanghai,Dubai,0,0.6832492727063194,High
14581.69,466.62,3.51,7.8,0.65,35.77,Road,Storm,Electronics,Los Angeles,Singapore,1,0.930871405700793,High
8651.74,328.94,2.71,6.3,0.91,5.57,Air,Hurricane,Perishables,Rotterdam,Singapore,1,0.984504572029381,High
10863.92,220.08,2.95,9.8,0.92,14.67,Road,Fog,Perishables,Hamburg,Singapore,1,0.7195874785578498,High
1492.53,23.4,1.68,6.9,0.67,0.5,Air,Storm,Automotive,Dubai,Hamburg,0,0.8853225496229485,High
6556.17,460.14,1.66,9.8,0.8,0.5,Air,Clear,Perishables,Antwerp,Marseille,1,0.7387187683368346,High
2187.2,235.68,3.13,0.6,0.57,0.5,Air,Clear,Electronics,Busan,Los Angeles,0,0.2943921060287877,Low
9385.54,15.47,4.45,1.4,0.73,17.24,Road,Storm,Perishables,Busan,Dubai,1,0.6221561539192388,High
14107.99,345.22,1.52,4.5,1.0,6.89,Air,Hurricane,Electronics,Rotterdam,Singapore,1,0.968643951547617,High
10095.78,241.44,2.14,3.8,0.58,10.4,Road,Fog,Pharmaceuticals,Los Angeles,Antwerp,0,0.4264165505397158,Medium
1613.64,63.05,4.07,7.8,0.97,3.24,Sea,Rain,Textiles,Rotterdam,Marseille,1,0.44726838573530353,Medium
5642.66,107.92,1.44,1.6,0.91,12.89,Sea,Fog,Automotive,Singapore,Dubai,0,0.2133460547690539,Low
8484.62,33.18,4.09,9.8,0.99,13.41,Rail,Fog,Electronics,Singapore,Marseille,1,0.6844817492603116,High
6346.51,287.57,2.93,3.2,0.59,0.92,Air,Storm,Pharmaceuticals,Rotterdam,Los Angeles,1,0.6843910477734557,High
12587.84,311.39,2.55,4.3,0.61,11.58,Rail,Clear,Perishables,Hamburg,Shanghai,0,0.38515570250850534,Medium
12312.73,253.37,2.22,2.7,0.51,0.5,Air,Clear,Electronics,Antwerp,Busan,1,0.29690797083164083,Low
9371.55,408.73,2.18,5.8,0.86,57.58,Road,Hurricane,Automotive,Dubai,Rotterdam,1,0.9954203120288575,High
5915.14,430.64,2.21,0.6,0.82,2.43,Air,Hurricane,Textiles,Hamburg,Los Angeles,1,0.9602223898491339,High
4202.38,308.2,4.12,1.5,0.59,4.43,Rail,Fog,Automotive,Rotterdam,Dubai,1,0.23423130784315233,Low
2035.18,7.37,3.59,7.5,0.9,2.56,Rail,Fog,Pharmaceuticals,Rotterdam,Shanghai,0,0.5165588491356797,Medium
5646.02,347.92,3.41,1.9,0.65,12.86,Rail,Storm,Textiles,Busan,Los Angeles,1,0.6615625126598026,High
6491.0,209.58,3.84,2.4,0.57,1.02,Air,Storm,Textiles,Hamburg,Busan,1,0.7447086572691044,High
10299.43,283.21,2.05,7.9,0.71,23.78,Sea,Rain,Automotive,Dubai,Los Angeles,0,0.49746490461689763,Medium
10043.32,324.89,3.24,0.9,0.55,43.15,Sea,Storm,Pharmaceuticals,Hamburg,Singapore,0,0.799968965114504,High
1516.57,175.77,2.72,4.4,0.63,7.99,Road,Hurricane,Automotive,Dubai,Singapore,1,0.98476654769286,High
6231.26,458.63,3.78,0.2,0.69,12.99,Sea,Fog,Electronics,Singapore,Antwerp,0,0.20779240552183695,Low
3135.79,67.85,2.22,3.5,0.93,6.37,Road,Storm,Electronics,Rotterdam,Los Angeles,1,0.582171346977723,Medium
2773.78,336.08,3.32,7.0,0.9,0.5,Air,Storm,Perishables,Singapore,Shanghai,0,0.8797016357301527,High
12495.88,3.18,4.11,0.9,0.72,0.63,Air,Clear,Automotive,Los Angeles,Hamburg,0,0.21144330642247997,Low
1107.77,462.4,2.53,8.9,0.86,3.07,Rail,Storm,Electronics,Singapore,Marseille,1,0.8873578495587057,High
6578.15,57.14,1.42,9.1,0.78,19.83,Sea,Fog,Pharmaceuticals,Antwerp,Los Angeles,0,0.6284802677910868,High
2938.95,48.35,2.9,1.0,0.67,5.1,Road,Storm,Perishables,Dubai,Marseille,1,0.643173659098845,High
13250.29,167.17,2.34,9.9,0.86,14.52,Rail,Clear,Automotive,Los Angeles,Rotterdam,1,0.5741409864089084,Medium
8577.09,187.41,3.42,3.0,0.84,3.71,Air,Hurricane,Electronics,Los Angeles,Antwerp,1,0.9711731714324964,High
3855.02,107.94,4.34,0.8,0.81,0.5,Air,Fog,Perishables,Los Angeles,Marseille,0,0.355477565142225,Medium
7785.2,292.98,2.8,0.1,0.81,7.77,Rail,Fog,Perishables,Shanghai,Dubai,0,0.17321750346509054,Low
11106.55,222.01,2.74,4.1,0.84,5.2,Air,Hurricane,Automotive,Dubai,Antwerp,1,0.9735688418183387,High
14392.71,18.05,3.36,6.3,0.69,7.9,Air,Hurricane,Textiles,Los Angeles,Singapore,1,0.9897847488510341,High
3696.47,160.51,1.54,3.3,0.94,4.44,Rail,Fog,Pharmaceuticals,Busan,Rotterdam,0,0.30198170168674426,Medium
13349.64,405.41,2.04,8.4,0.58,13.29,Road,Rain,Perishables,Busan,Rotterdam,0,0.5695845271414078,Medium
14047.41,345.16,4.23,7.2,0.94,0.85,Air,Clear,Perishables,Dubai,Los Angeles,1,0.3989924025784868,Medium
13788.1,362.71,3.41,3.5,0.67,10.89,Rail,Clear,Perishables,Dubai,Hamburg,1,0.2737719387977809,Low
9713.51,349.36,1.24,7.3,0.56,147.75,Sea,Hurricane,Pharmaceuticals,Hamburg,Antwerp,1,0.9998751869714425,High
9632.4,156.18,1.88,9.4,0.8,12.83,Rail,Rain,Automotive,Antwerp,Hamburg,1,0.5951265042911142,Medium
6346.55,50.73,3.45,0.9,0.69,0.6,Air,Storm,Textiles,Dubai,Los Angeles,1,0.63152760299145,High
11409.77,136.96,3.72,3.1,0.91,5.68,Air,Hurricane,Electronics,Rotterdam,Hamburg,1,0.9577318278473393,High
8203.76,416.06,3.97,4.6,0.72,0.65,Air,Rain,Perishables,Shanghai,Antwerp,1,0.41230769585312027,Medium
10322.85,490.25,2.16,5.0,0.83,9.29,Rail,Clear,Pharmaceuticals,Busan,Singapore,1,0.38597680510974924,Medium
6712.64,247.43,4.27,5.4,0.65,0.79,Air,Clear,Electronics,Singapore,Antwerp,0,0.5231365444905437,Medium
11106.7,5.84,3.02,3.0,0.61,26.72,Sea,Fog,Electronics,Busan,Antwerp,1,0.37557008688215954,Medium
12454.84,70.88,3.5,6.7,0.69,1.02,Air,Rain,Pharmaceuticals,Los Angeles,Antwerp,1,0.5094856858718744,Medium
2623.33,161.72,3.17,6.5,0.8,4.6,Sea,Clear,Perishables,Singapore,Hamburg,0,0.40612588069803623,Medium
12577.48,289.71,1.61,5.8,0.83,22.13,Sea,Clear,Pharmaceuticals,Los Angeles,Marseille,0,0.4356895193684808,Medium
8334.3,38.47,4.38,1.1,0.79,18.3,Rail,Storm,Textiles,Los Angeles,Busan,1,0.6123997024883494,High
12747.66,471.74,1.61,4.8,0.99,74.54,Road,Hurricane,Automotive,Busan,Hamburg,1,0.995952080496902,High
6753.87,183.18,2.04,3.6,0.85,6.81,Road,Fog,Perishables,Los Angeles,Singapore,0,0.39663054096096223,Medium
5996.09,456.38,3.88,4.9,0.97,13.0,Sea,Rain,Automotive,Los Angeles,Antwerp,0,0.3038621794580811,Medium
13768.38,390.48,3.24,9.2,0.56,16.81,Rail,Rain,Perishables,Busan,Singapore,0,0.6675421841372909,High
4141.95,377.96,3.97,4.8,0.53,11.15,Rail,Storm,Electronics,Dubai,Busan,1,0.777177832578802,High
12741.08,303.75,2.9,0.1,0.66,11.43,Rail,Rain,Automotive,Antwerp,Rotterdam,0,0.15079154345625667,Low
7518.3,313.77,2.44,4.4,0.57,6.46,Road,Rain,Textiles,Los Angeles,Marseille,1,0.48688280012611884,Medium
7954.38,319.36,4.24,8.2,0.76,53.52,Road,Hurricane,Perishables,Antwerp,Shanghai,1,0.9978522995490569,High
4972.79,314.73,1.32,7.8,0.76,14.25,Rail,Storm,Automotive,Rotterdam,Shanghai,1,0.8542977376612475,High
8809.11,277.31,4.03,5.1,0.79,52.31,Road,Hurricane,Automotive,Singapore,Shanghai,1,0.9952152162411828,High
5215.56,493.22,1.96,2.5,0.87,4.41,Rail,Rain,Textiles,Dubai,Rotterdam,1,0.26184926699048633,Low
1069.41,366.41,4.0,4.7,0.99,2.78,Road,Storm,Perishables,Singapore,Busan,1,0.6912984894979249,High
4443.98,388.7,1.66,5.6,0.94,27.23,Road,Hurricane,Textiles,Shanghai,Marseille,1,0.9919735655278878,High
592.5,436.36,3.11,10.0,0.56,1.66,Rail,Rain,Pharmaceuticals,Dubai,Rotterdam,1,0.7021749792184355,High
14686.14,108.6,4.13,6.4,0.67,20.71,Rail,Fog,Electronics,Singapore,Dubai,1,0.5255163215637999,Medium
14503.33,42.82,2.76,6.9,0.63,1.16,Air,Fog,Textiles,Shanghai,Rotterdam,1,0.5543009742822571,Medium
6229.75,241.96,3.66,4.9,0.59,8.5,Rail,Fog,Pharmaceuticals,Rotterdam,Hamburg,1,0.42317474504774705,Medium
11061.38,257.53,3.86,3.5,0.77,5.27,Air,Hurricane,Textiles,Hamburg,Antwerp,1,0.9793743744943976,High
5514.19,414.76,3.63,8.1,0.78,5.22,Road,Clear,Textiles,Busan,Hamburg,1,0.6042483852794666,High
10230.85,222.45,4.25,4.9,0.61,70.66,Rail,Hurricane,Perishables,Los Angeles,Hamburg,1,0.997150974029267,High
12178.74,285.86,2.67,9.9,0.86,86.31,Road,Hurricane,Textiles,Dubai,Hamburg,1,0.999398622579413,High
14227.97,264.01,1.77,4.6,0.87,36.02,Rail,Storm,Textiles,Singapore,Hamburg,1,0.8385058937053359,High
6303.08,20.06,1.36,0.7,0.51,5.45,Road,Fog,Automotive,Singapore,Shanghai,0,0.3002601465906006,Medium
11857.82,307.99,2.01,6.8,0.7,9.05,Road,Clear,Textiles,Los Angeles,Shanghai,0,0.5462522001811694,Medium
4355.96,414.19,1.67,0.5,0.95,2.37,Road,Clear,Electronics,Los Angeles,Antwerp,0,0.17612828687751872,Low
14859.82,79.59,3.04,2.5,0.76,186.22,Sea,Hurricane,Automotive,Hamburg,Los Angeles,1,0.9998115578062031,High
873.66,297.57,1.81,3.5,0.67,1.51,Road,Clear,Textiles,Rotterdam,Shanghai,0,0.39363783800314767,Medium
9251.17,297.21,1.33,7.4,0.63,1.31,Air,Storm,Textiles,Los Angeles,Busan,1,0.8712002516910989,High
10062.84,82.93,1.32,4.9,0.62,9.35,Rail,Clear,Perishables,Hamburg,Los Angeles,1,0.35387109125810157,Medium
10476.66,62.61,3.94,0.3,0.55,0.5,Air,Rain,Electronics,Rotterdam,Marseille,0,0.21974248328402032,Low
2245.62,490.05,3.15,6.2,0.91,5.07,Sea,Rain,Textiles,Dubai,Singapore,1,0.45146170230146365,Medium
14108.68,197.47,2.38,4.1,0.54,1.83,Air,Storm,Textiles,Los Angeles,Busan,1,0.7399209197807503,High
3127.16,114.48,4.15,9.2,0.65,25.64,Rail,Hurricane,Automotive,Rotterdam,Busan,1,0.9934722292371758,High
9529.92,86.49,1.43,5.0,0.52,7.27,Rail,Clear,Automotive,Los Angeles,Shanghai,0,0.42111224776478234,Medium
3728.8,334.13,4.44,7.1,0.89,3.66,Rail,Clear,Electronics,Singapore,Shanghai,1,0.5013086099865731,Medium
4954.64,305.11,3.23,2.2,0.52,23.03,Sea,Storm,Automotive,Rotterdam,Los Angeles,0,0.6201011256145993,High
8423.65,322.13,1.81,7.6,0.65,19.48,Sea,Rain,Textiles,Hamburg,Singapore,0,0.6477525027338165,High
6549.3,44.92,3.44,7.2,0.79,8.91,Rail,Fog,Pharmaceuticals,Shanghai,Antwerp,1,0.5362657551698724,Medium
2823.27,446.87,3.72,9.0,0.71,3.69,Rail,Rain,Pharmaceuticals,Singapore,Rotterdam,1,0.620831744981417,High
2978.58,195.24,2.62,0.3,0.64,12.82,Sea,Storm,Perishables,Rotterdam,Shanghai,1,0.5126050758829803,Medium
6563.1,157.37,4.04,4.5,0.64,44.51,Rail,Hurricane,Perishables,Antwerp,Shanghai,1,0.9939646689222921,High
11480.6,231.72,1.7,6.8,0.9,1.54,Air,Fog,Automotive,Shanghai,Los Angeles,0,0.4383603057865811,Medium
13520.49,195.64,2.12,1.0,0.99,12.6,Road,Fog,Pharmaceuticals,Dubai,Antwerp,1,0.1937172820324816,Low
1719.85,431.92,1.51,4.1,0.67,0.5,Air,Fog,Pharmaceuticals,Los Angeles,Dubai,0,0.5583528283324078,Medium
6200.01,464.7,1.9,9.4,0.52,6.27,Rail,Clear,Pharmaceuticals,Hamburg,Busan,0,0.6498118383414069,High
1953.56,152.42,1.99,4.4,0.52,5.07,Rail,Storm,Pharmaceuticals,Busan,Rotterdam,1,0.7730648436984688,High
740.59,432.1,4.23,9.9,0.88,2.26,Road,Storm,Textiles,Los Angeles,Busan,1,0.9009156648712155,High
10094.92,390.98,1.46,0.6,0.78,18.34,Road,Storm,Automotive,Dubai,Singapore,0,0.6191119830288315,High
9235.52,465.47,2.61,7.2,0.89,25.53,Rail,Storm,Perishables,Dubai,Los Angeles,1,0.8411684252410502,High
2863.78,123.63,2.96,5.8,0.85,3.44,Road,Fog,Electronics,Rotterdam,Los Angeles,1,0.3774965354560714,Medium
3890.29,288.9,4.17,5.0,0.95,0.85,Air,Clear,Pharmaceuticals,Antwerp,Dubai,0,0.46665129913575254,Medium
843.76,138.0,4.49,9.7,0.94,5.37,Sea,Storm,Electronics,Shanghai,Singapore,1,0.8612122649580995,High
12606.73,412.22,3.69,1.3,0.89,1.0,Air,Rain,Pharmaceuticals,Shanghai,Singapore,0,0.2263195216394493,Low
14633.01,3.66,4.4,9.0,0.74,235.41,Sea,Hurricane,Textiles,Rotterdam,Marseille,1,0.9999940528988213,High
2464.16,282.84,3.8,6.9,0.65,2.74,Road,Rain,Textiles,Rotterdam,Dubai,1,0.5233088182128565,Medium
3856.39,170.26,4.38,2.6,0.75,4.44,Rail,Fog,Textiles,Los Angeles,Hamburg,0,0.3609033028809631,Medium
13091.94,162.02,3.53,9.0,0.75,0.76,Air,Clear,Electronics,Los Angeles,Rotterdam,0,0.587619911414647,Medium
13933.73,322.81,1.46,4.3,0.81,7.6,Air,Hurricane,Electronics,Antwerp,Dubai,1,0.9743629951209491,High
6584.6,425.89,2.53,8.1,0.59,9.39,Rail,Fog,Automotive,Dubai,Busan,1,0.5895443830200368,Medium
1234.03,304.99,3.33,3.9,0.83,3.52,Sea,Fog,Textiles,Dubai,Los Angeles,1,0.31167129239369473,Medium
1071.18,426.73,2.36,8.5,0.73,3.73,Rail,Storm,Automotive,Antwerp,Singapore,1,0.8900255402716393,High
8822.27,133.03,2.1,6.4,0.81,1.19,Air,Fog,Textiles,Los Angeles,Antwerp,1,0.6005968126637772,High
6196.98,260.23,3.11,1.4,0.62,4.11,Road,Rain,Automotive,Singapore,Antwerp,0,0.24260873393161747,Low
915.46,225.82,4.28,6.5,0.72,2.54,Sea,Fog,Pharmaceuticals,Los Angeles,Rotterdam,0,0.46521569025563897,Medium
8957.16,6.81,1.32,1.9,0.61,8.08,Rail,Rain,Automotive,Hamburg,Marseille,0,0.27752213298567174,Low
663.89,278.85,3.74,4.1,0.94,0.86,Sea,Clear,Electronics,Rotterdam,Shanghai,0,0.22955545798335833,Low
11916.89,331.1,3.59,1.7,0.74,27.01,Rail,Storm,Electronics,Dubai,Los Angeles,1,0.6290057056251078,High
4943.28,296.37,4.38,0.2,0.61,0.7,Air,Rain,Electronics,Los Angeles,Rotterdam,0,0.27142058937283636,Low
1083.74,368.4,4.27,2.1,0.52,0.5,Air,Fog,Pharmaceuticals,Singapore,Los Angeles,0,0.457095363587295,Medium
9031.11,286.1,3.72,5.4,0.84,1.7,Air,Storm,Perishables,Hamburg,Dubai,0,0.7861637739398957,High
6266.42,34.31,2.92,4.8,0.61,36.9,Road,Hurricane,Perishables,Rotterdam,Busan,1,0.9891149854686273,High
14620.11,59.11,1.87,5.0,1.0,203.76,Sea,Hurricane,Pharmaceuticals,Busan,Singapore,1,0.9999490730398345,High
8390.88,298.64,3.0,2.5,0.77,6.42,Rail,Clear,Pharmaceuticals,Los Angeles,Busan,0,0.22093690545780725,Low
4490.97,138.21,3.73,6.9,0.64,3.57,Rail,Clear,Pharmaceuticals,Shanghai,Marseille,1,0.534175898913814,Medium
10786.86,40.74,4.16,7.0,0.83,80.24,Rail,Hurricane,Textiles,Busan,Los Angeles,1,0.9982750721292368,High
4436.63,215.37,3.81,3.6,0.64,0.51,Air,Rain,Textiles,Shanghai,Hamburg,0,0.46943571160438674,Medium
13611.53,277.61,1.84,8.8,0.91,217.49,Sea,Hurricane,Automotive,Rotterdam,Marseille,1,0.9999836375827661,High
5933.47,165.04,3.18,6.4,0.65,14.34,Road,Storm,Perishables,Antwerp,Rotterdam,1,0.8512855954989903,High
8473.09,360.5,2.3,7.1,0.99,9.6,Road,Fog,Automotive,Dubai,Marseille,1,0.5276061661909281,Medium
1233.31,322.24,1.23,2.8,0.8,0.5,Air,Fog,Pharmaceuticals,Busan,Singapore,0,0.5034489577798393,Medium
6678.76,167.08,1.86,0.0,0.92,4.11,Road,Rain,Pharmaceuticals,Busan,Shanghai,0,0.1657230580066511,Low
12569.27,377.68,1.57,8.7,0.54,7.72,Air,Hurricane,Automotive,Rotterdam,Shanghai,1,0.9916799799843127,High
12181.91,324.7,3.98,8.2,0.67,71.95,Sea,Storm,Perishables,Dubai,Antwerp,0,0.9694252830466579,High
3752.62,319.09,2.05,1.2,0.87,5.7,Sea,Clear,Perishables,Dubai,Singapore,0,0.19032019319052593,Low
3778.15,277.16,2.14,3.7,0.83,6.93,Sea,Rain,Textiles,Busan,Rotterdam,0,0.2839079582983485,Low
12350.93,6.68,4.37,6.6,0.6,22.45,Sea,Clear,Perishables,Busan,Dubai,0,0.46521524046605256,Medium
13990.78,348.56,2.45,6.5,0.68,33.25,Road,Storm,Electronics,Busan,Dubai,1,0.8780201271735666,High
1882.73,188.64,1.23,8.6,0.63,4.77,Rail,Storm,Textiles,Hamburg,Singapore,1,0.9232736635425867,High
7025.85,471.36,2.14,1.4,0.81,0.5,Air,Rain,Textiles,Antwerp,Rotterdam,0,0.30116294381921643,Medium
5393.09,409.17,1.59,4.3,0.67,3.49,Air,Hurricane,Textiles,Singapore,Shanghai,1,0.9884741848292395,High
13124.98,294.26,1.54,1.0,0.66,22.85,Sea,Rain,Pharmaceuticals,Los Angeles,Marseille,0,0.23931564275464043,Low
1711.11,126.84,1.46,3.9,0.6,2.1,Sea,Clear,Pharmaceuticals,Los Angeles,Singapore,1,0.36226478571289705,Medium
3561.33,102.65,3.16,0.2,0.71,3.43,Rail,Fog,Pharmaceuticals,Los Angeles,Antwerp,0,0.2303152771112276,Low
11410.79,170.85,1.82,9.0,0.6,14.45,Road,Fog,Perishables,Busan,Singapore,1,0.7212764765682379,High
1243.76,238.81,2.39,5.3,0.98,7.62,Sea,Storm,Textiles,Los Angeles,Singapore,1,0.7715058961789647,High
7641.76,148.74,4.04,8.5,0.58,23.52,Rail,Storm,Textiles,Antwerp,Marseille,1,0.9422025090289702,High
6910.55,257.95,2.6,0.6,0.96,39.91,Rail,Hurricane,Perishables,Los Angeles,Shanghai,1,0.9781606725097683,High
5348.82,83.52,4.22,2.3,0.71,0.5,Air,Rain,Electronics,Hamburg,Los Angeles,1,0.3177552724405889,Medium
6221.3,488.88,2.84,2.6,0.69,0.97,Air,Clear,Automotive,Antwerp,Singapore,1,0.4053690884114201,Medium
8184.14,54.85,2.52,3.9,0.62,7.57,Rail,Rain,Textiles,Antwerp,Shanghai,1,0.4061640858952529,Medium
2839.83,466.04,3.68,8.0,0.82,4.68,Rail,Fog,Automotive,Rotterdam,Singapore,1,0.5701769461781665,Medium
8793.94,456.88,1.44,3.9,0.84,1.12,Air,Rain,Electronics,Dubai,Busan,0,0.3206081377986364,Medium
12178.77,263.15,1.5,2.0,0.73,11.91,Road,Fog,Perishables,Hamburg,Antwerp,0,0.2932418149721088,Low
11522.33,362.73,3.35,0.6,0.53,21.81,Road,Storm,Textiles,Shanghai,Hamburg,0,0.6797190367892856,High
2731.55,218.59,2.81,0.8,0.96,2.14,Rail,Rain,Electronics,Rotterdam,Antwerp,0,0.1398051291089063,Low
2664.12,315.39,3.81,7.6,0.99,19.79,Rail,Hurricane,Perishables,Shanghai,Busan,1,0.9876709909465394,High
4388.53,170.95,4.22,4.4,0.72,10.07,Road,Storm,Electronics,Hamburg,Los Angeles,0,0.7486219678158564,High
5735.58,151.28,2.48,7.3,0.81,16.25,Sea,Fog,Pharmaceuticals,Busan,Marseille,1,0.5843647164080752,Medium
6422.61,289.54,3.17,6.8,0.73,18.25,Sea,Fog,Automotive,Dubai,Hamburg,1,0.5297563101299886,Medium
10355.61,249.57,2.85,1.4,0.66,53.56,Road,Hurricane,Textiles,Los Angeles,Dubai,1,0.9911674832040221,High
1321.87,290.19,4.44,1.4,0.54,0.5,Air,Storm,Automotive,Singapore,Busan,0,0.7057320177164829,High
1002.75,144.04,3.94,7.6,0.73,0.5,Air,Storm,Perishables,Busan,Marseille,1,0.9130812857919434,High
6182.7,184.11,4.21,7.2,0.91,18.31,Sea,Fog,Automotive,Dubai,Rotterdam,1,0.4976729167517111,Medium
10608.87,42.87,2.04,3.8,0.51,7.84,Road,Clear,Perishables,Antwerp,Busan,1,0.3187534065668401,Medium
3304.81,27.09,3.75,0.8,0.79,3.23,Rail,Fog,Textiles,Busan,Dubai,1,0.25204543183322536,Low
9801.81,127.48,2.08,0.1,0.94,3.63,Air,Hurricane,Textiles,Busan,Los Angeles,1,0.9366034865142909,High
4267.51,38.05,1.89,2.9,0.61,1.77,Air,Hurricane,Textiles,Antwerp,Rotterdam,1,0.9820381394770972,High
13348.25,52.78,4.32,0.1,0.59,7.61,Road,Clear,Automotive,Antwerp,Hamburg,0,0.16017939938185952,Low
13487.5,406.65,1.26,2.3,0.89,13.55,Road,Fog,Perishables,Dubai,Rotterdam,0,0.24856843974634216,Low
4810.66,20.4,4.39,4.2,0.63,10.43,Road,Storm,Electronics,Busan,Antwerp,0,0.7720597383873022,High
3834.91,329.81,1.69,1.2,0.6,0.5,Air,Clear,Automotive,Dubai,Hamburg,0,0.33379899678473074,Medium
6463.91,137.01,3.9,1.0,0.69,31.96,Road,Hurricane,Textiles,Hamburg,Rotterdam,1,0.9829124629373492,High
3987.71,435.9,2.11,9.0,0.7,27.46,Road,Hurricane,Perishables,Antwerp,Dubai,1,0.9959937677994634,High
10249.57,243.01,2.36,5.9,0.94,8.17,Rail,Clear,Perishables,Singapore,Marseille,1,0.39363366351046053,Medium
12477.94,153.48,1.92,9.3,0.81,87.25,Road,Hurricane,Textiles,Rotterdam,Antwerp,1,0.9992023475431965,High
10259.84,259.3,3.13,3.5,0.7,5.6,Air,Hurricane,Automotive,Busan,Hamburg,1,0.9745561387178463,High
12453.08,191.6,2.35,6.8,0.77,0.5,Air,Clear,Textiles,Los Angeles,Rotterdam,0,0.5236183317296821,Medium
6256.39,282.59,3.37,2.0,0.98,6.4,Road,Fog,Perishables,Hamburg,Singapore,1,0.3035524028967021,Medium
2766.6,58.15,1.25,6.2,0.56,7.24,Sea,Fog,Pharmaceuticals,Shanghai,Busan,1,0.4482964007672786,Medium
11200.29,498.5,1.41,1.3,0.6,50.09,Sea,Storm,Textiles,Dubai,Antwerp,0,0.8211711849124934,High
5726.88,213.35,1.53,0.0,0.98,12.02,Rail,Storm,Pharmaceuticals,Shanghai,Los Angeles,0,0.42772217375953614,Medium
10233.43,174.77,2.58,9.3,0.98,21.04,Sea,Clear,Electronics,Hamburg,Antwerp,0,0.5655630461704946,Medium
4424.34,355.39,3.89,5.5,0.59,9.45,Sea,Rain,Textiles,Shanghai,Rotterdam,1,0.4239664953150497,Medium
1677.83,182.59,4.13,9.3,0.57,14.31,Rail,Hurricane,Perishables,Hamburg,Dubai,1,0.9949931597446424,High
14892.44,416.8,2.01,3.3,0.71,2.89,Air,Storm,Pharmaceuticals,Los Angeles,Marseille,1,0.7117397819200619,High
2764.92,227.68,3.1,3.3,0.53,5.39,Road,Storm,Pharmaceuticals,Shanghai,Antwerp,0,0.7434229826237415,High
14832.1,360.06,3.74,4.0,0.83,24.78,Sea,Clear,Perishables,Shanghai,Antwerp,0,0.276033902905981,Low
14670.56,54.62,2.15,7.1,0.54,82.52,Sea,Storm,Electronics,Shanghai,Antwerp,1,0.970816226629459,High
12010.36,423.21,2.55,5.7,0.53,85.68,Rail,Hurricane,Electronics,Dubai,Busan,1,0.9982492872024965,High
10061.63,368.12,2.93,9.3,0.74,12.05,Rail,Rain,Textiles,Singapore,Busan,0,0.6140106535523675,High
8878.2,106.65,1.65,0.3,0.98,37.12,Sea,Storm,Electronics,Los Angeles,Busan,1,0.5579922544423158,Medium
13058.47,73.5,1.29,7.1,0.71,29.57,Sea,Rain,Textiles,Dubai,Antwerp,0,0.5746860575357464,Medium
4696.87,158.83,1.7,3.3,0.68,7.63,Sea,Clear,Pharmaceuticals,Los Angeles,Busan,0,0.25180231446610063,Low
7281.38,488.06,3.27,1.8,1.0,1.15,Air,Fog,Perishables,Dubai,Marseille,0,0.3240425906372826,Medium
9481.15,129.16,1.44,5.1,0.77,21.04,Road,Storm,Electronics,Hamburg,Dubai,1,0.8138303857738141,High
6462.26,228.61,1.83,5.1,0.69,2.38,Air,Hurricane,Perishables,Hamburg,Dubai,1,0.9851781431277402,High
6698.55,15.98,2.31,1.4,0.69,2.8,Air,Hurricane,Perishables,Hamburg,Antwerp,1,0.9687281409834635,High
5289.13,199.22,1.46,2.0,0.6,8.89,Sea,Rain,Pharmaceuticals,Los Angeles,Rotterdam,1,0.23484076212990307,Low
8681.36,286.09,1.83,4.1,0.76,58.28,Rail,Hurricane,Electronics,Rotterdam,Los Angeles,1,0.9913468842247417,High
12833.33,476.61,4.21,4.1,0.72,0.5,Air,Rain,Electronics,Hamburg,Los Angeles,0,0.3163787816757379,Medium
3422.16,258.85,1.26,3.2,0.64,21.54,Rail,Hurricane,Perishables,Singapore,Los Angeles,1,0.9802649068317868,High
14049.28,409.73,3.36,1.5,0.58,26.77,Road,Storm,Automotive,Hamburg,Los Angeles,0,0.6603668777710334,High
10491.77,274.02,2.47,0.0,0.66,5.15,Air,Hurricane,Automotive,Hamburg,Los Angeles,1,0.9436293948791974,High
12437.46,21.35,3.42,9.7,0.75,37.94,Sea,Fog,Automotive,Dubai,Marseille,1,0.7776727608345184,High
8564.77,158.19,3.14,9.4,0.53,22.52,Road,Storm,Perishables,Antwerp,Busan,1,0.9260914053450362,High
11802.99,288.2,1.94,4.8,0.58,30.83,Sea,Fog,Textiles,Antwerp,Marseille,0,0.6027550483782306,High
734.91,475.35,4.0,10.0,0.97,1.89,Rail,Fog,Perishables,Singapore,Dubai,0,0.6638285225097416,High
12366.52,429.71,2.82,6.7,0.77,1.68,Air,Fog,Automotive,Busan,Hamburg,0,0.5137240314552668,Medium
1082.01,114.95,3.91,0.7,0.53,5.21,Sea,Storm,Automotive,Rotterdam,Los Angeles,1,0.43013006727881137,Medium
13403.74,110.83,2.54,1.2,0.85,1.54,Air,Fog,Perishables,Antwerp,Marseille,0,0.26298832453565385,Low
14883.46,101.39,4.45,9.2,0.53,38.15,Road,Storm,Textiles,Los Angeles,Rotterdam,1,0.9540669888789113,High
4763.98,461.33,3.74,6.3,0.87,69.79,Sea,Hurricane,Perishables,Los Angeles,Busan,1,0.9966068682057377,High
3549.62,426.48,4.39,8.4,0.88,3.43,Road,Clear,Automotive,Los Angeles,Shanghai,0,0.5890273554822548,Medium
11597.77,387.67,2.9,9.0,0.83,0.83,Air,Fog,Automotive,Busan,Marseille,0,0.6589656369246761,High
4168.88,196.97,2.76,4.5,0.87,6.8,Sea,Clear,Automotive,Los Angeles,Hamburg,1,0.2828850429508357,Low
13050.65,252.69,3.69,0.5,0.54,1.69,Air,Storm,Perishables,Busan,Antwerp,0,0.5673538727573479,Medium
1991.22,232.7,4.1,1.9,0.86,9.46,Sea,Storm,Automotive,Busan,Singapore,1,0.5846018638766854,Medium
2326.35,127.45,4.38,0.7,0.57,0.5,Air,Storm,Electronics,Dubai,Los Angeles,1,0.650776591514213,High
14697.7,253.01,2.27,1.9,0.67,76.43,Road,Hurricane,Pharmaceuticals,Shanghai,Los Angeles,1,0.9932924244125764,High
10270.66,16.22,3.84,4.1,0.97,25.15,Rail,Storm,Automotive,Dubai,Marseille,0,0.7567062413128015,High
12779.86,66.77,1.9,1.2,0.75,11.25,Rail,Rain,Perishables,Los Angeles,Rotterdam,0,0.17692877284551883,Low
5202.78,443.41,3.0,1.7,0.98,0.6,Air,Storm,Perishables,Antwerp,Marseille,0,0.6638046946003994,High
10309.01,376.09,1.79,4.5,0.54,9.13,Road,Rain,Automotive,Antwerp,Marseille,1,0.42486747472732905,Medium
9116.51,212.01,2.35,3.4,0.74,0.5,Air,Fog,Electronics,Los Angeles,Rotterdam,0,0.3861061365523715,Medium
9245.68,259.06,4.27,4.7,0.53,126.84,Sea,Hurricane,Electronics,Busan,Marseille,1,0.9995636781768608,High
10396.72,185.63,1.68,4.3,0.82,0.77,Air,Fog,Electronics,Busan,Singapore,0,0.44460183164386435,Medium
8842.71,370.65,3.29,6.4,0.54,9.81,Road,Fog,Perishables,Singapore,Los Angeles,1,0.530168386340282,Medium
6721.4,392.31,3.16,9.4,0.59,0.5,Air,Clear,Textiles,Dubai,Antwerp,0,0.7620617283296517,High
4500.88,381.88,1.6,1.1,0.63,9.29,Rail,Storm,Perishables,Rotterdam,Marseille,1,0.5989378722574428,Medium
11644.43,361.58,2.28,1.0,0.87,0.85,Air,Fog,Automotive,Rotterdam,Hamburg,0,0.18833068153990204,Low
3780.95,103.05,3.06,8.5,0.58,30.02,Rail,Hurricane,Textiles,Hamburg,Rotterdam,1,0.9967573526823981,High
10539.14,169.65,1.82,5.1,0.92,11.14,Rail,Rain,Perishables,Singapore,Antwerp,0,0.3365982734962387,Medium
3883.33,235.45,3.84,7.7,0.57,0.5,Air,Rain,Textiles,Busan,Los Angeles,0,0.6726961940644611,High
9567.29,166.07,4.41,2.2,0.52,0.5,Air,Clear,Pharmaceuticals,Dubai,Rotterdam,0,0.3360002165704845,Medium
11332.63,377.72,1.91,8.3,0.7,7.21,Air,Hurricane,Automotive,Dubai,Antwerp,1,0.9910504236930522,High
3671.35,165.35,1.82,9.2,0.99,0.62,Air,Storm,Electronics,Los Angeles,Dubai,1,0.8969781448756159,High
1369.18,69.98,2.7,6.4,0.56,0.98,Air,Hurricane,Automotive,Antwerp,Busan,1,0.9896594853880856,High
2399.12,200.12,3.67,1.1,0.55,1.42,Road,Clear,Electronics,Antwerp,Los Angeles,0,0.23485772881187014,Low
9286.96,489.98,2.13,9.0,0.88,1.24,Air,Fog,Perishables,Antwerp,Rotterdam,1,0.6511664402776087,High
12816.97,113.71,1.27,7.9,0.66,1.29,Air,Fog,Perishables,Hamburg,Busan,1,0.5818046119189162,Medium
1152.45,306.47,2.99,7.5,0.86,0.5,Air,Rain,Automotive,Dubai,Marseille,0,0.6624441699456124,High
11145.19,217.05,4.36,0.4,0.6,47.29,Sea,Storm,Automotive,Singapore,Marseille,1,0.7631906111758381,High
5449.12,36.44,2.49,8.0,0.73,5.7,Rail,Clear,Automotive,Singapore,Shanghai,1,0.5713221021499433,Medium
7438.66,244.45,2.59,1.4,0.63,16.16,Rail,Storm,Electronics,Rotterdam,Shanghai,1,0.6207209132728894,High
13968.46,351.38,4.4,2.2,0.73,10.2,Road,Rain,Pharmaceuticals,Rotterdam,Shanghai,1,0.20751889376672608,Low
5313.59,257.1,3.49,5.8,0.89,0.58,Air,Storm,Pharmaceuticals,Dubai,Singapore,1,0.8421505515822755,High
7247.39,436.18,3.57,2.6,0.88,46.13,Rail,Hurricane,Automotive,Antwerp,Singapore,1,0.9892678226049468,High
698.4,145.18,3.06,6.6,0.76,0.5,Air,Fog,Automotive,Antwerp,Singapore,0,0.6959700708829467,High
1683.18,44.04,4.42,6.1,0.96,0.5,Air,Fog,Automotive,Los Angeles,Dubai,0,0.5681716730854203,Medium
4249.58,468.35,3.47,1.1,0.63,0.5,Air,Clear,Electronics,Antwerp,Shanghai,0,0.3565092736476102,Medium
903.86,189.72,4.15,6.6,0.62,0.75,Road,Clear,Textiles,Shanghai,Dubai,1,0.5630328999645113,Medium
9654.94,288.63,3.51,9.2,0.81,7.89,Road,Clear,Textiles,Antwerp,Dubai,1,0.6242780586843356,High
6682.78,396.21,3.63,1.6,0.81,9.59,Sea,Clear,Textiles,Los Angeles,Marseille,0,0.24582126739765245,Low
8448.11,162.83,2.16,6.0,0.52,7.42,Rail,Clear,Perishables,Busan,Rotterdam,1,0.44784238675849475,Medium
3032.38,358.37,2.2,3.4,0.8,15.02,Sea,Storm,Automotive,Shanghai,Los Angeles,1,0.6116658301725206,High
4791.01,68.57,3.78,4.6,0.69,10.8,Road,Storm,Electronics,Dubai,Hamburg,0,0.7812328843276931,High
10125.45,146.36,2.18,2.9,0.87,10.63,Road,Fog,Pharmaceuticals,Busan,Shanghai,1,0.3303476240948946,Medium
14496.89,73.21,3.06,3.5,0.9,34.76,Sea,Fog,Pharmaceuticals,Hamburg,Dubai,0,0.3862172283430999,Medium
1231.04,405.8,2.02,0.3,0.78,2.08,Sea,Rain,Pharmaceuticals,Shanghai,Dubai,0,0.14020032549431868,Low
13410.57,112.1,3.9,9.8,0.5,35.6,Road,Storm,Textiles,Rotterdam,Busan,1,0.9425276097671853,High
8864.78,358.98,1.56,6.2,0.82,128.5,Sea,Hurricane,Perishables,Shanghai,Busan,1,0.9994419184921423,High
8676.83,471.71,3.94,5.0,0.87,1.7,Air,Storm,Textiles,Rotterdam,Dubai,1,0.7515282804729866,High
7754.04,264.36,3.19,3.8,0.62,6.48,Road,Rain,Perishables,Singapore,Rotterdam,1,0.34578032639591877,Medium
1506.21,270.47,1.82,5.4,0.73,1.39,Road,Clear,Electronics,Busan,Hamburg,0,0.44201074629334913,Medium
1803.21,231.06,2.99,3.8,0.98,8.98,Sea,Storm,Textiles,Singapore,Hamburg,0,0.6767047616678799,High
9213.22,163.62,2.13,3.6,0.65,4.25,Air,Hurricane,Pharmaceuticals,Rotterdam,Shanghai,1,0.9762564187012952,High
5443.9,238.35,2.27,4.6,0.61,0.99,Air,Fog,Automotive,Los Angeles,Rotterdam,0,0.5241127068442956,Medium
13800.39,301.8,2.36,2.8,0.61,10.11,Road,Rain,Perishables,Shanghai,Rotterdam,0,0.24217439817778097,Low
6395.56,493.01,1.41,1.8,0.78,11.59,Sea,Rain,Electronics,Antwerp,Rotterdam,0,0.19599176335165722,Low
2577.58,468.94,4.45,5.6,0.98,12.85,Sea,Storm,Electronics,Hamburg,Antwerp,1,0.7446867986463503,High
10863.42,431.21,1.3,8.4,0.8,63.88,Sea,Storm,Perishables,Los Angeles,Shanghai,1,0.9646009182265549,High
4753.62,444.68,3.39,1.5,0.65,4.83,Road,Fog,Electronics,Los Angeles,Antwerp,1,0.3069351920113534,Medium
8119.32,234.46,2.43,0.3,0.82,91.05,Sea,Hurricane,Pharmaceuticals,Hamburg,Rotterdam,1,0.9946858370753062,High
10618.58,329.06,3.33,2.5,0.81,1.15,Air,Storm,Perishables,Shanghai,Busan,1,0.5786889575237404,Medium
13553.83,447.64,2.38,9.8,0.8,19.22,Road,Fog,Pharmaceuticals,Busan,Hamburg,0,0.7017502904454604,High
11986.77,197.08,3.42,8.3,0.58,69.96,Sea,Storm,Electronics,Singapore,Los Angeles,1,0.9656770767686605,High
10307.24,480.92,3.61,6.0,0.82,10.12,Rail,Clear,Textiles,Dubai,Shanghai,0,0.47174684413109746,Medium
10354.68,208.48,3.48,9.3,0.72,0.86,Air,Rain,Automotive,Singapore,Rotterdam,0,0.6317815486791607,High
14215.91,300.94,1.58,4.5,0.51,2.45,Air,Storm,Automotive,Rotterdam,Busan,1,0.6656136199347874,High
4789.45,355.19,3.37,9.8,0.77,30.05,Sea,Storm,Pharmaceuticals,Dubai,Shanghai,1,0.9398771837035589,High
516.13,475.35,2.12,3.0,1.0,1.2,Road,Fog,Pharmaceuticals,Antwerp,Singapore,1,0.3730696671612546,Medium
4443.34,123.06,1.3,2.4,0.68,8.31,Road,Storm,Textiles,Antwerp,Rotterdam,0,0.7147587035718086,High
3659.43,373.32,2.57,6.4,0.98,3.1,Rail,Clear,Perishables,Rotterdam,Antwerp,1,0.353098859296128,Medium
10096.6,260.89,2.63,3.8,0.55,12.93,Rail,Fog,Electronics,Shanghai,Busan,0,0.34968031099168034,Medium
9688.82,135.01,2.74,6.3,0.87,60.73,Road,Hurricane,Pharmaceuticals,Rotterdam,Antwerp,1,0.9958550222784995,High
9105.19,388.53,3.53,3.0,0.56,19.29,Road,Storm,Electronics,Antwerp,Busan,1,0.7285568114233685,High
735.53,276.56,2.22,6.2,0.64,0.5,Air,Storm,Automotive,Busan,Rotterdam,1,0.8707117086115049,High
11067.28,330.83,2.24,2.8,0.79,14.02,Rail,Fog,Electronics,Shanghai,Singapore,0,0.328385698868694,Medium
5191.19,162.13,1.4,0.5,0.8,3.89,Road,Rain,Textiles,Antwerp,Dubai,1,0.2174798707994899,Low
10143.31,241.16,3.47,9.1,0.89,82.16,Rail,Hurricane,Textiles,Los Angeles,Busan,1,0.999016018562014,High
8570.39,309.06,3.07,8.8,0.81,2.09,Air,Storm,Textiles,Rotterdam,Marseille,1,0.8981995847494041,High
5469.6,203.05,2.35,9.7,0.8,0.5,Air,Rain,Pharmaceuticals,Los Angeles,Busan,0,0.6795177110444127,High
2451.36,99.99,3.53,7.2,0.96,0.63,Air,Rain,Electronics,Hamburg,Singapore,0,0.6389885013684001,High
1869.07,480.86,2.97,6.8,0.73,0.5,Air,Rain,Textiles,Antwerp,Busan,0,0.6313006297384322,High
12557.02,256.22,2.75,5.6,0.61,7.09,Air,Hurricane,Automotive,Busan,Dubai,1,0.9834844684666193,High
13816.76,367.23,2.89,1.3,0.58,2.77,Air,Storm,Electronics,Rotterdam,Dubai,0,0.5386558882602779,Medium
9921.93,206.11,3.3,1.9,0.7,1.91,Air,Storm,Pharmaceuticals,Hamburg,Shanghai,1,0.6964446885551975,High
1999.79,178.21,3.38,2.9,0.86,9.79,Sea,Storm,Automotive,Los Angeles,Dubai,0,0.5999822805298486,Medium
6329.39,204.17,2.15,8.9,0.52,101.12,Sea,Hurricane,Textiles,Busan,Shanghai,1,0.9996772573607645,High
11069.62,205.19,1.66,1.7,0.57,8.08,Rail,Clear,Electronics,Hamburg,Rotterdam,0,0.230059985406767,Low
11807.4,272.55,1.72,9.2,0.55,96.29,Rail,Hurricane,Textiles,Los Angeles,Rotterdam,1,0.9995976981395006,High
2214.17,272.19,3.31,5.2,0.79,1.15,Air,Storm,Perishables,Singapore,Hamburg,1,0.8380054533067997,High
500.45,249.08,4.08,7.2,0.62,0.5,Rail,Fog,Electronics,Rotterdam,Antwerp,1,0.5325686045773901,Medium
10825.99,68.26,2.55,1.1,0.58,4.48,Air,Hurricane,Textiles,Busan,Rotterdam,1,0.9663708295605794,High
5670.64,248.54,1.76,2.7,0.8,1.02,Air,Storm,Perishables,Shanghai,Marseille,1,0.7239618813193567,High
4189.98,85.38,3.7,9.6,0.88,0.5,Air,Fog,Textiles,Antwerp,Los Angeles,1,0.7377529508553826,High
687.01,63.94,3.95,2.7,0.67,1.21,Rail,Storm,Perishables,Los Angeles,Dubai,1,0.6615091870903345,High
8334.34,466.39,4.11,3.0,0.79,45.81,Road,Hurricane,Textiles,Dubai,Hamburg,1,0.9915844079545747,High
12841.69,302.87,3.2,2.0,0.55,20.39,Sea,Clear,Perishables,Busan,Shanghai,0,0.2658545909880038,Low
14385.66,330.09,4.04,1.3,0.97,12.66,Road,Fog,Pharmaceuticals,Busan,Dubai,0,0.191923077557156,Low
8703.3,201.5,1.25,2.3,0.67,0.67,Air,Fog,Automotive,Busan,Marseille,0,0.3832347561610743,Medium
7959.69,454.58,1.55,6.4,1.0,7.53,Rail,Clear,Automotive,Singapore,Marseille,1,0.42126234875841345,Medium
1733.32,319.33,1.51,4.6,0.99,0.52,Air,Rain,Pharmaceuticals,Shanghai,Antwerp,0,0.44264591270429693,Medium
8458.66,384.82,3.55,5.5,0.89,60.16,Rail,Hurricane,Textiles,Hamburg,Rotterdam,1,0.9964239872072437,High
6009.7,184.91,1.43,1.2,0.51,27.45,Sea,Storm,Automotive,Busan,Dubai,0,0.6795948840163737,High
9303.46,480.05,2.84,8.0,0.77,7.77,Road,Clear,Electronics,Dubai,Hamburg,0,0.5302976499010268,Medium
6136.53,410.41,2.76,7.8,0.54,1.19,Air,Rain,Pharmaceuticals,Hamburg,Los Angeles,1,0.651710359477511,High
3984.34,427.12,2.23,0.2,0.95,3.27,Road,Fog,Automotive,Antwerp,Hamburg,0,0.1894045084725489,Low
1877.0,86.92,4.07,3.8,0.9,0.5,Air,Rain,Perishables,Rotterdam,Singapore,0,0.4100143365067823,Medium
5066.32,136.21,1.76,0.7,0.99,8.13,Sea,Rain,Textiles,Antwerp,Busan,1,0.13681546463956462,Low
1901.35,143.53,2.36,7.9,0.8,4.87,Sea,Rain,Automotive,Los Angeles,Dubai,1,0.46418922522858697,Medium
3065.01,136.18,3.75,7.4,0.76,17.42,Sea,Storm,Textiles,Rotterdam,Marseille,1,0.8633431101796777,High
14816.37,427.85,1.3,9.0,0.76,22.57,Rail,Fog,Electronics,Antwerp,Singapore,1,0.6978909493777236,High
6939.5,16.91,3.42,2.4,0.69,4.46,Road,Clear,Automotive,Busan,Los Angeles,0,0.222837456516524,Low
8212.14,38.97,3.89,4.6,0.73,18.3,Road,Storm,Automotive,Antwerp,Hamburg,0,0.7858266872175536,High
13167.47,137.68,4.28,1.8,0.82,10.19,Rail,Clear,Electronics,Rotterdam,Hamburg,0,0.15159969006843207,Low
14935.75,100.74,4.09,3.7,0.97,36.39,Sea,Fog,Perishables,Shanghai,Busan,1,0.31265299119005563,Medium
8949.36,116.7,2.25,5.2,0.8,0.5,Air,Clear,Pharmaceuticals,Antwerp,Marseille,0,0.4884546469181913,Medium
12280.87,399.17,3.14,0.5,0.93,52.52,Sea,Storm,Automotive,Singapore,Dubai,0,0.695364797043672,High
5240.64,282.0,1.46,7.1,0.93,6.68,Road,Fog,Perishables,Los Angeles,Singapore,1,0.5825899166222144,Medium
4933.29,3.88,2.05,5.4,0.76,35.78,Rail,Hurricane,Perishables,Rotterdam,Hamburg,1,0.9899764130279176,High
6339.2,215.23,1.51,8.3,0.67,0.85,Air,Fog,Automotive,Hamburg,Busan,0,0.6670049923483038,High
10251.36,204.53,2.24,2.7,0.82,8.59,Rail,Clear,Textiles,Hamburg,Shanghai,0,0.30872460423316006,Medium
10391.78,57.86,4.09,9.0,0.72,62.05,Sea,Storm,Electronics,Shanghai,Dubai,1,0.9606088353960077,High
5070.97,338.39,2.35,10.0,0.54,8.93,Rail,Fog,Textiles,Los Angeles,Singapore,1,0.8180661267058406,High
2431.54,351.35,3.05,9.2,0.69,1.78,Air,Hurricane,Automotive,Busan,Rotterdam,1,0.9939968737216286,High
9669.75,360.73,2.63,7.8,1.0,27.96,Sea,Fog,Perishables,Antwerp,Singapore,0,0.6220579155878182,High
2360.73,364.51,2.71,8.1,0.52,5.45,Sea,Rain,Pharmaceuticals,Shanghai,Singapore,1,0.5912878308247372,Medium
8888.14,1.03,4.4,5.7,0.85,1.23,Air,Storm,Textiles,Dubai,Hamburg,1,0.8140390036666697,High
10554.62,477.01,2.18,1.9,0.92,6.47,Road,Clear,Automotive,Shanghai,Antwerp,0,0.17745314854866714,Low
10658.87,407.29,3.27,6.8,0.82,6.9,Air,Hurricane,Electronics,Shanghai,Los Angeles,1,0.9831786986092652,High
11425.35,452.09,2.59,7.1,0.79,27.18,Road,Storm,Automotive,Dubai,Busan,1,0.8523477525250702,High
13156.46,8.81,1.4,9.9,0.85,81.32,Sea,Storm,Textiles,Antwerp,Marseille,1,0.9863669431507989,High
7749.41,467.0,2.81,5.4,0.72,54.35,Rail,Hurricane,Textiles,Busan,Antwerp,1,0.9962233186177638,High
11088.61,405.08,3.88,2.7,0.55,21.89,Road,Storm,Electronics,Rotterdam,Singapore,1,0.7379104150380132,High
9478.0,418.77,1.53,6.8,0.98,0.67,Air,Clear,Pharmaceuticals,Hamburg,Marseille,1,0.5430359243407398,Medium
3206.28,47.55,1.43,9.8,0.72,23.29,Road,Hurricane,Perishables,Los Angeles,Antwerp,1,0.9962929509452375,High
872.5,369.65,1.71,1.8,0.83,0.5,Rail,Rain,Electronics,Singapore,Dubai,0,0.23182153173432654,Low
4625.85,480.0,3.72,3.3,0.77,4.12,Road,Fog,Pharmaceuticals,Busan,Dubai,0,0.35535792429847296,Medium
6923.99,339.6,3.59,5.4,0.53,36.81,Sea,Storm,Textiles,Singapore,Antwerp,1,0.9045874915550868,High
9448.04,285.71,3.06,1.7,0.98,21.33,Rail,Storm,Automotive,Shanghai,Antwerp,0,0.5774868380441012,Medium
12824.41,472.87,2.75,0.2,0.9,14.01,Rail,Fog,Automotive,Busan,Dubai,0,0.15996370161964227,Low
3345.56,222.03,4.13,3.4,0.58,2.1,Road,Clear,Pharmaceuticals,Antwerp,Rotterdam,0,0.36369987383035335,Medium
2320.47,300.05,3.73,8.7,0.99,4.49,Sea,Clear,Electronics,Dubai,Marseille,0,0.5091424600794365,Medium
14470.46,238.69,3.88,0.4,0.87,15.33,Rail,Fog,Pharmaceuticals,Antwerp,Hamburg,0,0.18342387061528512,Low
2066.65,466.49,3.88,4.3,0.74,1.79,Rail,Clear,Electronics,Los Angeles,Marseille,1,0.4048722978595138,Medium
7438.12,38.97,3.32,7.6,0.81,8.36,Rail,Rain,Automotive,Antwerp,Busan,0,0.44163696029110494,Medium
8990.67,251.06,2.71,9.5,0.55,147.23,Sea,Hurricane,Textiles,Singapore,Hamburg,1,0.9999313968887903,High
8349.93,343.79,4.05,9.9,0.78,0.5,Air,Fog,Textiles,Singapore,Hamburg,1,0.7666679845293384,High
1747.47,396.16,4.26,4.2,0.54,2.66,Sea,Clear,Pharmaceuticals,Hamburg,Shanghai,1,0.3909013861419386,Medium
1326.89,291.93,1.28,9.5,0.77,1.72,Rail,Clear,Automotive,Shanghai,Busan,0,0.5645370607091589,Medium
2029.51,454.55,1.37,0.4,0.78,3.29,Sea,Clear,Textiles,Rotterdam,Shanghai,0,0.1652498603584591,Low
8991.02,471.05,4.36,7.5,0.94,10.79,Road,Fog,Automotive,Dubai,Marseille,0,0.5645543705957227,Medium
8393.0,33.1,2.11,6.4,0.86,23.75,Rail,Storm,Textiles,Busan,Shanghai,1,0.8767593265675301,High
3889.24,201.78,4.08,2.5,0.63,48.59,Sea,Hurricane,Electronics,Busan,Singapore,1,0.9907733941627307,High
9747.73,12.71,2.48,5.1,0.94,16.3,Sea,Clear,Perishables,Busan,Rotterdam,0,0.2917025424767774,Low
12390.98,165.38,1.59,1.3,0.79,8.34,Rail,Clear,Pharmaceuticals,Shanghai,Marseille,1,0.1901606569023387,Low
1102.89,268.9,1.47,8.7,0.8,1.71,Rail,Clear,Automotive,Shanghai,Los Angeles,0,0.5153359484020471,Medium
7722.88,455.49,1.72,3.6,0.58,7.94,Road,Fog,Pharmaceuticals,Los Angeles,Shanghai,0,0.4544044952268412,Medium
10495.0,423.43,2.02,6.3,0.93,8.96,Rail,Clear,Electronics,Busan,Rotterdam,1,0.35653101956852107,Medium
4158.52,64.62,2.81,1.6,0.97,8.22,Sea,Fog,Pharmaceuticals,Rotterdam,Dubai,0,0.16326395909985406,Low
4962.68,47.42,3.51,2.1,0.89,11.21,Sea,Fog,Electronics,Busan,Shanghai,1,0.2518352265333111,Low
9397.75,295.04,4.46,9.9,0.97,67.15,Road,Hurricane,Textiles,Hamburg,Rotterdam,1,0.9988808283445292,High
13520.06,266.53,2.66,7.5,0.65,2.56,Air,Storm,Perishables,Rotterdam,Los Angeles,1,0.7805750588217412,High
12243.9,133.92,2.91,9.6,0.93,100.21,Rail,Hurricane,Perishables,Rotterdam,Shanghai,1,0.9993667850727697,High
8955.39,449.83,2.92,3.0,0.74,5.84,Road,Clear,Perishables,Singapore,Shanghai,0,0.3093001277845973,Medium
11088.21,463.76,2.98,1.6,0.58,11.34,Road,Fog,Automotive,Shanghai,Singapore,1,0.3116993777876568,Medium
5789.93,201.9,2.91,5.0,0.83,39.56,Rail,Hurricane,Textiles,Rotterdam,Singapore,1,0.9926983232245102,High
9794.0,445.26,1.23,4.9,0.84,0.63,Air,Fog,Perishables,Hamburg,Dubai,0,0.45453643568856344,Medium
7259.63,192.59,1.21,1.7,0.64,88.32,Sea,Hurricane,Perishables,Shanghai,Marseille,1,0.996591799467907,High
3254.07,368.67,1.52,7.3,0.51,3.42,Road,Rain,Automotive,Antwerp,Rotterdam,1,0.5710747107449451,Medium
10675.2,238.5,1.54,3.6,0.6,140.16,Sea,Hurricane,Textiles,Rotterdam,Busan,1,0.9994454674869608,High
8568.74,62.17,3.53,1.9,0.7,1.14,Air,Storm,Automotive,Shanghai,Dubai,0,0.6212418393915585,High
5700.01,464.04,1.88,3.3,0.58,27.71,Sea,Storm,Electronics,Singapore,Shanghai,1,0.8033463548766033,High
13714.42,227.59,4.15,5.6,0.6,11.94,Rail,Clear,Automotive,Hamburg,Shanghai,0,0.43047294707461264,Medium
803.54,367.51,4.26,7.3,0.7,0.5,Air,Fog,Electronics,Rotterdam,Singapore,0,0.6964247263858797,High
5078.71,184.22,4.42,4.8,0.98,3.96,Road,Rain,Textiles,Busan,Rotterdam,1,0.35680219688912534,Medium
1324.78,10.42,4.3,5.3,0.88,0.5,Air,Clear,Perishables,Dubai,Los Angeles,1,0.4732107302355538,Medium
11614.65,51.16,2.1,1.4,0.66,51.73,Sea,Storm,Automotive,Rotterdam,Shanghai,0,0.7590153721154609,High
10680.56,248.61,2.88,9.1,0.98,173.1,Sea,Hurricane,Textiles,Los Angeles,Rotterdam,1,0.9999480761414287,High
5304.61,345.29,1.78,9.3,0.82,5.62,Road,Rain,Pharmaceuticals,Singapore,Shanghai,0,0.6594136780881844,High
10297.11,168.03,3.86,6.8,0.73,153.73,Sea,Hurricane,Pharmaceuticals,Los Angeles,Shanghai,1,0.9998706015123235,High
6241.09,348.05,4.13,0.2,0.73,2.5,Air,Hurricane,Electronics,Busan,Singapore,1,0.962182271097975,High
11465.68,349.62,4.01,5.4,0.71,30.06,Sea,Fog,Textiles,Singapore,Antwerp,1,0.5698547409388146,Medium
7085.66,352.26,2.63,6.3,0.62,0.5,Air,Fog,Textiles,Shanghai,Los Angeles,1,0.587113607262098,Medium
6478.06,246.77,3.7,9.9,0.69,9.4,Rail,Fog,Pharmaceuticals,Antwerp,Los Angeles,1,0.6774315553088092,High
14053.58,457.53,1.52,10.0,0.76,34.53,Sea,Rain,Textiles,Hamburg,Singapore,1,0.7792695945606388,High
4137.75,245.11,1.33,8.6,0.76,0.74,Air,Storm,Automotive,Busan,Shanghai,1,0.908787169782065,High
2246.49,225.68,3.69,0.6,0.88,0.5,Air,Rain,Textiles,Singapore,Antwerp,1,0.3193125298680877,Medium
8975.88,100.49,2.6,9.5,0.68,11.14,Road,Fog,Perishables,Singapore,Dubai,1,0.6976226873462286,High
14555.17,154.52,4.49,6.1,0.86,17.5,Road,Fog,Textiles,Singapore,Los Angeles,1,0.4748581345135541,Medium
5978.67,22.12,1.52,8.0,0.79,6.09,Road,Rain,Automotive,Antwerp,Busan,0,0.49408728093784654,Medium
1399.53,317.13,4.02,4.1,0.98,2.78,Road,Storm,Electronics,Los Angeles,Marseille,1,0.7280654712990942,High
5419.93,125.02,2.78,3.2,0.69,12.36,Road,Storm,Textiles,Los Angeles,Busan,1,0.7424945944094796,High
7836.01,152.77,3.93,4.6,0.95,106.41,Sea,Hurricane,Perishables,Dubai,Rotterdam,1,0.9984506419220011,High
2847.88,385.64,3.9,1.5,0.91,15.05,Road,Hurricane,Pharmaceuticals,Los Angeles,Busan,1,0.9619304207238133,High
10042.48,164.28,4.22,3.6,0.82,0.87,Air,Fog,Pharmaceuticals,Los Angeles,Hamburg,1,0.39184848715357185,Medium
14967.37,121.86,2.18,8.6,0.83,30.09,Sea,Clear,Pharmaceuticals,Shanghai,Singapore,1,0.6010627795913357,High
7050.22,85.36,4.33,0.4,0.54,0.62,Air,Fog,Pharmaceuticals,Singapore,Busan,0,0.29465743762633834,Low
5643.56,387.65,1.7,1.5,0.98,2.68,Road,Clear,Perishables,Antwerp,Rotterdam,0,0.18530100864307986,Low
6310.21,65.72,1.47,1.3,0.55,6.03,Road,Fog,Electronics,Singapore,Marseille,0,0.34205037093267027,Medium
2169.62,227.42,2.62,4.0,0.78,2.03,Road,Rain,Automotive,Singapore,Shanghai,1,0.38007062576757267,Medium
13307.47,253.96,3.93,10.0,0.67,0.5,Air,Rain,Textiles,Dubai,Rotterdam,1,0.6824283009858959,High
6514.97,344.01,2.76,1.7,0.72,79.64,Sea,Hurricane,Perishables,Los Angeles,Marseille,1,0.9956572463218083,High
6115.48,317.01,3.94,1.5,0.81,2.89,Air,Hurricane,Textiles,Shanghai,Hamburg,1,0.9683971929855081,High
10065.51,405.55,3.61,9.2,0.95,1.25,Air,Rain,Automotive,Los Angeles,Rotterdam,0,0.580938986450113,Medium
6909.48,23.33,1.89,8.8,0.73,17.2,Road,Storm,Pharmaceuticals,Shanghai,Los Angeles,1,0.8858618205934123,High
9899.39,148.92,4.33,0.3,0.99,6.33,Road,Clear,Perishables,Rotterdam,Shanghai,0,0.12607730347262947,Low
1390.97,140.79,1.4,7.5,0.8,3.73,Sea,Rain,Perishables,Rotterdam,Shanghai,0,0.4231597873693064,Medium
12298.99,73.86,4.16,6.6,0.58,11.79,Road,Rain,Perishables,Singapore,Los Angeles,0,0.4507624001261782,Medium
14137.31,145.3,2.2,7.7,0.6,40.75,Rail,Storm,Automotive,Antwerp,Rotterdam,1,0.9188911413433087,High
9907.1,155.57,2.85,4.9,0.86,6.91,Road,Clear,Textiles,Shanghai,Dubai,0,0.35457656734259746,Medium
14341.21,261.42,2.59,9.9,0.53,15.21,Road,Rain,Pharmaceuticals,Dubai,Los Angeles,0,0.6416668470923927,High
2695.77,332.19,1.77,0.4,0.74,15.05,Rail,Hurricane,Electronics,Dubai,Rotterdam,1,0.957044430746065,High
7422.53,191.17,2.38,2.3,0.57,0.72,Air,Clear,Perishables,Los Angeles,Antwerp,1,0.37014084359879074,Medium
9226.2,360.02,1.84,4.0,0.72,0.5,Air,Clear,Pharmaceuticals,Los Angeles,Hamburg,0,0.4071522114094753,Medium
8935.18,168.75,1.87,4.5,0.88,23.08,Rail,Storm,Electronics,Antwerp,Marseille,1,0.7970221297718906,High
6321.2,145.85,1.82,9.2,0.73,0.5,Air,Rain,Perishables,Antwerp,Hamburg,1,0.686303148392744,High
5402.22,271.05,2.81,5.6,0.58,9.47,Sea,Clear,Perishables,Shanghai,Los Angeles,0,0.34933712571400855,Medium
2338.95,12.83,3.83,0.5,0.63,26.88,Sea,Hurricane,Pharmaceuticals,Los Angeles,Antwerp,1,0.9699177520145681,High
6180.27,40.81,3.08,4.1,0.68,6.29,Road,Fog,Textiles,Los Angeles,Hamburg,0,0.4655580195091625,Medium
2858.58,209.57,4.15,4.2,0.54,7.52,Rail,Storm,Pharmaceuticals,Shanghai,Dubai,1,0.7636404077423905,High
11148.3,471.51,3.3,9.7,0.79,14.05,Rail,Rain,Electronics,Dubai,Los Angeles,1,0.5668506600016574,Medium
3528.05,361.03,3.47,6.0,0.8,0.5,Air,Fog,Automotive,Dubai,Singapore,1,0.6230276633508073,High
1349.2,44.98,3.4,6.4,0.53,7.99,Sea,Storm,Electronics,Rotterdam,Hamburg,1,0.775334883726728,High
8509.31,423.31,2.68,7.1,0.7,64.17,Rail,Hurricane,Textiles,Singapore,Hamburg,1,0.998193295997402,High
9130.83,366.42,3.47,7.7,0.71,1.34,Air,Rain,Electronics,Antwerp,Rotterdam,1,0.5768214770363528,Medium
13142.74,305.86,1.43,6.4,0.67,2.25,Air,Fog,Perishables,Dubai,Shanghai,1,0.5604906976762333,Medium
8866.23,410.33,4.04,2.4,0.78,20.54,Sea,Fog,Textiles,Singapore,Marseille,0,0.38337906926018833,Medium
5509.47,202.65,3.77,8.7,0.67,0.82,Air,Rain,Textiles,Antwerp,Shanghai,1,0.7495155486109638,High
12143.67,111.53,2.01,7.3,0.71,68.8,Sea,Storm,Pharmaceuticals,Los Angeles,Busan,1,0.9525149924216203,High
8334.04,256.5,3.73,7.4,0.9,0.5,Air,Fog,Automotive,Busan,Dubai,0,0.5541346400909646,Medium
1649.56,274.87,1.24,10.0,0.58,27.36,Sea,Hurricane,Pharmaceuticals,Los Angeles,Singapore,1,0.9969711838972304,High
8704.83,269.62,1.92,8.0,0.81,24.73,Sea,Fog,Perishables,Shanghai,Antwerp,1,0.5978578040998087,Medium
13666.27,282.97,1.41,8.3,0.75,19.67,Rail,Fog,Automotive,Hamburg,Shanghai,1,0.646201950590016,High
6246.53,474.4,3.77,9.5,0.65,13.1,Sea,Clear,Automotive,Dubai,Busan,0,0.5668890774699392,Medium
4796.72,451.22,3.69,1.5,0.86,10.49,Rail,Storm,Textiles,Singapore,Marseille,1,0.6790709111033755,High
2580.31,437.98,3.88,5.0,0.78,15.7,Road,Hurricane,Automotive,Shanghai,Marseille,1,0.9864762280537162,High
2695.96,400.91,1.21,5.8,0.74,2.22,Road,Clear,Perishables,Los Angeles,Dubai,1,0.4623316187065281,Medium
6775.19,471.77,2.85,3.3,0.83,7.5,Rail,Rain,Textiles,Antwerp,Dubai,0,0.31827606658677676,Medium
9137.36,50.15,3.53,8.4,0.9,9.27,Rail,Clear,Textiles,Hamburg,Shanghai,1,0.6009308645014725,High
1668.92,133.3,1.71,7.6,0.99,1.93,Road,Clear,Textiles,Busan,Hamburg,1,0.5481871979473367,Medium
14123.74,248.03,3.34,7.2,0.82,20.22,Rail,Fog,Electronics,Shanghai,Dubai,0,0.5099104178205662,Medium
11449.44,423.42,1.48,10.0,0.94,12.41,Road,Rain,Perishables,Rotterdam,Busan,0,0.5036680392637343,Medium
9006.05,253.08,1.8,2.6,0.5,42.97,Sea,Storm,Pharmaceuticals,Hamburg,Dubai,1,0.8371182350042302,High
12512.36,374.27,2.77,7.4,0.77,35.99,Sea,Fog,Pharmaceuticals,Shanghai,Busan,0,0.5907885813292821,Medium
1662.71,70.34,3.36,5.5,0.61,8.94,Sea,Storm,Pharmaceuticals,Dubai,Marseille,1,0.8063649280139392,High
7414.16,126.95,1.68,3.1,0.55,3.68,Air,Hurricane,Perishables,Antwerp,Busan,1,0.9756311786067038,High
9636.35,366.16,1.81,1.6,0.77,7.7,Road,Rain,Pharmaceuticals,Rotterdam,Hamburg,0,0.18600256257613337,Low
12515.47,83.2,1.87,9.0,0.87,15.84,Road,Fog,Pharmaceuticals,Dubai,Busan,1,0.5937944313743587,Medium
11860.31,176.33,1.99,6.0,0.71,8.8,Road,Clear,Perishables,Rotterdam,Dubai,0,0.35394002258231233,Medium
4517.5,133.17,1.95,8.2,0.84,36.16,Rail,Hurricane,Electronics,Dubai,Los Angeles,1,0.9944577033360994,High
14142.76,175.58,2.5,5.5,0.75,15.93,Rail,Rain,Perishables,Busan,Los Angeles,0,0.3312947382829209,Medium
2303.01,354.45,3.36,2.2,0.72,4.1,Road,Storm,Textiles,Shanghai,Rotterdam,0,0.6727238907028554,High
13189.44,184.56,2.65,3.4,0.65,10.68,Road,Rain,Textiles,Dubai,Singapore,1,0.37525482451243397,Medium
14578.63,278.08,3.76,3.8,0.69,16.07,Road,Fog,Textiles,Singapore,Dubai,1,0.4214430742205086,Medium
3068.73,50.87,3.57,9.7,0.68,4.07,Rail,Rain,Electronics,Busan,Antwerp,1,0.6466729018950312,High
10969.96,402.7,1.62,0.1,0.82,10.16,Road,Fog,Pharmaceuticals,Antwerp,Busan,0,0.17318987306991204,Low
1084.14,185.57,1.36,9.9,0.56,8.16,Road,Hurricane,Pharmaceuticals,Los Angeles,Busan,1,0.9945396010977483,High
6378.63,324.62,4.1,9.8,0.55,19.68,Rail,Storm,Pharmaceuticals,Singapore,Dubai,1,0.9383404411388625,High
7986.11,362.97,1.46,10.0,0.83,16.78,Sea,Clear,Perishables,Los Angeles,Antwerp,0,0.6231177733460239,High
8919.36,105.62,1.69,4.8,0.77,8.02,Road,Rain,Textiles,Singapore,Busan,0,0.3746409443346085,Medium
14071.09,442.45,1.27,9.6,0.72,8.26,Air,Hurricane,Electronics,Shanghai,Busan,1,0.9904691532286791,High
10247.63,308.5,3.27,4.0,0.58,58.61,Road,Hurricane,Electronics,Hamburg,Busan,1,0.9946936585210453,High
7478.53,214.93,3.12,0.3,0.71,8.51,Rail,Fog,Perishables,Los Angeles,Rotterdam,0,0.21275820920526486,Low
12240.29,91.99,4.46,2.2,0.9,11.99,Road,Fog,Automotive,Antwerp,Rotterdam,0,0.23582743176392665,Low
14282.73,471.21,4.13,9.5,0.95,233.78,Sea,Hurricane,Automotive,Los Angeles,Antwerp,1,0.9999924102210483,High
819.96,377.78,2.56,0.1,0.85,0.68,Rail,Clear,Textiles,Shanghai,Antwerp,0,0.1956344214708817,Low
14746.56,104.8,2.43,5.5,0.53,12.89,Rail,Clear,Perishables,Singapore,Marseille,1,0.449881738224479,Medium
1748.92,169.52,2.18,0.8,0.84,3.36,Sea,Rain,Electronics,Rotterdam,Marseille,0,0.1445204948363597,Low
12308.61,405.03,1.7,2.9,0.62,23.11,Sea,Rain,Textiles,Dubai,Marseille,1,0.369116805690283,Medium
4564.85,348.14,1.66,0.9,0.66,4.07,Road,Rain,Automotive,Busan,Antwerp,0,0.2229100408642465,Low
2416.61,383.13,1.64,8.6,0.6,0.53,Air,Rain,Perishables,Hamburg,Rotterdam,1,0.7325366370003298,High
6877.91,221.16,1.58,5.9,0.89,5.72,Rail,Clear,Perishables,Los Angeles,Antwerp,1,0.3890259035299732,Medium
9837.37,358.52,1.99,9.0,0.82,30.59,Rail,Storm,Textiles,Rotterdam,Dubai,1,0.9158837271283583,High
6023.8,193.86,2.21,6.9,0.81,0.59,Air,Rain,Automotive,Antwerp,Singapore,0,0.5922892689344014,Medium
1291.2,106.42,4.37,9.7,0.83,3.06,Road,Storm,Automotive,Los Angeles,Antwerp,1,0.8951220356470118,High
9192.19,316.71,3.11,5.1,0.62,1.27,Air,Rain,Electronics,Singapore,Rotterdam,0,0.464191360805975,Medium
13584.85,488.03,4.46,6.4,0.72,37.59,Sea,Fog,Perishables,Los Angeles,Rotterdam,0,0.5955879865999268,Medium
6056.62,155.99,2.43,5.8,0.82,3.76,Road,Clear,Perishables,Busan,Rotterdam,0,0.39221359781322906,Medium
3636.83,231.02,2.71,4.8,0.82,2.87,Rail,Clear,Perishables,Dubai,Los Angeles,1,0.31549431723572874,Medium
6917.37,337.33,2.27,8.5,0.9,47.01,Road,Hurricane,Automotive,Rotterdam,Shanghai,1,0.9963523835596461,High
1201.26,271.21,1.8,6.4,0.64,0.5,Air,Fog,Automotive,Hamburg,Singapore,0,0.7188663243883212,High
12397.07,421.87,1.67,8.0,0.89,82.73,Road,Hurricane,Pharmaceuticals,Dubai,Antwerp,1,0.9987823602689772,High
12481.94,381.11,4.32,7.9,0.72,82.89,Road,Hurricane,Textiles,Singapore,Busan,1,0.998942881693255,High
9026.01,30.09,4.46,1.9,0.84,15.89,Sea,Rain,Textiles,Antwerp,Rotterdam,1,0.2209108535071123,Low
5619.99,499.21,1.35,6.5,0.73,31.16,Sea,Storm,Electronics,Hamburg,Marseille,1,0.8961298339567022,High
12096.86,376.45,1.7,2.0,0.97,73.92,Rail,Hurricane,Textiles,Singapore,Dubai,1,0.9939234221219743,High
8542.96,432.09,2.6,5.8,0.59,1.13,Air,Storm,Textiles,Los Angeles,Marseille,1,0.8785057482275783,High
12476.02,325.95,1.81,6.8,0.84,15.37,Road,Fog,Textiles,Dubai,Singapore,1,0.6088410783784332,High
9656.15,428.29,2.4,10.0,0.79,2.68,Air,Storm,Electronics,Dubai,Busan,1,0.8920770108694891,High
11873.88,57.08,1.63,0.3,0.59,12.41,Rail,Fog,Perishables,Los Angeles,Antwerp,0,0.22568343401436833,Low
9179.16,174.52,2.71,0.9,0.53,1.4,Air,Storm,Pharmaceuticals,Los Angeles,Rotterdam,1,0.6439187046474485,High
6505.05,438.33,2.1,0.8,0.9,28.51,Sea,Storm,Perishables,Singapore,Hamburg,1,0.6086916182329137,High
14390.21,101.63,2.36,4.0,0.58,17.88,Rail,Fog,Textiles,Los Angeles,Hamburg,0,0.45294396254647223,Medium
8346.15,40.04,1.51,8.2,0.59,20.06,Road,Storm,Electronics,Los Angeles,Marseille,1,0.9224561658822062,High
9273.8,394.27,2.61,8.4,0.99,22.22,Sea,Rain,Automotive,Antwerp,Los Angeles,1,0.4619723546588555,Medium
3697.07,417.91,4.44,7.4,0.86,0.5,Air,Rain,Textiles,Dubai,Busan,0,0.6036417377264148,High
9571.94,82.16,2.29,9.0,0.63,28.69,Rail,Storm,Electronics,Rotterdam,Busan,1,0.8959693685095391,High
8788.31,427.32,4.09,3.2,0.8,21.99,Rail,Storm,Automotive,Busan,Antwerp,1,0.7152623536617492,High
3180.16,343.7,3.98,0.9,0.77,13.77,Sea,Storm,Perishables,Singapore,Antwerp,1,0.5596711508584697,Medium
1364.01,260.52,4.34,0.6,0.92,0.5,Air,Storm,Textiles,Shanghai,Rotterdam,0,0.6428558168963071,High
9263.21,415.29,3.81,8.5,0.87,0.94,Air,Clear,Electronics,Busan,Marseille,0,0.6260259261068033,High
11573.54,210.21,3.38,7.3,0.92,9.66,Road,Clear,Textiles,Shanghai,Singapore,1,0.519082011029299,Medium
8089.32,97.8,4.03,7.0,0.61,51.52,Road,Hurricane,Textiles,Los Angeles,Dubai,1,0.997536843815237,High
3788.2,143.14,1.45,3.4,0.82,0.5,Air,Clear,Automotive,Singapore,Shanghai,0,0.4304745195633059,Medium
10164.57,253.08,2.73,3.8,0.52,57.62,Road,Hurricane,Automotive,Rotterdam,Shanghai,1,0.9943598182707329,High
1661.53,266.13,4.46,9.6,0.53,5.26,Rail,Storm,Textiles,Los Angeles,Dubai,1,0.929036206293687,High
6906.59,402.98,3.74,0.6,0.86,0.52,Air,Clear,Textiles,Rotterdam,Busan,0,0.1984443674260885,Low
2868.82,395.89,4.37,7.7,0.51,7.92,Sea,Rain,Perishables,Shanghai,Hamburg,0,0.5316614758626843,Medium
3174.66,291.1,3.77,3.1,0.79,3.23,Rail,Fog,Pharmaceuticals,Rotterdam,Marseille,0,0.3210750975376693,Medium
3433.26,390.61,4.09,0.4,0.92,4.14,Rail,Fog,Perishables,Los Angeles,Marseille,0,0.2291730875319712,Low
6107.25,96.69,3.53,7.4,0.69,7.57,Rail,Rain,Textiles,Los Angeles,Busan,1,0.5335166649516732,Medium
1241.68,25.98,3.71,3.3,0.52,7.14,Road,Hurricane,Pharmaceuticals,Shanghai,Los Angeles,1,0.9750618926016498,High
6268.0,436.94,2.93,7.2,0.86,5.6,Rail,Clear,Textiles,Antwerp,Marseille,1,0.554563977177653,Medium
7919.76,38.7,4.25,7.1,0.97,23.17,Rail,Storm,Automotive,Busan,Marseille,1,0.8597465349923425,High
7507.77,124.1,3.92,5.3,0.86,5.7,Road,Rain,Textiles,Hamburg,Singapore,0,0.4719807340211086,Medium
6050.37,347.96,3.98,7.8,0.79,4.66,Road,Clear,Textiles,Rotterdam,Hamburg,0,0.5221489205181853,Medium
12667.63,205.31,3.42,5.8,0.62,1.61,Air,Rain,Perishables,Los Angeles,Rotterdam,1,0.45701351014439556,Medium
2607.24,438.28,2.21,2.9,0.51,16.38,Rail,Hurricane,Perishables,Los Angeles,Dubai,1,0.9816482266738065,High
7832.6,149.69,1.32,7.3,0.85,60.29,Rail,Hurricane,Pharmaceuticals,Antwerp,Hamburg,1,0.9973427404566845,High
1399.6,6.92,4.29,5.9,0.62,0.5,Rail,Clear,Textiles,Rotterdam,Antwerp,0,0.45824567483995066,Medium
1531.76,151.03,3.13,0.1,0.93,8.01,Rail,Hurricane,Electronics,Los Angeles,Shanghai,1,0.9455248448048783,High
8821.05,289.46,2.18,9.0,0.73,0.53,Air,Rain,Pharmaceuticals,Hamburg,Rotterdam,1,0.6599771596838435,High
8707.27,188.59,1.69,5.5,0.77,11.75,Rail,Fog,Electronics,Hamburg,Marseille,1,0.5102213937425627,Medium
13231.49,267.9,3.94,8.7,0.88,19.66,Rail,Fog,Perishables,Busan,Dubai,1,0.5965959125360017,Medium
8589.17,438.42,3.96,8.8,0.89,137.31,Sea,Hurricane,Perishables,Los Angeles,Dubai,1,0.9998078500267393,High
14416.97,456.33,3.89,4.4,0.82,37.43,Rail,Storm,Electronics,Hamburg,Rotterdam,1,0.8145885727147277,High
1206.08,133.72,3.33,5.1,0.97,2.86,Sea,Clear,Pharmaceuticals,Busan,Dubai,0,0.29486743114004405,Low
1921.11,231.61,2.41,4.2,0.99,10.84,Road,Hurricane,Pharmaceuticals,Shanghai,Busan,1,0.9713581924888567,High
1138.95,275.02,2.2,4.5,0.97,0.5,Air,Storm,Textiles,Dubai,Shanghai,0,0.8356679793770911,High
3186.51,474.61,1.23,9.0,0.91,0.5,Air,Fog,Perishables,Antwerp,Singapore,1,0.7555321480205569,High
8348.42,499.31,3.95,7.9,0.85,8.2,Rail,Clear,Electronics,Antwerp,Busan,0,0.45620034273210525,Medium
9860.8,118.47,1.49,1.3,0.83,22.17,Rail,Storm,Pharmaceuticals,Rotterdam,Dubai,0,0.5671678675212586,Medium
1160.98,363.76,3.28,6.1,0.55,1.38,Road,Fog,Electronics,Busan,Antwerp,1,0.5697119083659085,Medium
14216.58,189.64,2.86,10.0,0.64,17.71,Rail,Rain,Textiles,Busan,Los Angeles,0,0.64942278228829,High
12711.4,5.05,2.94,6.0,0.5,0.63,Air,Rain,Electronics,Antwerp,Los Angeles,1,0.445906839827905,Medium
4800.88,5.62,4.26,7.9,0.57,4.97,Rail,Clear,Automotive,Antwerp,Dubai,0,0.5638652282247572,Medium
1619.22,230.82,1.3,7.7,0.72,2.17,Road,Clear,Electronics,Rotterdam,Los Angeles,0,0.4745537023268231,Medium
2963.36,244.68,3.75,3.5,0.57,6.15,Rail,Storm,Textiles,Busan,Dubai,1,0.7584215418265692,High
2340.69,12.26,1.37,3.7,0.95,30.8,Sea,Hurricane,Textiles,Singapore,Busan,1,0.9814696752712969,High
2287.61,343.78,1.33,7.2,0.9,0.5,Air,Rain,Electronics,Antwerp,Hamburg,0,0.600589393425098,High
8019.14,147.71,2.62,5.0,0.54,0.5,Air,Rain,Pharmaceuticals,Antwerp,Dubai,1,0.4980517336451371,Medium
4064.79,280.39,1.41,5.7,0.62,0.5,Air,Rain,Textiles,Shanghai,Dubai,1,0.5860535931510297,Medium
5693.03,151.16,3.8,7.1,0.91,32.37,Sea,Storm,Textiles,Hamburg,Los Angeles,1,0.8793101437104286,High
14847.83,84.4,2.95,7.8,0.9,43.16,Rail,Storm,Textiles,Rotterdam,Marseille,1,0.9175289344903218,High
10422.56,204.18,1.3,2.7,0.97,7.78,Road,Clear,Perishables,Rotterdam,Dubai,0,0.18036881873574667,Low
14260.22,116.9,1.33,1.5,1.0,0.8,Air,Clear,Electronics,Hamburg,Los Angeles,0,0.16266265148269074,Low
2567.07,267.87,3.22,2.9,0.99,0.87,Road,Clear,Textiles,Antwerp,Los Angeles,0,0.26068733654547027,Low
6041.02,100.22,3.86,5.1,0.71,0.5,Air,Rain,Pharmaceuticals,Busan,Los Angeles,0,0.4400972222099316,Medium
8543.61,254.69,2.64,3.4,0.63,9.73,Rail,Fog,Electronics,Hamburg,Busan,0,0.3381526960978609,Medium
1612.99,79.53,3.03,5.7,0.88,2.85,Sea,Rain,Perishables,Busan,Marseille,1,0.3615920455138557,Medium
560.72,335.82,3.84,0.5,0.65,0.53,Air,Hurricane,Electronics,Hamburg,Singapore,1,0.9758971472182716,High
10221.3,377.21,3.21,5.1,0.9,0.9,Air,Rain,Perishables,Antwerp,Dubai,0,0.38503676714043605,Medium
9806.38,56.09,1.94,3.7,0.77,24.48,Sea,Fog,Perishables,Busan,Shanghai,1,0.40081216166606515,Medium
6456.44,234.43,3.22,5.3,0.9,11.19,Sea,Clear,Textiles,Shanghai,Antwerp,1,0.352992949071185,Medium
7599.84,36.36,3.27,4.2,0.64,6.97,Road,Rain,Electronics,Dubai,Rotterdam,0,0.3530134916122214,Medium
6523.92,299.49,3.62,2.8,0.75,0.5,Air,Clear,Electronics,Rotterdam,Dubai,0,0.29789077910690354,Low
848.07,132.94,3.25,9.0,0.78,14.24,Sea,Hurricane,Electronics,Busan,Shanghai,1,0.9917295897129993,High
5362.89,264.28,4.4,1.8,0.97,0.63,Air,Fog,Perishables,Los Angeles,Busan,0,0.28103130628057055,Low
3067.69,259.21,1.85,6.8,0.63,8.46,Sea,Fog,Textiles,Rotterdam,Busan,0,0.4706192676341942,Medium
1927.15,462.25,4.34,9.2,0.97,5.14,Road,Storm,Pharmaceuticals,Los Angeles,Hamburg,1,0.8845958946232166,High
14372.45,274.99,2.98,5.4,0.9,38.0,Sea,Fog,Pharmaceuticals,Singapore,Shanghai,0,0.5458907617859862,Medium
9190.72,291.92,3.42,8.8,0.87,12.6,Road,Fog,Perishables,Singapore,Busan,1,0.5993697069165395,Medium
11065.52,201.42,1.53,1.2,0.89,8.29,Rail,Clear,Pharmaceuticals,Dubai,Antwerp,0,0.17115908207388972,Low
5072.77,474.59,2.46,4.9,0.8,35.14,Rail,Hurricane,Textiles,Busan,Los Angeles,1,0.9905757224010668,High
6200.63,388.82,3.74,4.6,0.62,5.17,Rail,Clear,Textiles,Antwerp,Hamburg,0,0.4297093208546145,Medium
3935.4,143.42,3.53,0.1,0.6,0.73,Air,Fog,Pharmaceuticals,Antwerp,Rotterdam,0,0.3277481480172434,Medium
1906.0,422.26,1.33,4.4,0.93,2.78,Rail,Fog,Perishables,Antwerp,Dubai,1,0.3708201192185697,Medium
3095.96,216.77,3.0,3.7,0.86,3.14,Road,Fog,Textiles,Dubai,Singapore,1,0.45412530370172366,Medium
12063.95,414.5,1.49,6.7,0.61,10.61,Rail,Clear,Textiles,Antwerp,Busan,1,0.4722745192984815,Medium
10324.41,411.62,4.49,9.4,0.81,83.82,Rail,Hurricane,Pharmaceuticals,Busan,Los Angeles,1,0.999005260852319,High
8430.47,95.25,4.16,0.9,0.72,6.19,Road,Rain,Pharmaceuticals,Hamburg,Los Angeles,0,0.18725513548320974,Low
7388.8,350.87,1.27,3.3,0.58,1.35,Air,Fog,Automotive,Shanghai,Singapore,0,0.4739775151031176,Medium
13875.3,146.03,4.03,4.4,0.77,1.2,Air,Fog,Textiles,Antwerp,Dubai,0,0.4246950866848655,Medium
1554.66,149.45,4.23,4.6,0.64,2.88,Sea,Rain,Perishables,Singapore,Dubai,0,0.3324291139938741,Medium
4568.71,148.88,2.37,7.7,0.55,1.76,Air,Hurricane,Automotive,Shanghai,Busan,1,0.9902787128304064,High
5574.1,363.06,3.57,4.4,0.73,29.13,Sea,Storm,Textiles,Antwerp,Rotterdam,1,0.8262513588456889,High
11845.17,115.68,2.66,0.3,0.8,16.96,Sea,Clear,Perishables,Rotterdam,Hamburg,0,0.1169260814361885,Low
14891.46,1.45,3.36,7.1,0.52,21.42,Rail,Fog,Electronics,Los Angeles,Dubai,1,0.5982242902476574,Medium
3989.72,357.9,2.32,8.8,0.7,6.48,Rail,Fog,Pharmaceuticals,Antwerp,Busan,0,0.6322919470819529,High
13177.46,86.42,2.26,5.1,0.63,14.71,Road,Fog,Automotive,Hamburg,Dubai,0,0.458951872313162,Medium
12544.03,53.14,2.6,5.8,0.52,11.28,Rail,Clear,Electronics,Dubai,Los Angeles,0,0.38601415614722095,Medium
3757.53,119.52,1.68,1.6,0.56,4.37,Road,Fog,Perishables,Busan,Los Angeles,1,0.28631432089923825,Low
6290.32,190.57,3.94,2.2,0.57,11.73,Sea,Rain,Perishables,Dubai,Shanghai,1,0.2740872199829462,Low
6440.26,238.48,2.35,2.4,0.59,0.67,Air,Clear,Automotive,Singapore,Hamburg,0,0.37214119258311845,Medium
14684.2,23.24,2.52,4.3,0.9,1.83,Air,Fog,Perishables,Antwerp,Singapore,0,0.38808363100808413,Medium
3122.93,485.32,4.15,9.3,0.72,7.94,Sea,Rain,Textiles,Antwerp,Los Angeles,1,0.5876695644868631,Medium
12087.79,358.32,2.84,5.2,0.57,21.1,Sea,Clear,Textiles,Los Angeles,Hamburg,0,0.4603454969610985,Medium
5345.79,162.27,3.0,1.9,0.55,0.9,Air,Storm,Perishables,Los Angeles,Marseille,1,0.7578127966235785,High
11097.62,160.03,4.36,2.7,0.65,70.24,Rail,Hurricane,Textiles,Busan,Antwerp,1,0.995671411287885,High
6590.16,224.82,4.13,3.8,0.9,87.67,Sea,Hurricane,Pharmaceuticals,Singapore,Antwerp,1,0.9972287375047174,High
8886.22,313.5,1.76,6.2,0.68,5.44,Air,Hurricane,Pharmaceuticals,Dubai,Singapore,1,0.9900786955449002,High
12572.87,74.04,2.76,4.4,0.58,32.23,Sea,Fog,Automotive,Singapore,Hamburg,0,0.4884919852514678,Medium
12160.4,95.28,4.41,3.9,0.7,6.36,Air,Hurricane,Automotive,Rotterdam,Hamburg,1,0.968879581371846,High
13063.14,429.86,2.43,5.6,0.78,9.75,Road,Clear,Perishables,Hamburg,Los Angeles,0,0.3470605633884979,Medium
1364.45,128.87,2.43,2.4,0.52,2.9,Rail,Storm,Electronics,Busan,Rotterdam,1,0.6678825197328889,High
10534.73,190.72,1.84,0.8,0.81,6.91,Road,Clear,Perishables,Rotterdam,Hamburg,0,0.14433907952158054,Low
2529.82,435.76,1.58,0.2,0.7,13.94,Rail,Hurricane,Perishables,Hamburg,Singapore,1,0.9673753578751761,High
6529.37,331.91,3.64,2.5,0.51,6.55,Road,Fog,Pharmaceuticals,Los Angeles,Singapore,0,0.4304504151141766,Medium
8454.53,171.51,3.74,0.9,0.84,4.37,Air,Hurricane,Electronics,Rotterdam,Antwerp,1,0.9447977957685713,High
6339.72,342.17,4.4,3.4,0.86,6.78,Rail,Rain,Pharmaceuticals,Singapore,Shanghai,0,0.31765547707626546,Medium
8034.37,10.82,3.75,7.7,0.81,7.89,Rail,Clear,Pharmaceuticals,Shanghai,Dubai,0,0.4794281216832095,Medium
14949.63,368.09,2.0,7.2,0.67,14.35,Road,Rain,Electronics,Shanghai,Busan,1,0.4259517862590937,Medium
2460.65,244.02,1.33,6.1,0.77,5.29,Sea,Rain,Automotive,Antwerp,Rotterdam,1,0.3669217743150829,Medium
10294.11,406.78,4.45,8.5,0.69,13.54,Road,Fog,Automotive,Antwerp,Busan,1,0.6036864148787013,High
6242.01,477.36,2.32,2.8,0.85,29.66,Sea,Storm,Automotive,Shanghai,Antwerp,0,0.6960893266603372,High
2428.64,462.97,2.23,8.9,0.79,0.5,Air,Storm,Electronics,Los Angeles,Rotterdam,1,0.9123738647234688,High
2801.68,454.72,4.19,4.0,0.54,7.61,Sea,Fog,Automotive,Antwerp,Busan,0,0.3461161197621874,Medium
14264.46,256.57,3.13,4.0,0.82,35.77,Rail,Storm,Perishables,Rotterdam,Dubai,0,0.7444975238104324,High
13254.22,180.71,1.91,4.1,0.84,88.27,Rail,Hurricane,Electronics,Antwerp,Shanghai,1,0.9976041145267707,High
13652.11,233.05,4.13,1.0,0.69,15.16,Rail,Fog,Automotive,Hamburg,Marseille,0,0.2641005397196449,Low
14877.23,345.26,4.48,9.8,0.94,2.21,Air,Fog,Pharmaceuticals,Hamburg,Busan,1,0.6073284559952807,High
3520.57,442.11,1.49,1.4,0.92,7.34,Rail,Storm,Electronics,Antwerp,Hamburg,1,0.5607631449117517,Medium
5653.87,104.29,4.05,3.4,0.59,4.5,Rail,Clear,Textiles,Hamburg,Los Angeles,0,0.3440807998262824,Medium
10203.68,459.18,2.49,3.2,0.95,56.22,Road,Hurricane,Perishables,Antwerp,Busan,1,0.9899016091890683,High
7515.14,407.77,2.93,0.7,0.72,37.35,Road,Hurricane,Textiles,Shanghai,Hamburg,1,0.9822976259047046,High
6566.65,489.45,4.22,1.5,0.86,0.68,Air,Clear,Textiles,Shanghai,Rotterdam,0,0.2899736438340168,Low
5688.26,440.25,4.41,0.4,0.91,11.84,Sea,Fog,Pharmaceuticals,Dubai,Rotterdam,0,0.17231759632516774,Low
9109.82,140.69,2.07,2.9,0.75,13.76,Sea,Clear,Textiles,Rotterdam,Dubai,0,0.22829128616289132,Low
8846.1,53.87,1.9,8.7,0.7,2.5,Air,Storm,Automotive,Hamburg,Singapore,1,0.9119289215842848,High
2841.14,57.01,1.47,3.4,0.96,2.21,Rail,Rain,Automotive,Los Angeles,Shanghai,0,0.2807930695119985,Low
7340.23,146.32,3.05,1.2,0.62,86.74,Sea,Hurricane,Automotive,Antwerp,Singapore,1,0.9962693978189548,High
8525.34,307.48,1.24,6.5,0.63,0.52,Air,Clear,Electronics,Hamburg,Dubai,1,0.5615587102894808,Medium
8769.16,402.36,2.56,10.0,0.68,13.77,Rail,Fog,Automotive,Singapore,Busan,1,0.6816005489403102,High
3546.55,449.73,1.44,2.3,0.93,1.44,Air,Storm,Automotive,Rotterdam,Dubai,0,0.6233139815450846,High
11262.94,312.25,2.54,2.8,0.97,6.87,Air,Hurricane,Textiles,Busan,Rotterdam,1,0.9683290848025794,High
865.39,3.81,1.33,9.7,0.61,0.5,Road,Clear,Textiles,Singapore,Dubai,1,0.7361585663931758,High
5645.06,93.97,3.96,1.8,0.93,3.05,Air,Hurricane,Pharmaceuticals,Shanghai,Antwerp,1,0.9627546660242945,High
11813.08,50.76,1.89,5.1,0.63,1.08,Air,Fog,Electronics,Shanghai,Singapore,1,0.5019603211543306,Medium
8676.45,182.3,2.28,2.4,0.99,14.02,Sea,Clear,Electronics,Antwerp,Marseille,0,0.21532993912160128,Low
4286.86,251.17,4.07,9.3,0.8,0.87,Air,Rain,Automotive,Antwerp,Dubai,1,0.6874324787425866,High
10576.82,22.66,3.66,9.8,0.5,3.17,Air,Storm,Electronics,Hamburg,Antwerp,1,0.9277983161605315,High
8727.17,174.89,1.92,8.1,0.52,10.38,Rail,Rain,Automotive,Antwerp,Rotterdam,0,0.5716504397567638,Medium
12045.53,90.41,1.44,3.1,0.57,24.45,Road,Storm,Perishables,Rotterdam,Dubai,1,0.7177041209469345,High
11157.87,323.89,3.56,4.0,0.59,9.78,Rail,Clear,Electronics,Rotterdam,Singapore,0,0.321957233014386,Medium
9346.56,232.67,2.49,2.4,0.88,4.43,Air,Hurricane,Electronics,Dubai,Hamburg,1,0.964353077017522,High
7578.58,248.16,3.73,8.9,0.61,11.29,Rail,Fog,Pharmaceuticals,Rotterdam,Dubai,1,0.6291419659095254,High
2431.14,214.42,2.67,9.1,0.99,1.87,Road,Clear,Pharmaceuticals,Rotterdam,Singapore,0,0.574034312449852,Medium
4289.33,478.05,2.34,4.2,0.82,0.77,Air,Clear,Automotive,Los Angeles,Singapore,0,0.4861819208851931,Medium
6576.94,108.15,2.69,6.6,0.85,97.87,Sea,Hurricane,Electronics,Busan,Rotterdam,1,0.9988035881153248,High
9189.84,258.82,3.67,1.7,0.61,13.22,Sea,Clear,Pharmaceuticals,Rotterdam,Busan,0,0.15973742855106862,Low
7948.76,368.27,4.18,4.3,0.95,20.47,Rail,Storm,Perishables,Shanghai,Marseille,1,0.7584175150172644,High
4678.68,278.87,1.36,6.3,0.83,2.38,Air,Hurricane,Textiles,Busan,Shanghai,1,0.9906278150515807,High
593.73,464.58,2.93,3.9,0.93,2.64,Road,Hurricane,Perishables,Los Angeles,Rotterdam,1,0.9703475563707922,High
7695.47,189.61,1.31,3.6,0.98,5.47,Road,Clear,Electronics,Rotterdam,Marseille,1,0.2513083272824755,Low
4641.58,232.37,2.75,0.0,0.56,2.9,Road,Rain,Automotive,Los Angeles,Shanghai,0,0.22398519717166002,Low
11151.82,45.17,4.12,8.0,0.55,31.79,Sea,Fog,Perishables,Singapore,Rotterdam,1,0.6908843884563745,High
847.22,304.89,2.39,8.9,0.9,13.21,Sea,Hurricane,Textiles,Rotterdam,Los Angeles,1,0.9868171442989719,High
8980.0,144.82,4.28,9.7,0.93,10.6,Rail,Rain,Textiles,Los Angeles,Shanghai,1,0.6553484469775741,High
14151.38,80.99,3.28,7.2,0.79,7.69,Air,Hurricane,Electronics,Hamburg,Dubai,1,0.9867475198256881,High
3028.93,272.72,4.28,5.5,0.68,3.36,Rail,Fog,Electronics,Antwerp,Dubai,1,0.4712811911880678,Medium
7338.92,266.62,3.7,2.7,0.83,7.24,Road,Fog,Textiles,Busan,Dubai,0,0.33753066660400866,Medium
1825.62,38.86,1.54,10.0,0.65,3.45,Sea,Clear,Perishables,Shanghai,Marseille,1,0.6371080634218396,High
9572.39,349.41,1.96,5.9,0.62,1.16,Air,Fog,Perishables,Rotterdam,Antwerp,0,0.5008920581359625,Medium
8482.71,312.26,2.5,6.8,0.74,47.68,Sea,Storm,Textiles,Shanghai,Dubai,1,0.9247223358772195,High
6406.8,95.32,1.76,6.8,0.61,6.27,Road,Rain,Perishables,Hamburg,Shanghai,0,0.5677332088203574,Medium
8059.97,235.25,2.83,8.5,0.74,6.71,Road,Clear,Textiles,Shanghai,Busan,1,0.5577139650430759,Medium
13500.33,360.44,2.76,0.1,0.98,28.13,Rail,Storm,Electronics,Antwerp,Marseille,1,0.5684082074452265,Medium
3346.27,265.19,4.36,2.2,0.92,5.77,Sea,Rain,Pharmaceuticals,Shanghai,Singapore,0,0.21000261394154102,Low
827.19,198.35,2.63,6.7,0.97,0.5,Road,Clear,Pharmaceuticals,Hamburg,Antwerp,0,0.491587388005476,Medium
12994.14,161.85,3.79,9.0,0.9,104.85,Rail,Hurricane,Automotive,Shanghai,Antwerp,1,0.9993853735515281,High
8868.2,305.59,4.31,6.9,0.68,0.5,Air,Rain,Automotive,Dubai,Rotterdam,0,0.5234978686857351,Medium
13414.55,469.62,4.09,4.1,0.91,33.68,Sea,Fog,Automotive,Singapore,Shanghai,0,0.42857059343988235,Medium
9155.71,336.2,1.89,3.6,0.96,8.85,Rail,Rain,Perishables,Los Angeles,Marseille,1,0.28986951662961696,Low
12247.34,38.3,2.84,7.4,0.97,2.92,Air,Storm,Textiles,Busan,Marseille,0,0.852549522207001,High
6730.26,230.88,2.35,7.4,0.84,6.97,Rail,Rain,Automotive,Busan,Rotterdam,1,0.4460404209726369,Medium
11372.97,445.52,2.52,6.1,0.61,30.89,Sea,Fog,Automotive,Shanghai,Marseille,1,0.5922564092638355,Medium
13739.1,48.14,2.39,2.9,0.52,0.99,Air,Clear,Perishables,Singapore,Hamburg,1,0.33397807068049923,Medium
8795.78,494.45,3.93,9.3,0.57,0.5,Air,Rain,Perishables,Singapore,Los Angeles,1,0.663237287854095,High
3121.38,474.59,2.69,5.5,0.98,2.78,Rail,Rain,Textiles,Hamburg,Los Angeles,0,0.37522408176706457,Medium
4397.57,40.06,2.93,7.9,0.73,8.48,Sea,Clear,Automotive,Singapore,Marseille,1,0.5353628630131013,Medium
3380.35,466.77,4.44,2.1,0.93,0.55,Air,Fog,Electronics,Singapore,Marseille,0,0.40377571764403897,Medium
4079.43,182.2,1.4,3.4,0.73,2.08,Air,Hurricane,Pharmaceuticals,Shanghai,Singapore,1,0.9823317065074839,High
4943.02,422.51,2.81,8.7,0.83,5.21,Rail,Clear,Perishables,Los Angeles,Marseille,1,0.6100040378649506,High
8549.44,209.77,3.75,0.5,0.51,41.19,Road,Hurricane,Perishables,Singapore,Busan,1,0.9818461062093607,High
9025.88,220.99,1.7,5.1,0.63,53.2,Road,Hurricane,Automotive,Antwerp,Singapore,1,0.9961544321590304,High
6684.25,317.49,3.22,4.8,0.72,8.68,Rail,Fog,Electronics,Hamburg,Singapore,0,0.490607577999403,Medium
9423.6,387.46,1.99,7.5,0.82,1.41,Air,Storm,Electronics,Busan,Los Angeles,1,0.8159310928507021,High
1682.84,17.86,4.06,2.8,0.59,3.0,Road,Storm,Perishables,Busan,Los Angeles,0,0.6631233198444605,High
1772.93,296.98,2.28,2.2,0.88,11.39,Rail,Hurricane,Pharmaceuticals,Dubai,Rotterdam,1,0.9651399804319222,High
2991.53,94.18,2.29,9.3,0.68,0.5,Air,Clear,Pharmaceuticals,Antwerp,Rotterdam,0,0.7410845446390216,High
8012.12,173.63,3.17,5.7,0.91,0.5,Air,Rain,Textiles,Dubai,Marseille,0,0.5265466903653698,Medium
3602.92,174.64,1.81,1.0,0.55,1.23,Air,Hurricane,Automotive,Dubai,Marseille,1,0.9742102702509776,High
4607.62,235.06,2.14,1.9,0.84,0.63,Air,Rain,Perishables,Dubai,Antwerp,1,0.3120708419294912,Medium
6304.54,167.73,2.57,10.0,0.65,0.7,Air,Rain,Pharmaceuticals,Dubai,Antwerp,1,0.7452096453070262,High
12272.06,54.57,2.37,2.0,0.9,1.5,Air,Storm,Perishables,Los Angeles,Singapore,1,0.6217216929623349,High
701.0,73.67,2.93,6.1,0.7,9.19,Sea,Hurricane,Textiles,Dubai,Hamburg,1,0.9847858293471291,High
9915.99,17.69,3.18,4.2,0.83,1.69,Air,Rain,Pharmaceuticals,Antwerp,Busan,1,0.3381076252938531,Medium
10198.71,235.65,3.07,8.9,0.97,162.89,Sea,Hurricane,Electronics,Antwerp,Singapore,1,0.9999258430488102,High
12080.51,477.27,3.36,7.6,0.51,2.86,Air,Storm,Automotive,Singapore,Antwerp,1,0.8737143478196956,High
14024.92,58.72,2.22,6.0,0.51,15.93,Rail,Rain,Textiles,Dubai,Shanghai,1,0.5364212007047555,Medium
792.0,473.19,1.62,0.1,0.89,3.87,Road,Hurricane,Perishables,Dubai,Singapore,1,0.9503795027931803,High
2729.86,366.95,3.71,8.8,0.82,5.16,Sea,Clear,Automotive,Shanghai,Los Angeles,0,0.44446359380180195,Medium
13349.48,319.11,4.01,4.4,0.65,0.5,Air,Clear,Perishables,Singapore,Marseille,0,0.4204060817120773,Medium
7148.52,322.99,2.05,9.3,0.75,0.5,Air,Fog,Pharmaceuticals,Busan,Los Angeles,0,0.6829188201298013,High
8686.56,413.54,2.54,5.0,0.52,45.35,Sea,Storm,Textiles,Antwerp,Los Angeles,1,0.8979211186543287,High
10113.89,54.35,2.85,6.9,0.6,1.79,Air,Fog,Pharmaceuticals,Rotterdam,Busan,0,0.5181611788216042,Medium
10346.47,252.87,2.96,0.7,0.71,17.64,Sea,Rain,Perishables,Singapore,Marseille,0,0.2067390748047635,Low
14010.24,348.85,3.38,7.5,0.92,2.73,Air,Storm,Pharmaceuticals,Shanghai,Dubai,1,0.79373210356035,High
14955.77,293.82,1.34,3.4,0.74,1.26,Air,Clear,Electronics,Hamburg,Shanghai,0,0.33285302589643867,Medium
10942.28,416.56,3.58,3.5,0.79,13.06,Rail,Fog,Textiles,Los Angeles,Dubai,1,0.37762989649299017,Medium
4664.71,37.06,1.4,1.2,0.94,8.96,Road,Storm,Perishables,Dubai,Rotterdam,1,0.5525312729957362,Medium
13256.41,345.66,2.75,1.5,0.65,25.43,Road,Storm,Textiles,Busan,Antwerp,1,0.7169383123302077,High
1213.7,267.48,3.93,1.9,0.85,2.16,Road,Storm,Pharmaceuticals,Busan,Los Angeles,0,0.5704609470093601,Medium
3850.67,190.2,2.69,3.3,0.93,9.33,Sea,Fog,Electronics,Antwerp,Rotterdam,1,0.2684415156212837,Low
13512.09,170.8,1.69,8.9,0.6,217.97,Sea,Hurricane,Pharmaceuticals,Los Angeles,Singapore,1,0.9999919070998491,High
4214.78,310.8,4.45,3.7,0.68,3.87,Road,Rain,Textiles,Singapore,Hamburg,1,0.4059094624566406,Medium
3699.44,445.61,4.13,7.2,0.99,9.55,Road,Storm,Electronics,Dubai,Hamburg,0,0.8278137866766456,High
2502.82,248.59,3.75,0.8,0.99,1.35,Rail,Clear,Automotive,Singapore,Dubai,0,0.16307197055111522,Low
12957.12,412.54,2.56,5.9,0.61,23.86,Sea,Clear,Textiles,Dubai,Antwerp,1,0.4966009143107593,Medium
7750.84,201.68,1.81,4.8,0.53,7.19,Road,Rain,Automotive,Singapore,Rotterdam,0,0.4116591691373199,Medium
10285.95,52.09,4.31,9.8,0.64,8.37,Road,Clear,Automotive,Dubai,Los Angeles,0,0.5887625976981428,Medium
3966.46,31.69,2.96,8.5,0.7,1.15,Air,Storm,Pharmaceuticals,Busan,Hamburg,1,0.9101823423733592,High
11491.59,26.62,4.01,4.5,0.72,8.14,Road,Clear,Pharmaceuticals,Los Angeles,Dubai,0,0.34350644187066376,Medium
11520.08,190.69,2.33,7.8,0.81,10.33,Rail,Clear,Pharmaceuticals,Busan,Los Angeles,0,0.4369038368727513,Medium
5032.67,169.28,2.31,1.9,0.95,4.66,Rail,Rain,Pharmaceuticals,Antwerp,Dubai,0,0.20633366233004155,Low
6454.9,359.25,4.45,5.6,0.67,3.72,Air,Hurricane,Automotive,Shanghai,Hamburg,1,0.985348468111922,High
3540.51,371.67,2.92,0.7,0.93,6.2,Sea,Rain,Electronics,Dubai,Antwerp,1,0.1421167802209819,Low
14660.13,26.38,1.66,3.5,0.55,1.02,Air,Rain,Perishables,Antwerp,Shanghai,0,0.3597695405149853,Medium
9861.24,111.34,1.92,2.3,0.52,7.46,Rail,Clear,Automotive,Busan,Hamburg,0,0.25499874731230454,Low
14050.89,137.86,2.79,7.2,0.75,107.35,Rail,Hurricane,Electronics,Shanghai,Busan,1,0.9991237172676407,High
4899.09,274.26,1.34,4.9,0.53,0.5,Air,Storm,Textiles,Antwerp,Singapore,1,0.8827907255276195,High
11837.42,73.11,2.73,7.5,0.7,68.28,Sea,Storm,Automotive,Hamburg,Busan,1,0.9525989341176382,High
11604.95,67.84,2.58,5.2,0.95,162.17,Sea,Hurricane,Automotive,Los Angeles,Antwerp,1,0.9997829388198802,High
10529.01,471.95,3.77,0.9,0.62,4.15,Air,Hurricane,Textiles,Rotterdam,Los Angeles,1,0.9504790845280751,High
14501.77,402.3,2.37,7.4,0.85,1.53,Air,Fog,Pharmaceuticals,Singapore,Rotterdam,1,0.5259964194629244,Medium
6206.55,91.15,4.44,8.3,0.65,48.15,Rail,Hurricane,Textiles,Rotterdam,Shanghai,1,0.9975297760425651,High
2395.4,203.88,1.8,9.0,0.52,16.26,Road,Hurricane,Perishables,Busan,Singapore,1,0.9960803261669338,High
10239.78,178.46,3.15,5.7,0.78,0.66,Air,Clear,Perishables,Shanghai,Antwerp,1,0.43483759400117333,Medium
11074.99,395.71,1.5,7.5,0.92,0.5,Air,Rain,Electronics,Hamburg,Shanghai,1,0.5399289205459181,Medium
8838.38,255.6,3.62,7.5,0.71,50.93,Sea,Storm,Perishables,Busan,Los Angeles,1,0.9228738969931934,High
3498.86,64.8,4.48,1.6,0.81,1.09,Air,Hurricane,Pharmaceuticals,Rotterdam,Los Angeles,1,0.9533589448296532,High
7814.61,369.76,3.9,1.6,0.95,8.08,Rail,Fog,Automotive,Busan,Hamburg,0,0.20850588333703302,Low
5026.75,199.05,3.03,0.7,0.9,0.5,Air,Clear,Automotive,Shanghai,Los Angeles,0,0.19613508601099597,Low
6698.26,132.2,2.8,3.2,0.6,17.27,Sea,Fog,Perishables,Busan,Hamburg,1,0.3650335925667794,Medium
9855.67,188.37,3.96,4.7,0.87,0.5,Air,Fog,Perishables,Los Angeles,Dubai,0,0.4202998676495873,Medium
11305.61,249.38,4.29,10.0,0.75,11.99,Rail,Clear,Automotive,Los Angeles,Busan,1,0.5777368189444835,Medium
3867.26,172.21,4.46,4.3,0.87,3.82,Road,Fog,Perishables,Los Angeles,Singapore,0,0.43838244825704403,Medium
6377.22,121.71,2.51,7.3,0.75,11.9,Sea,Clear,Pharmaceuticals,Rotterdam,Los Angeles,1,0.37581076425481263,Medium
4402.84,199.85,4.47,6.9,0.56,10.18,Sea,Rain,Electronics,Shanghai,Hamburg,1,0.4721276643802327,Medium
3380.16,10.57,1.71,2.0,0.79,5.45,Sea,Clear,Automotive,Shanghai,Los Angeles,1,0.15659773328073087,Low
11859.11,386.48,2.04,0.6,0.75,21.46,Road,Storm,Textiles,Antwerp,Singapore,0,0.6867283574686336,High
13684.16,86.3,1.49,5.5,0.76,0.68,Air,Fog,Automotive,Singapore,Hamburg,1,0.437082369858282,Medium
5868.37,22.91,2.1,7.0,0.94,3.61,Air,Hurricane,Textiles,Rotterdam,Singapore,1,0.9893341314984794,High
11393.54,327.2,3.73,10.0,0.95,1.61,Air,Fog,Automotive,Dubai,Los Angeles,1,0.6141419887808907,High
13506.43,387.19,4.01,3.6,0.73,10.92,Rail,Clear,Electronics,Antwerp,Rotterdam,0,0.2616748504705892,Low
12768.8,407.1,3.77,9.0,0.73,205.68,Sea,Hurricane,Perishables,Hamburg,Dubai,1,0.9999836020606218,High
3150.79,247.26,3.28,3.8,0.76,7.59,Rail,Storm,Automotive,Los Angeles,Marseille,1,0.7439689448596244,High
14366.23,103.48,2.9,6.9,0.76,26.42,Sea,Clear,Textiles,Hamburg,Busan,1,0.4868079899947282,Medium
5961.81,368.88,3.54,6.0,0.98,5.53,Road,Rain,Electronics,Busan,Antwerp,1,0.38803930336311704,Medium
5418.99,350.16,2.49,0.5,0.83,10.19,Road,Storm,Perishables,Shanghai,Dubai,0,0.5341380962960961,Medium
1405.25,123.89,3.98,0.8,0.64,1.68,Rail,Fog,Electronics,Rotterdam,Busan,0,0.18964154107931044,Low
7549.52,451.8,3.43,0.2,0.77,4.79,Road,Clear,Perishables,Busan,Antwerp,0,0.17376809700687543,Low
2080.7,53.08,3.5,3.7,0.81,9.9,Sea,Storm,Electronics,Shanghai,Rotterdam,1,0.6293525341862953,High
4103.83,491.36,2.97,7.5,0.82,4.14,Road,Clear,Automotive,Dubai,Busan,1,0.47604064756767306,Medium
5095.67,430.26,4.12,1.7,0.79,4.77,Road,Fog,Electronics,Los Angeles,Busan,1,0.24729738755928252,Low
12227.98,344.26,2.03,6.1,0.59,33.13,Rail,Storm,Pharmaceuticals,Shanghai,Hamburg,1,0.8790396940031767,High
13194.59,469.44,2.46,2.9,0.52,83.23,Rail,Hurricane,Pharmaceuticals,Dubai,Los Angeles,1,0.9964998162998931,High
4885.76,361.43,3.77,8.0,0.67,4.78,Road,Rain,Electronics,Antwerp,Shanghai,1,0.6085065926452515,High
12951.12,96.04,2.83,8.0,0.71,201.61,Sea,Hurricane,Textiles,Antwerp,Shanghai,1,0.9999821644713394,High
12929.85,221.64,4.13,7.8,0.53,7.86,Air,Hurricane,Electronics,Antwerp,Singapore,1,0.9927287558627691,High
11587.44,36.68,2.34,5.2,0.91,31.26,Rail,Storm,Perishables,Los Angeles,Singapore,1,0.8427715402435508,High
2627.08,195.44,2.42,2.8,0.67,5.26,Sea,Rain,Textiles,Los Angeles,Singapore,1,0.3351745478965707,Medium
10509.68,371.06,4.13,8.1,0.96,10.68,Road,Rain,Textiles,Hamburg,Singapore,0,0.6032376274378087,High
14202.85,193.84,2.73,1.9,0.58,15.95,Rail,Fog,Electronics,Shanghai,Hamburg,0,0.26985709991795587,Low
10396.84,165.82,2.9,2.9,0.53,0.6,Air,Fog,Automotive,Hamburg,Singapore,0,0.4507758673130228,Medium
5308.44,298.08,2.3,1.8,0.74,28.09,Road,Hurricane,Electronics,Shanghai,Hamburg,1,0.9784077420153219,High
7758.4,436.23,2.11,6.7,0.6,2.1,Air,Storm,Pharmaceuticals,Shanghai,Busan,1,0.8392564941709861,High
9863.01,24.74,3.36,6.9,0.97,7.35,Road,Clear,Automotive,Shanghai,Antwerp,0,0.3851691692452116,Medium
7903.27,193.35,1.6,6.5,0.51,4.73,Air,Hurricane,Automotive,Dubai,Rotterdam,1,0.9893582023149314,High
2239.32,79.96,4.1,4.2,0.71,3.14,Rail,Fog,Perishables,Los Angeles,Shanghai,0,0.4429238297787078,Medium
5024.93,347.98,3.77,1.0,0.96,10.44,Sea,Fog,Perishables,Shanghai,Singapore,0,0.20016096045943452,Low
12134.74,53.76,1.83,9.1,0.69,1.65,Air,Fog,Electronics,Dubai,Marseille,1,0.7017494457880459,High
12990.56,332.74,3.49,5.1,0.55,0.75,Air,Fog,Textiles,Rotterdam,Los Angeles,0,0.4250132443827896,Medium
2490.85,143.8,3.19,4.1,0.65,1.91,Rail,Fog,Automotive,Dubai,Los Angeles,1,0.34922458227100045,Medium
14309.61,100.26,1.81,5.9,0.75,25.65,Sea,Clear,Textiles,Antwerp,Marseille,0,0.4998997613089477,Medium
5267.93,468.24,2.1,1.9,0.59,4.14,Rail,Clear,Pharmaceuticals,Singapore,Dubai,0,0.27622976336463223,Low
10103.55,10.24,2.55,1.3,0.73,9.56,Road,Fog,Perishables,Hamburg,Shanghai,0,0.2871847796079319,Low
11401.46,219.45,3.51,4.1,0.92,25.92,Road,Storm,Perishables,Singapore,Hamburg,1,0.7668606954857622,High
12273.22,11.79,3.31,2.3,0.94,11.58,Rail,Rain,Automotive,Los Angeles,Antwerp,1,0.19194883681287145,Low
14213.37,242.31,2.96,2.4,0.53,33.3,Rail,Storm,Electronics,Antwerp,Singapore,0,0.7962091388310438,High
5037.33,251.02,3.74,8.9,0.58,1.35,Air,Storm,Pharmaceuticals,Antwerp,Hamburg,1,0.9247956141742436,High
12948.34,161.51,3.7,5.3,0.64,6.61,Air,Hurricane,Textiles,Dubai,Singapore,1,0.9880286295573396,High
2409.46,66.95,3.24,4.8,0.8,3.14,Road,Fog,Pharmaceuticals,Dubai,Shanghai,1,0.48046443276652906,Medium
10723.09,188.82,3.8,6.9,0.68,1.08,Air,Rain,Textiles,Rotterdam,Hamburg,0,0.5179970842569269,Medium
11258.68,336.46,2.3,9.5,0.92,1.02,Air,Clear,Perishables,Los Angeles,Rotterdam,0,0.6046026600240997,High
10326.99,391.42,4.11,1.1,0.86,9.43,Road,Fog,Automotive,Shanghai,Hamburg,0,0.20018583149209485,Low
4158.56,265.84,3.23,8.3,0.55,9.04,Sea,Rain,Pharmaceuticals,Antwerp,Busan,0,0.5346522565969155,Medium
13159.13,295.33,3.91,5.8,0.81,0.63,Air,Clear,Pharmaceuticals,Singapore,Los Angeles,0,0.38610583572329127,Medium
2948.45,101.11,3.0,1.5,0.56,5.41,Sea,Rain,Electronics,Busan,Shanghai,0,0.23313065499693092,Low
1277.7,144.38,1.92,3.0,0.63,0.5,Air,Rain,Pharmaceuticals,Dubai,Singapore,0,0.5078393393438947,Medium
10903.24,81.79,2.99,4.8,0.59,22.7,Sea,Rain,Perishables,Rotterdam,Busan,0,0.3076137683627823,Medium
7394.4,125.4,2.42,6.9,0.59,41.34,Sea,Storm,Automotive,Hamburg,Rotterdam,1,0.9152185615250658,High
12811.92,113.22,3.5,2.4,0.81,159.84,Sea,Hurricane,Electronics,Los Angeles,Singapore,1,0.9996755551981408,High
6059.26,260.2,2.77,5.3,0.78,15.51,Sea,Fog,Textiles,Busan,Shanghai,0,0.5021154828463376,Medium
2940.04,281.78,3.96,6.8,0.59,3.62,Road,Fog,Textiles,Busan,Shanghai,1,0.6638336937465009,High
12628.41,472.53,3.44,4.5,1.0,64.1,Sea,Storm,Perishables,Rotterdam,Los Angeles,0,0.8366103399988063,High
8459.19,98.59,3.46,8.6,0.71,0.5,Air,Fog,Pharmaceuticals,Hamburg,Busan,1,0.6621048092740629,High
3243.34,321.2,1.92,8.7,0.55,9.61,Rail,Storm,Electronics,Rotterdam,Hamburg,1,0.8814823377909281,High
10945.57,408.81,4.45,4.7,0.56,24.91,Road,Storm,Textiles,Singapore,Hamburg,1,0.8642716442016701,High
7911.15,280.56,3.98,9.7,0.79,15.6,Sea,Clear,Pharmaceuticals,Dubai,Singapore,0,0.6488939885575372,High
9262.54,128.25,3.8,0.8,0.99,13.41,Sea,Clear,Perishables,Hamburg,Busan,0,0.1231144387166424,Low
7183.03,132.01,2.29,0.0,0.79,13.25,Road,Storm,Perishables,Shanghai,Marseille,1,0.5648839773638368,Medium
12516.28,20.59,2.97,3.8,0.98,166.69,Sea,Hurricane,Perishables,Hamburg,Rotterdam,1,0.9997376825493075,High
12528.66,153.42,1.65,6.0,0.72,28.85,Road,Storm,Perishables,Busan,Los Angeles,1,0.8311715342429227,High
10786.14,372.56,2.98,6.3,0.72,78.46,Rail,Hurricane,Electronics,Los Angeles,Shanghai,1,0.9983713580887388,High
2028.32,24.71,1.68,4.8,0.75,2.9,Sea,Clear,Textiles,Busan,Antwerp,1,0.3581802233772242,Medium
12663.38,110.43,3.03,1.2,0.85,6.18,Air,Hurricane,Perishables,Hamburg,Antwerp,1,0.9544523863830796,High
10229.69,353.41,3.34,1.7,0.68,1.3,Air,Storm,Perishables,Antwerp,Singapore,1,0.6776509107592308,High
10606.85,391.54,2.49,8.5,0.93,15.57,Rail,Fog,Perishables,Singapore,Marseille,0,0.6335046626743138,High
5763.25,228.2,2.85,8.7,0.52,12.85,Sea,Rain,Perishables,Dubai,Busan,1,0.5606683592667742,Medium
13249.55,349.34,4.09,6.7,0.72,12.74,Rail,Clear,Electronics,Rotterdam,Antwerp,0,0.3841680223488816,Medium
11017.89,194.59,1.56,6.6,0.76,82.12,Rail,Hurricane,Electronics,Los Angeles,Busan,1,0.9981039701224954,High
2132.56,80.8,3.81,6.0,0.8,0.57,Air,Clear,Pharmaceuticals,Los Angeles,Antwerp,0,0.5863969932655498,Medium
6412.78,199.68,1.76,2.0,0.64,13.91,Rail,Storm,Automotive,Singapore,Rotterdam,1,0.6567924208803796,High
13352.52,290.4,1.32,4.3,0.71,34.08,Sea,Fog,Perishables,Rotterdam,Singapore,0,0.4521573138356227,Medium
1184.35,474.08,1.81,7.0,0.74,0.5,Road,Clear,Pharmaceuticals,Busan,Singapore,1,0.5815367289759362,Medium
14440.54,35.31,3.72,5.4,0.84,76.36,Sea,Storm,Automotive,Antwerp,Shanghai,0,0.9426031768595248,High
10347.86,254.19,2.54,0.2,0.89,1.73,Air,Storm,Pharmaceuticals,Hamburg,Marseille,0,0.5752280573386094,Medium
9654.95,165.13,4.08,9.5,0.87,1.05,Air,Rain,Electronics,Rotterdam,Hamburg,0,0.5740131613237038,Medium
4423.11,254.65,2.93,8.4,0.67,0.76,Air,Fog,Pharmaceuticals,Singapore,Busan,0,0.7042825478160305,High
4107.48,12.96,1.27,2.6,1.0,2.76,Road,Clear,Pharmaceuticals,Antwerp,Los Angeles,0,0.2162138235061766,Low
14159.84,157.2,3.57,6.2,0.92,15.56,Road,Fog,Pharmaceuticals,Dubai,Hamburg,1,0.45250891017008393,Medium
4824.95,410.11,1.56,9.2,0.63,39.45,Rail,Hurricane,Pharmaceuticals,Antwerp,Singapore,1,0.9978814732390348,High
11744.83,277.42,3.8,1.0,0.6,5.18,Air,Hurricane,Automotive,Busan,Hamburg,1,0.9574021482352809,High
6200.27,225.84,1.75,5.0,0.66,0.76,Air,Storm,Textiles,Dubai,Los Angeles,0,0.8128840235352617,High
2519.18,143.48,2.34,4.6,0.73,13.95,Road,Hurricane,Textiles,Antwerp,Los Angeles,1,0.9846676201952066,High
655.37,149.72,3.71,4.1,0.93,0.89,Air,Storm,Textiles,Antwerp,Busan,1,0.7917854841621825,High
8391.73,192.17,4.35,8.4,0.89,1.55,Air,Fog,Electronics,Shanghai,Singapore,1,0.6601455794074679,High
14648.79,417.95,2.43,3.8,0.93,36.68,Sea,Fog,Electronics,Hamburg,Singapore,1,0.45198071887023994,Medium
5852.47,483.64,3.94,0.6,0.64,3.86,Rail,Clear,Pharmaceuticals,Hamburg,Antwerp,0,0.2201805310906804,Low
5679.29,219.89,1.83,0.7,0.8,2.82,Rail,Clear,Perishables,Los Angeles,Busan,0,0.15433111929700422,Low
5489.33,197.28,3.86,0.4,0.64,0.67,Air,Clear,Perishables,Antwerp,Los Angeles,0,0.2471992050931052,Low
8047.89,423.43,3.37,4.1,0.56,0.69,Air,Clear,Textiles,Shanghai,Singapore,0,0.525301430892448,Medium
6889.64,214.03,1.84,7.2,0.84,19.32,Sea,Fog,Pharmaceuticals,Rotterdam,Hamburg,1,0.4933140425650841,Medium
13258.76,276.46,2.2,2.0,0.57,70.13,Road,Hurricane,Perishables,Dubai,Marseille,1,0.9952237506237496,High
7830.05,116.24,1.63,6.5,0.83,1.23,Air,Fog,Perishables,Singapore,Shanghai,1,0.5960670272184285,Medium
7862.49,372.01,2.46,6.9,0.82,9.52,Road,Fog,Automotive,Hamburg,Dubai,1,0.5369162671722439,Medium
2506.39,266.46,1.87,2.6,0.91,5.91,Rail,Storm,Textiles,Busan,Marseille,1,0.6969045294037576,High
14749.72,404.71,3.33,6.0,0.57,20.0,Rail,Fog,Electronics,Rotterdam,Busan,1,0.42165755717898246,Medium
4124.61,390.59,4.48,6.8,0.89,10.23,Road,Storm,Electronics,Rotterdam,Marseille,0,0.8197582750197587,High
1563.78,108.29,1.24,4.7,1.0,0.5,Air,Storm,Perishables,Busan,Dubai,1,0.7790530134692486,High
10115.62,358.1,2.99,3.4,0.93,2.06,Air,Storm,Perishables,Busan,Dubai,1,0.6585440748605935,High
9132.81,400.23,3.09,6.2,0.88,24.46,Sea,Fog,Textiles,Hamburg,Rotterdam,1,0.5477056121445975,Medium
6519.61,173.71,4.22,9.8,0.83,2.19,Air,Storm,Electronics,Rotterdam,Dubai,1,0.8897695860310976,High
6621.79,87.13,2.87,4.3,0.71,0.89,Air,Fog,Automotive,Los Angeles,Dubai,0,0.4714151705628383,Medium
11883.43,2.31,2.99,3.9,0.87,11.5,Rail,Rain,Pharmaceuticals,Los Angeles,Antwerp,0,0.28440018662399563,Low
3337.83,226.0,2.76,4.6,0.86,22.89,Rail,Hurricane,Automotive,Los Angeles,Rotterdam,1,0.9840301411651905,High
12393.67,176.86,2.09,0.8,0.82,71.05,Rail,Hurricane,Automotive,Singapore,Antwerp,1,0.9905744571528347,High
9906.83,277.9,1.38,5.5,0.9,12.04,Road,Fog,Perishables,Dubai,Marseille,1,0.47734910043623285,Medium
6575.06,94.83,2.55,3.3,0.72,13.57,Sea,Rain,Electronics,Shanghai,Busan,0,0.23074145158479095,Low
7141.41,429.97,1.37,1.2,0.56,6.66,Rail,Rain,Automotive,Rotterdam,Dubai,0,0.1854966467248264,Low
4221.38,129.62,3.02,4.7,0.78,5.43,Road,Fog,Automotive,Antwerp,Hamburg,1,0.4306177338393244,Medium
11405.66,113.99,2.21,0.0,0.63,63.55,Rail,Hurricane,Electronics,Antwerp,Rotterdam,1,0.9878837570315279,High
7936.68,240.88,2.96,4.0,0.69,16.27,Sea,Rain,Textiles,Rotterdam,Busan,1,0.2786646712031462,Low
5152.39,249.93,1.64,1.1,0.51,11.91,Rail,Storm,Pharmaceuticals,Singapore,Antwerp,1,0.6739737498206226,High
9142.73,108.33,4.28,0.2,0.69,44.06,Road,Hurricane,Pharmaceuticals,Shanghai,Dubai,1,0.9801572349390444,High
14938.15,136.66,4.15,8.2,0.9,87.94,Sea,Storm,Pharmaceuticals,Dubai,Antwerp,1,0.9757301765598597,High
6811.3,85.68,1.83,9.2,0.77,2.02,Air,Storm,Automotive,Busan,Shanghai,1,0.9099049793430104,High
13850.03,359.51,2.33,2.1,0.51,21.56,Sea,Clear,Electronics,Rotterdam,Hamburg,0,0.2143902359330436,Low
5502.74,385.27,3.22,5.4,0.74,5.44,Rail,Rain,Perishables,Singapore,Rotterdam,1,0.3943196375112612,Medium
1293.62,231.7,1.52,2.8,0.65,5.92,Road,Hurricane,Automotive,Shanghai,Dubai,1,0.9698789779379057,High
3461.51,357.33,2.37,4.9,0.74,2.91,Rail,Clear,Perishables,Dubai,Marseille,1,0.4218868328359368,Medium
6571.08,368.23,2.03,4.4,0.7,87.9,Sea,Hurricane,Automotive,Antwerp,Busan,1,0.9973519079083991,High
3684.71,70.0,4.22,2.7,0.97,22.73,Rail,Hurricane,Perishables,Rotterdam,Busan,1,0.9622347427540742,High
503.29,483.12,4.01,7.0,0.52,0.5,Air,Storm,Automotive,Antwerp,Rotterdam,1,0.9042968566220689,High
13767.52,410.69,3.11,1.3,0.84,12.79,Road,Fog,Pharmaceuticals,Los Angeles,Singapore,0,0.266675895572705,Low
12736.25,103.04,2.92,0.5,0.93,62.67,Road,Hurricane,Perishables,Singapore,Dubai,1,0.9863217218954295,High
11263.24,93.9,4.27,7.7,0.98,32.99,Rail,Storm,Electronics,Shanghai,Rotterdam,1,0.8676890943163805,High
2933.31,63.7,4.28,6.7,0.59,0.56,Air,Fog,Electronics,Los Angeles,Dubai,1,0.6749185077781732,High
2245.27,70.05,4.4,5.0,0.77,1.99,Road,Clear,Textiles,Antwerp,Rotterdam,1,0.4494817587935465,Medium
1480.27,374.33,1.61,4.7,0.52,1.96,Road,Fog,Perishables,Busan,Rotterdam,1,0.4920519581319461,Medium
10998.42,235.36,1.73,5.0,0.75,0.5,Air,Fog,Pharmaceuticals,Hamburg,Los Angeles,0,0.43306845659639887,Medium
13967.72,391.68,3.43,4.4,0.56,7.1,Air,Hurricane,Perishables,Rotterdam,Antwerp,1,0.9754098688247164,High
6742.77,373.38,2.99,3.9,0.92,43.92,Rail,Hurricane,Pharmaceuticals,Antwerp,Shanghai,1,0.9912526515500297,High
2227.54,302.7,1.26,5.0,0.56,2.24,Road,Rain,Perishables,Shanghai,Antwerp,1,0.4438996036413441,Medium
7929.7,343.5,1.4,5.3,0.76,0.5,Air,Fog,Pharmaceuticals,Busan,Shanghai,1,0.5407796227123957,Medium
5558.06,10.16,4.13,6.9,0.76,5.1,Rail,Clear,Electronics,Antwerp,Singapore,1,0.517608008810959,Medium
5934.96,156.58,4.07,7.1,0.99,0.78,Air,Rain,Textiles,Hamburg,Shanghai,0,0.6169284560261867,High
9509.29,319.27,2.38,3.8,0.83,53.27,Road,Hurricane,Textiles,Busan,Singapore,1,0.9948798019426639,High
10921.41,5.66,4.14,4.1,0.64,9.89,Road,Rain,Automotive,Dubai,Hamburg,0,0.3340539375153894,Medium
2103.75,17.46,3.16,3.7,0.62,2.48,Road,Fog,Perishables,Singapore,Rotterdam,1,0.4211957830762286,Medium
1016.06,426.09,3.86,5.4,0.56,7.35,Rail,Hurricane,Textiles,Shanghai,Los Angeles,1,0.9845880601787401,High
14917.79,342.33,2.61,4.5,0.88,1.78,Air,Fog,Automotive,Shanghai,Dubai,1,0.3242177961792806,Medium
3874.56,133.42,1.57,8.9,0.85,0.5,Air,Clear,Automotive,Shanghai,Busan,1,0.6130276080623716,High
1280.54,344.29,2.63,7.0,0.81,9.67,Rail,Hurricane,Textiles,Shanghai,Marseille,1,0.9907224071975945,High
3253.19,396.44,2.71,9.0,0.52,0.5,Air,Fog,Pharmaceuticals,Busan,Dubai,1,0.7843337336310194,High
1064.89,154.09,3.02,7.1,0.88,3.0,Sea,Fog,Pharmaceuticals,Los Angeles,Dubai,1,0.4667425132071582,Medium
6181.26,18.98,1.55,9.7,0.82,7.86,Road,Fog,Perishables,Singapore,Antwerp,1,0.6921129916883786,High
12134.83,466.46,4.47,6.4,0.98,32.7,Sea,Fog,Perishables,Busan,Antwerp,0,0.5122980457164856,Medium
5448.04,173.24,2.01,9.6,0.79,38.27,Road,Hurricane,Perishables,Hamburg,Los Angeles,1,0.9968405478125709,High
6940.66,54.13,1.86,1.6,0.65,15.41,Rail,Storm,Automotive,Shanghai,Dubai,0,0.6192807101258523,High
10296.01,246.44,2.94,0.5,0.69,21.64,Sea,Fog,Electronics,Rotterdam,Antwerp,0,0.18916417902725075,Low
7878.96,384.47,2.97,5.8,0.59,0.96,Air,Clear,Automotive,Antwerp,Shanghai,0,0.5588741578704401,Medium
12990.96,111.6,2.65,9.8,0.86,0.63,Air,Rain,Textiles,Busan,Los Angeles,1,0.6002311349665995,High
13057.52,135.48,3.75,4.2,0.85,175.29,Sea,Hurricane,Electronics,Antwerp,Busan,1,0.9998059725846714,High
643.71,122.11,2.9,2.1,0.6,4.54,Rail,Hurricane,Electronics,Hamburg,Rotterdam,1,0.967600412424233,High
11781.67,495.84,3.21,5.2,0.58,1.62,Air,Fog,Pharmaceuticals,Rotterdam,Los Angeles,1,0.4119574141890777,Medium
7180.64,99.5,3.59,6.5,0.54,1.2,Air,Rain,Textiles,Shanghai,Singapore,0,0.6571780622852007,High
14838.19,288.18,1.28,3.2,0.96,17.6,Rail,Fog,Automotive,Dubai,Shanghai,0,0.2892449164171148,Low
7506.87,462.71,3.08,7.1,0.62,17.37,Sea,Rain,Electronics,Shanghai,Busan,1,0.4516113116953473,Medium
14809.99,74.3,4.12,9.8,0.67,45.37,Sea,Fog,Pharmaceuticals,Rotterdam,Marseille,1,0.7944707754670804,High
11441.26,485.46,1.26,9.0,0.64,17.13,Rail,Fog,Automotive,Antwerp,Shanghai,0,0.6981005707064697,High
4104.77,473.79,2.54,2.9,0.71,22.31,Road,Hurricane,Automotive,Singapore,Hamburg,1,0.982299056945346,High
8306.73,442.4,4.26,3.3,0.86,0.5,Air,Rain,Electronics,Antwerp,Los Angeles,0,0.29054721803801414,Low
14885.97,108.06,2.37,3.7,0.94,36.59,Sea,Fog,Pharmaceuticals,Busan,Antwerp,1,0.3853887822296884,Medium
12934.19,317.39,2.71,3.9,0.59,0.56,Air,Clear,Automotive,Shanghai,Hamburg,0,0.3407767099005102,Medium
1911.82,380.68,4.44,1.0,0.84,0.9,Rail,Clear,Automotive,Shanghai,Los Angeles,0,0.1549849706920389,Low
10742.39,493.03,1.86,7.6,0.68,10.73,Rail,Clear,Automotive,Los Angeles,Shanghai,0,0.5400145434695637,Medium
5510.9,91.03,1.42,3.7,0.99,5.73,Road,Fog,Textiles,Shanghai,Los Angeles,1,0.31358097541751867,Medium
601.24,383.25,4.04,8.8,0.65,0.5,Air,Rain,Perishables,Rotterdam,Singapore,1,0.7362003332940972,High
6350.47,170.06,4.07,9.3,0.5,16.68,Road,Storm,Perishables,Rotterdam,Singapore,1,0.9281351896702299,High
3903.94,88.64,2.76,0.2,0.76,0.5,Air,Clear,Pharmaceuticals,Singapore,Marseille,0,0.31296394700004115,Medium
12373.6,211.27,2.9,9.9,0.58,13.25,Road,Rain,Pharmaceuticals,Busan,Hamburg,0,0.6752189152847824,High
5391.29,397.12,3.96,7.1,0.52,2.89,Air,Hurricane,Textiles,Dubai,Shanghai,1,0.9940995099899187,High
12499.09,232.96,3.64,5.2,0.85,75.72,Road,Hurricane,Textiles,Shanghai,Los Angeles,1,0.9968839222498832,High
508.67,269.22,2.07,3.9,0.87,0.5,Air,Fog,Pharmaceuticals,Singapore,Rotterdam,0,0.5102556750463431,Medium
4963.38,497.58,1.26,5.2,0.73,5.22,Rail,Rain,Textiles,Rotterdam,Shanghai,0,0.41576936294417693,Medium
3996.9,200.16,2.78,3.2,0.84,0.5,Air,Rain,Electronics,Los Angeles,Shanghai,0,0.41134458570427357,Medium
3886.73,308.08,4.03,6.2,0.77,7.02,Sea,Clear,Automotive,Rotterdam,Hamburg,1,0.33120618475472685,Medium
1488.71,183.26,4.16,0.9,0.82,1.6,Road,Fog,Perishables,Shanghai,Busan,1,0.2080663711973298,Low
3213.3,197.0,4.36,6.2,0.8,20.8,Road,Hurricane,Pharmaceuticals,Hamburg,Shanghai,1,0.9922346551534689,High
8555.47,348.12,4.1,2.8,0.83,15.54,Sea,Rain,Pharmaceuticals,Singapore,Antwerp,1,0.25010908526173126,Low
4724.74,469.01,3.11,0.2,0.6,10.26,Rail,Storm,Electronics,Shanghai,Dubai,0,0.555083953250945,Medium
6552.22,271.64,2.67,5.5,0.63,7.53,Rail,Rain,Automotive,Shanghai,Antwerp,0,0.4053346468985723,Medium
5964.57,384.43,3.76,5.8,0.72,12.07,Sea,Rain,Automotive,Hamburg,Singapore,1,0.44642876670828757,Medium
13200.62,45.51,3.64,4.3,0.72,13.26,Rail,Rain,Automotive,Dubai,Hamburg,1,0.3039287593705984,Medium
13626.84,106.37,2.98,0.7,0.89,23.0,Sea,Rain,Perishables,Rotterdam,Dubai,0,0.1234338071307523,Low
7647.88,251.56,1.49,8.9,0.68,0.91,Air,Rain,Electronics,Antwerp,Marseille,1,0.704351454173787,High
5287.26,10.99,4.26,6.1,0.58,0.5,Air,Clear,Automotive,Singapore,Dubai,1,0.5727419937479182,Medium
2048.61,127.17,2.7,1.2,0.63,3.55,Sea,Rain,Perishables,Los Angeles,Marseille,0,0.22501414858673283,Low
14324.34,259.18,2.4,5.1,0.61,0.92,Air,Rain,Automotive,Hamburg,Marseille,1,0.4468526997832091,Medium
1373.29,8.47,3.28,5.0,0.87,19.41,Sea,Hurricane,Textiles,Singapore,Antwerp,1,0.9844565413595293,High
4815.93,133.01,3.42,0.6,0.74,55.24,Sea,Hurricane,Pharmaceuticals,Hamburg,Busan,1,0.9842652643288979,High
4821.96,257.5,1.9,6.1,0.85,5.35,Rail,Rain,Pharmaceuticals,Busan,Singapore,0,0.4655558373308789,Medium
5145.82,287.0,3.96,8.1,0.71,1.21,Air,Storm,Automotive,Rotterdam,Busan,1,0.8454729615554222,High
2882.16,462.95,2.16,7.5,0.95,0.91,Air,Storm,Electronics,Busan,Singapore,1,0.8874365545205196,High
11855.84,323.03,1.82,2.0,0.99,27.08,Sea,Fog,Electronics,Dubai,Busan,0,0.2202503826495707,Low
2276.22,207.95,2.54,8.6,0.84,5.37,Sea,Clear,Automotive,Dubai,Marseille,1,0.5388152965613437,Medium
9706.15,465.25,3.61,3.4,0.93,0.5,Air,Fog,Textiles,Los Angeles,Dubai,0,0.390797189486665,Medium
2295.77,392.66,4.39,9.5,0.75,0.5,Air,Clear,Perishables,Shanghai,Singapore,1,0.7645120160480452,High
1522.77,100.8,3.87,0.7,0.97,2.38,Sea,Fog,Textiles,Singapore,Hamburg,0,0.18936979068083232,Low
13686.73,66.29,4.3,4.9,0.92,6.05,Air,Hurricane,Textiles,Los Angeles,Busan,1,0.9750883968950171,High
3256.87,338.23,1.66,6.0,1.0,17.96,Sea,Storm,Perishables,Singapore,Antwerp,1,0.7789180491949551,High
12408.13,280.38,1.43,2.5,0.81,11.9,Rail,Rain,Textiles,Los Angeles,Shanghai,0,0.2879989780687015,Low
8397.15,395.05,3.04,7.7,0.89,8.68,Rail,Clear,Automotive,Rotterdam,Antwerp,0,0.41593093505154205,Medium
1628.92,369.66,2.16,6.3,0.77,3.93,Sea,Fog,Pharmaceuticals,Hamburg,Dubai,0,0.4646896231131488,Medium
14354.0,312.98,3.93,0.2,0.63,80.84,Rail,Hurricane,Electronics,Los Angeles,Busan,1,0.9918354329349787,High
4080.94,493.2,3.42,6.1,0.68,0.86,Air,Storm,Pharmaceuticals,Rotterdam,Singapore,1,0.8582587548211582,High
12964.86,267.26,4.4,4.9,0.95,11.62,Road,Rain,Electronics,Los Angeles,Antwerp,0,0.31537134982584414,Medium
2947.75,57.44,2.04,2.0,0.53,2.62,Road,Rain,Automotive,Dubai,Singapore,1,0.33685269413383845,Medium
12882.17,414.31,2.8,10.0,0.8,34.08,Road,Storm,Electronics,Hamburg,Busan,1,0.9333887697883851,High
691.82,126.67,2.85,9.0,0.69,2.19,Road,Fog,Textiles,Rotterdam,Shanghai,0,0.7130439589572374,High
7920.82,388.87,1.99,2.9,0.69,51.11,Rail,Hurricane,Automotive,Antwerp,Busan,1,0.9896032926731408,High
11656.92,478.6,3.15,5.4,0.94,30.59,Sea,Fog,Automotive,Shanghai,Hamburg,0,0.43038429799946515,Medium
14054.54,348.7,2.66,3.2,0.93,67.28,Sea,Storm,Pharmaceuticals,Hamburg,Shanghai,1,0.8907124728645368,High
13683.43,298.42,2.67,7.8,0.8,31.6,Sea,Rain,Perishables,Hamburg,Shanghai,0,0.5986517123474872,Medium
12384.56,230.73,2.4,9.3,0.64,100.9,Rail,Hurricane,Perishables,Antwerp,Los Angeles,1,0.9994709351471927,High
13378.77,182.84,1.26,3.6,0.74,33.41,Rail,Storm,Perishables,Rotterdam,Shanghai,1,0.7625949581017093,High
3388.69,177.15,2.92,8.1,0.7,6.02,Sea,Clear,Perishables,Antwerp,Busan,1,0.4679765513691163,Medium
4620.67,318.55,2.31,5.0,0.68,4.27,Road,Rain,Electronics,Busan,Antwerp,1,0.4123188334067692,Medium
4690.04,375.89,1.2,4.0,0.55,30.46,Rail,Hurricane,Textiles,Shanghai,Dubai,1,0.9906145439495968,High
5967.28,339.58,2.22,9.4,0.77,18.48,Rail,Storm,Pharmaceuticals,Hamburg,Los Angeles,1,0.9076523030201666,High
6203.15,100.01,2.12,5.1,0.65,0.5,Air,Rain,Electronics,Antwerp,Busan,0,0.451029077631108,Medium
8396.05,247.5,2.5,4.7,0.83,22.55,Sea,Fog,Textiles,Rotterdam,Singapore,0,0.4544953056279691,Medium
2818.26,396.03,1.64,6.7,0.66,4.46,Sea,Clear,Automotive,Los Angeles,Dubai,1,0.4294599750395455,Medium
10523.08,238.38,2.88,2.6,0.72,7.77,Road,Clear,Textiles,Shanghai,Hamburg,0,0.28311103587386016,Low
2929.71,268.78,3.49,3.2,0.53,0.5,Air,Fog,Electronics,Hamburg,Busan,0,0.4856644538785483,Medium
4999.47,385.8,3.28,9.3,1.0,12.42,Road,Storm,Electronics,Los Angeles,Marseille,1,0.9033095132542351,High
7798.5,330.97,3.85,6.8,0.75,17.81,Road,Storm,Electronics,Dubai,Antwerp,1,0.857863960675414,High
12048.39,205.26,2.69,8.3,0.51,81.21,Road,Hurricane,Textiles,Rotterdam,Shanghai,1,0.999193649984804,High
11222.3,447.81,2.91,2.7,0.77,4.72,Air,Hurricane,Perishables,Antwerp,Singapore,1,0.9733242088605819,High
9860.25,82.12,3.87,5.4,0.94,25.45,Rail,Storm,Pharmaceuticals,Rotterdam,Marseille,1,0.7922244055083659,High
2758.71,497.76,2.61,9.7,0.89,8.64,Rail,Storm,Electronics,Dubai,Singapore,1,0.9089578861530503,High
8432.16,60.31,3.52,3.2,0.85,46.78,Road,Hurricane,Automotive,Antwerp,Busan,1,0.9875376319899143,High
1767.97,8.46,2.63,1.6,0.57,1.73,Road,Fog,Pharmaceuticals,Antwerp,Shanghai,0,0.36778848982540263,Medium
5971.77,445.12,2.58,5.1,0.83,15.54,Rail,Storm,Textiles,Singapore,Rotterdam,1,0.8111338285418082,High
6495.99,123.23,3.71,3.9,0.88,6.45,Road,Rain,Electronics,Los Angeles,Busan,0,0.2787021604029654,Low
1077.27,365.12,1.78,1.6,0.79,0.88,Rail,Clear,Automotive,Shanghai,Hamburg,0,0.21614103142284105,Low
4472.83,405.7,2.32,8.9,0.95,9.38,Sea,Clear,Electronics,Hamburg,Antwerp,1,0.5270056683198756,Medium
14356.92,429.63,1.94,9.9,0.64,102.3,Road,Hurricane,Electronics,Shanghai,Singapore,1,0.9996660134906241,High
14327.67,495.81,2.39,5.7,0.62,7.12,Air,Hurricane,Automotive,Shanghai,Hamburg,1,0.9818374512250799,High
5608.74,147.73,1.96,7.7,0.94,0.68,Air,Clear,Pharmaceuticals,Antwerp,Shanghai,1,0.6215924479114249,High
1124.95,355.41,3.11,8.6,0.81,3.02,Rail,Storm,Perishables,Shanghai,Busan,1,0.8324662829744538,High
3096.88,58.58,3.83,7.0,0.5,0.5,Air,Rain,Perishables,Dubai,Rotterdam,0,0.6527806487365868,High
6187.16,204.0,3.8,0.4,0.68,26.5,Sea,Storm,Textiles,Shanghai,Busan,1,0.6001922718549076,High
14242.81,424.14,2.4,1.6,0.93,1.43,Air,Storm,Perishables,Dubai,Hamburg,1,0.5190981237010975,Medium
2547.39,184.46,4.46,0.7,0.51,3.91,Road,Storm,Pharmaceuticals,Dubai,Rotterdam,1,0.6204641354497128,High
11570.98,295.96,3.16,0.1,0.5,1.18,Air,Rain,Electronics,Hamburg,Singapore,0,0.276522593493055,Low
2075.9,252.38,2.52,3.1,0.64,0.67,Air,Hurricane,Electronics,Rotterdam,Hamburg,1,0.9760186069600828,High
14728.23,323.33,3.96,3.9,0.96,24.16,Sea,Clear,Perishables,Los Angeles,Dubai,0,0.2565730379686563,Low
6033.44,486.47,3.61,2.4,0.95,1.14,Air,Storm,Textiles,Hamburg,Antwerp,0,0.7174036169452264,High
11740.9,28.81,3.67,0.6,0.76,0.56,Air,Rain,Electronics,Singapore,Shanghai,1,0.2229051587494088,Low
5467.57,287.41,1.85,5.3,0.78,14.62,Sea,Fog,Textiles,Shanghai,Rotterdam,1,0.4483871781257587,Medium
9601.2,431.65,2.75,2.7,0.67,11.34,Rail,Fog,Perishables,Antwerp,Shanghai,0,0.35290283984901966,Medium
3284.23,241.21,4.04,8.0,0.62,19.23,Sea,Storm,Electronics,Los Angeles,Marseille,1,0.901961935035888,High
2617.3,40.19,2.86,0.1,0.91,4.03,Sea,Rain,Electronics,Antwerp,Busan,0,0.10742364822987208,Low
14101.93,280.71,3.46,8.4,0.55,41.85,Rail,Storm,Textiles,Shanghai,Busan,1,0.9367388716535722,High
13805.89,166.7,3.14,9.5,0.74,3.74,Air,Storm,Perishables,Shanghai,Los Angeles,1,0.8566563868540414,High
13368.3,78.32,3.98,7.2,0.82,12.32,Rail,Clear,Textiles,Rotterdam,Singapore,0,0.470140268351212,Medium
9568.79,424.67,2.14,7.3,0.55,1.48,Air,Fog,Automotive,Hamburg,Antwerp,1,0.6545071850355312,High
12219.89,261.28,3.1,9.3,0.76,199.13,Sea,Hurricane,Perishables,Busan,Rotterdam,1,0.9999780911114308,High
1501.04,466.7,1.61,2.1,0.79,2.09,Rail,Fog,Automotive,Shanghai,Antwerp,0,0.27213835778110024,Low
5354.44,403.2,3.48,9.9,0.87,38.24,Road,Hurricane,Pharmaceuticals,Dubai,Singapore,1,0.9977342492490807,High
5048.7,346.79,3.62,7.7,0.62,77.77,Sea,Hurricane,Automotive,Hamburg,Marseille,1,0.9989093939229536,High
9716.86,3.51,1.34,7.3,0.65,27.77,Sea,Fog,Perishables,Hamburg,Rotterdam,1,0.6291607866002284,High
5661.39,214.48,3.43,3.6,0.79,32.43,Road,Hurricane,Electronics,Shanghai,Los Angeles,1,0.9836621957627576,High
2653.35,99.55,2.57,5.5,0.99,3.13,Road,Fog,Perishables,Singapore,Dubai,1,0.4338989604722043,Medium
9148.77,455.49,1.61,6.5,0.61,0.87,Air,Clear,Textiles,Rotterdam,Busan,0,0.5011965377290193,Medium
12308.57,88.12,2.59,6.2,0.99,11.33,Road,Rain,Electronics,Dubai,Los Angeles,0,0.32308599398532006,Medium
6040.79,143.74,1.84,7.0,0.86,6.46,Rail,Clear,Pharmaceuticals,Antwerp,Busan,0,0.43119258023523144,Medium
2417.9,258.9,2.57,0.8,0.91,4.52,Sea,Rain,Perishables,Rotterdam,Shanghai,0,0.13342390679009491,Low
3351.98,132.42,2.47,3.6,0.55,1.68,Air,Hurricane,Textiles,Dubai,Shanghai,1,0.9879506234135704,High
3943.51,105.72,3.64,4.3,0.65,0.5,Air,Rain,Pharmaceuticals,Antwerp,Rotterdam,0,0.48166765867662586,Medium
4848.52,299.95,3.75,2.6,0.53,9.62,Sea,Rain,Pharmaceuticals,Busan,Rotterdam,0,0.2718803356925235,Low
9820.53,45.38,3.2,1.7,0.69,14.51,Sea,Clear,Electronics,Rotterdam,Marseille,1,0.1901457144994758,Low
9213.71,30.03,1.27,1.4,0.99,15.53,Sea,Rain,Automotive,Hamburg,Singapore,0,0.18617106922478618,Low
10593.16,186.75,4.27,3.7,0.55,0.69,Air,Clear,Automotive,Singapore,Busan,0,0.35247870821651256,Medium
5756.28,360.61,3.46,4.9,0.78,7.0,Road,Fog,Pharmaceuticals,Rotterdam,Busan,1,0.35834984636183914,Medium
12447.97,277.85,1.31,0.6,0.5,8.44,Road,Clear,Pharmaceuticals,Rotterdam,Dubai,0,0.17503623025604684,Low
3459.27,212.02,3.9,9.5,0.86,2.98,Road,Clear,Electronics,Rotterdam,Antwerp,1,0.5660533786863045,Medium
7301.09,283.31,1.86,7.7,0.6,112.18,Sea,Hurricane,Perishables,Antwerp,Singapore,1,0.9996517449901805,High
12113.61,183.36,3.11,7.3,0.57,2.84,Air,Storm,Electronics,Hamburg,Dubai,1,0.861875015843007,High
3112.3,468.14,2.74,1.7,0.67,37.44,Sea,Hurricane,Electronics,Singapore,Shanghai,1,0.9839460115811953,High
2093.02,28.4,2.59,6.0,0.89,5.94,Sea,Fog,Pharmaceuticals,Dubai,Antwerp,0,0.4186782400723359,Medium
13313.42,337.02,4.14,5.3,0.55,35.04,Sea,Fog,Pharmaceuticals,Los Angeles,Busan,1,0.5372525265540566,Medium
5472.48,445.75,2.64,9.8,0.62,7.31,Rail,Rain,Electronics,Antwerp,Singapore,0,0.7107623857974472,High
10416.12,402.14,1.45,7.5,0.5,6.32,Air,Hurricane,Pharmaceuticals,Busan,Hamburg,1,0.9918954628433588,High
867.55,92.84,4.32,5.8,0.98,0.87,Air,Hurricane,Textiles,Rotterdam,Antwerp,1,0.9856369683997629,High
10505.68,148.67,4.24,8.5,0.8,12.38,Rail,Rain,Perishables,Busan,Antwerp,0,0.536384358824717,Medium
5083.47,358.81,3.46,1.6,0.86,3.25,Air,Hurricane,Automotive,Dubai,Shanghai,1,0.9682108501865458,High
1308.24,43.05,2.74,0.2,0.83,1.42,Road,Fog,Automotive,Busan,Shanghai,1,0.23189755747652935,Low
9342.29,406.12,1.51,6.9,0.57,5.36,Air,Hurricane,Electronics,Hamburg,Shanghai,1,0.9917701116938064,High
3991.66,359.73,3.81,1.0,0.8,46.15,Sea,Hurricane,Automotive,Hamburg,Marseille,1,0.9843301776976914,High
6108.71,365.07,1.45,1.2,0.57,13.41,Sea,Fog,Pharmaceuticals,Antwerp,Dubai,0,0.27003528962899603,Low
1668.42,51.02,1.43,7.4,0.7,1.97,Rail,Rain,Pharmaceuticals,Los Angeles,Busan,1,0.5034036242117589,Medium
2633.87,359.16,2.97,2.7,0.78,32.83,Sea,Hurricane,Automotive,Hamburg,Antwerp,1,0.9814592606813319,High
4820.67,340.23,1.73,6.3,0.78,6.45,Rail,Fog,Electronics,Shanghai,Los Angeles,0,0.4352141825733901,Medium
1801.51,415.63,1.23,9.2,0.56,0.5,Air,Rain,Electronics,Hamburg,Rotterdam,1,0.7683209636715058,High
13706.98,21.76,2.6,3.2,0.52,11.05,Rail,Clear,Automotive,Antwerp,Shanghai,0,0.3078599387262566,Medium
587.68,12.53,1.65,2.2,0.9,0.5,Air,Storm,Pharmaceuticals,Dubai,Singapore,0,0.7571948727658366,High
7515.97,187.13,1.73,1.1,0.86,0.5,Air,Rain,Electronics,Shanghai,Rotterdam,0,0.21758291839407676,Low
2287.09,75.25,1.45,1.3,0.54,9.96,Sea,Storm,Perishables,Shanghai,Marseille,1,0.6205954161314006,High
4961.35,279.63,1.88,0.6,0.56,28.41,Rail,Hurricane,Perishables,Shanghai,Rotterdam,1,0.9737582456551465,High
13927.86,458.76,3.56,0.9,0.95,2.79,Air,Storm,Perishables,Los Angeles,Marseille,0,0.541132436968529,Medium
2844.57,196.35,3.87,4.3,0.89,4.11,Road,Fog,Electronics,Shanghai,Busan,1,0.3389665760660158,Medium
14504.57,422.63,2.69,3.2,1.0,1.39,Air,Rain,Electronics,Rotterdam,Dubai,0,0.19303524816550818,Low
3484.02,1.12,2.87,7.1,0.63,51.77,Sea,Hurricane,Automotive,Singapore,Hamburg,1,0.9964116267752929,High
11252.71,85.09,1.31,8.7,0.74,22.26,Sea,Clear,Electronics,Shanghai,Busan,1,0.5066124439120654,Medium
8426.82,16.18,1.43,7.8,0.62,10.77,Road,Fog,Automotive,Hamburg,Shanghai,1,0.662804567566009,High
13324.94,164.75,2.05,5.3,0.81,80.53,Road,Hurricane,Automotive,Busan,Rotterdam,1,0.9972813735834046,High
8532.9,454.19,2.99,1.0,0.56,8.5,Road,Fog,Textiles,Singapore,Antwerp,0,0.3332070249562203,Medium
8251.11,49.38,3.64,7.1,0.56,1.7,Air,Storm,Textiles,Antwerp,Shanghai,1,0.9040620280834654,High
3334.14,303.6,3.2,3.6,0.54,6.85,Road,Storm,Pharmaceuticals,Rotterdam,Singapore,1,0.7614791120308315,High
2910.33,226.3,2.49,0.9,0.85,2.68,Road,Clear,Electronics,Busan,Los Angeles,0,0.1787375328387682,Low
13789.09,469.3,1.59,8.4,0.75,1.56,Air,Fog,Electronics,Busan,Los Angeles,1,0.5534799618163605,Medium
5253.65,62.14,3.78,3.4,0.81,0.5,Air,Clear,Perishables,Shanghai,Rotterdam,1,0.35708693493018695,Medium
5895.19,106.8,2.4,2.2,0.94,1.15,Air,Rain,Perishables,Antwerp,Hamburg,1,0.29487145976483536,Low
11517.44,15.74,3.63,8.7,0.87,0.5,Air,Rain,Pharmaceuticals,Singapore,Rotterdam,1,0.5673230934554988,Medium
5412.94,217.53,2.89,9.0,0.73,3.86,Road,Rain,Pharmaceuticals,Los Angeles,Antwerp,1,0.6200883852552815,High
14304.91,139.64,3.64,3.4,0.99,7.36,Air,Hurricane,Textiles,Singapore,Marseille,1,0.9744810833706554,High
11199.95,435.08,4.19,3.5,0.73,5.95,Air,Hurricane,Pharmaceuticals,Antwerp,Dubai,1,0.9754249463379431,High
9162.72,302.87,4.24,5.8,0.56,56.48,Road,Hurricane,Pharmaceuticals,Dubai,Singapore,1,0.9974073511595113,High
13272.98,307.43,2.97,7.3,1.0,10.15,Road,Clear,Pharmaceuticals,Los Angeles,Singapore,0,0.4707202015518738,Medium
1219.29,266.42,2.89,0.6,0.51,2.59,Sea,Fog,Pharmaceuticals,Singapore,Shanghai,1,0.2625259293014856,Low
4227.41,46.83,2.08,5.9,0.78,3.67,Rail,Clear,Automotive,Busan,Hamburg,0,0.40352463570574854,Medium
7243.03,223.06,4.29,9.5,0.66,14.58,Sea,Clear,Electronics,Rotterdam,Singapore,0,0.6022742184498564,High
3791.19,499.75,2.71,2.6,0.75,8.36,Road,Storm,Electronics,Los Angeles,Hamburg,1,0.691454753095905,High
11286.63,417.78,1.62,9.1,0.78,0.5,Air,Clear,Automotive,Rotterdam,Marseille,0,0.5906384399147288,Medium
13828.52,446.84,2.63,9.5,0.62,12.3,Road,Clear,Pharmaceuticals,Shanghai,Dubai,0,0.6135289358796561,High
6644.67,411.79,1.62,2.7,0.78,5.98,Road,Rain,Textiles,Dubai,Los Angeles,0,0.2774004045683305,Low
5460.92,52.42,2.86,7.5,0.88,83.75,Sea,Hurricane,Pharmaceuticals,Rotterdam,Busan,1,0.9978922719345067,High
14442.49,114.5,3.05,2.4,0.63,1.88,Air,Fog,Pharmaceuticals,Dubai,Los Angeles,0,0.28372976776427655,Low
6950.36,2.56,2.31,7.4,0.69,17.27,Road,Storm,Pharmaceuticals,Singapore,Los Angeles,1,0.8695187375940608,High
7591.2,152.45,1.44,8.0,0.63,22.34,Rail,Storm,Electronics,Antwerp,Busan,1,0.8875321895037062,High
5598.92,55.2,4.31,2.5,0.91,8.92,Sea,Clear,Automotive,Busan,Marseille,1,0.21524966272368384,Low
13688.45,236.92,3.75,7.2,0.86,31.29,Sea,Rain,Perishables,Antwerp,Busan,0,0.46242544958840404,Medium
8749.85,338.89,3.97,8.1,0.94,16.89,Sea,Clear,Pharmaceuticals,Rotterdam,Los Angeles,0,0.38695527084191905,Medium
11551.53,437.38,2.41,3.6,0.59,0.5,Air,Rain,Electronics,Dubai,Shanghai,0,0.3880161156778514,Medium
12271.2,374.86,3.71,1.7,0.54,1.31,Air,Rain,Electronics,Shanghai,Rotterdam,0,0.2564345015662898,Low
5456.81,469.35,2.8,0.9,0.56,0.88,Air,Clear,Textiles,Dubai,Antwerp,0,0.3685370400849158,Medium
6788.57,27.9,1.86,5.8,0.58,0.58,Air,Clear,Electronics,Los Angeles,Shanghai,0,0.5810690059363554,Medium
12802.84,7.08,1.61,9.8,0.77,1.22,Air,Fog,Electronics,Shanghai,Rotterdam,0,0.6447039805134088,High
5767.2,331.01,2.34,8.2,0.99,0.5,Air,Storm,Electronics,Hamburg,Rotterdam,1,0.8652189208903351,High
12012.06,145.39,1.65,4.4,0.68,61.0,Sea,Storm,Pharmaceuticals,Hamburg,Rotterdam,1,0.9093199264121921,High
14144.39,127.5,4.49,5.4,0.98,2.13,Air,Storm,Automotive,Busan,Shanghai,1,0.7125331912659669,High
9536.55,166.11,1.36,2.8,0.52,21.9,Rail,Storm,Textiles,Hamburg,Busan,1,0.7683816373092597,High
11253.6,135.63,2.66,1.6,0.96,0.62,Air,Clear,Automotive,Hamburg,Shanghai,0,0.2382078630339715,Low
12173.91,256.21,2.69,4.8,0.59,13.11,Road,Fog,Pharmaceuticals,Los Angeles,Rotterdam,1,0.4586147229086909,Medium
12753.07,220.63,2.19,4.6,0.96,65.63,Sea,Storm,Pharmaceuticals,Singapore,Los Angeles,1,0.8849881384333317,High
6228.27,256.7,3.09,5.2,0.53,37.32,Road,Hurricane,Textiles,Antwerp,Marseille,1,0.9958010602778686,High
1243.32,336.68,1.69,9.5,0.97,1.61,Rail,Fog,Electronics,Los Angeles,Dubai,1,0.6263565474009358,High
6327.21,194.18,3.79,6.0,0.6,90.68,Sea,Hurricane,Pharmaceuticals,Hamburg,Los Angeles,1,0.9986489453705676,High
10269.47,126.4,2.3,6.1,0.65,9.13,Road,Rain,Pharmaceuticals,Singapore,Hamburg,0,0.46816518486025765,Medium
7030.08,83.93,3.15,1.3,0.75,4.04,Road,Clear,Pharmaceuticals,Busan,Antwerp,0,0.21789129935547163,Low
11359.97,175.39,3.56,10.0,0.69,9.52,Road,Clear,Automotive,Busan,Singapore,1,0.6668034815843437,High
5676.25,371.16,4.13,7.7,0.83,13.89,Road,Storm,Pharmaceuticals,Singapore,Antwerp,1,0.8785857071593323,High
9703.79,378.6,3.96,8.8,0.99,28.51,Sea,Fog,Textiles,Dubai,Singapore,1,0.7134582029857827,High
3203.09,333.79,3.21,4.1,0.8,7.97,Sea,Fog,Perishables,Singapore,Dubai,1,0.34094529567615306,Medium
11365.86,117.78,2.48,5.0,0.86,10.28,Road,Rain,Electronics,Busan,Antwerp,0,0.3359395915021984,Medium
8412.59,294.46,2.86,5.2,0.54,10.64,Rail,Fog,Pharmaceuticals,Dubai,Singapore,1,0.5439286794303109,Medium
3458.93,285.77,3.74,1.9,0.81,0.81,Air,Storm,Pharmaceuticals,Hamburg,Los Angeles,1,0.6754010006905209,High
4732.71,242.65,4.1,6.9,0.73,8.16,Sea,Clear,Pharmaceuticals,Dubai,Marseille,0,0.488074531011049,Medium
11354.83,275.44,1.54,9.0,0.94,22.33,Sea,Clear,Textiles,Shanghai,Antwerp,0,0.5717911048311729,Medium
7497.72,246.4,2.47,1.6,0.69,16.84,Rail,Storm,Automotive,Singapore,Busan,1,0.6077826977353489,High
3632.46,283.16,3.76,0.9,0.84,0.58,Air,Rain,Automotive,Dubai,Los Angeles,0,0.23266099651809125,Low
14525.43,358.04,2.62,7.4,0.61,41.86,Sea,Fog,Perishables,Rotterdam,Marseille,1,0.6814232060653265,High
10869.31,55.7,2.3,2.7,0.63,5.95,Air,Hurricane,Automotive,Antwerp,Busan,1,0.9669006051894583,High
14378.46,375.06,2.56,6.2,0.69,16.65,Road,Fog,Automotive,Dubai,Antwerp,1,0.498120187634987,Medium
6693.02,68.81,3.19,7.0,0.65,16.05,Road,Storm,Pharmaceuticals,Singapore,Rotterdam,1,0.875943252343267,High
7388.95,34.25,4.5,3.2,0.63,14.8,Road,Storm,Pharmaceuticals,Shanghai,Los Angeles,1,0.6967588482476443,High
13520.35,488.06,2.83,8.2,0.53,31.09,Sea,Rain,Automotive,Antwerp,Hamburg,1,0.6281038733625941,High
8113.22,478.54,1.89,5.5,0.92,6.27,Road,Clear,Pharmaceuticals,Busan,Marseille,1,0.41340181373300894,Medium
10755.54,31.16,1.74,8.7,0.53,25.33,Sea,Rain,Textiles,Los Angeles,Shanghai,1,0.7155897865830246,High
4156.51,222.18,1.34,7.6,0.94,6.6,Rail,Fog,Perishables,Shanghai,Antwerp,1,0.5255080875030995,Medium
6977.53,93.94,3.04,8.7,0.56,5.23,Road,Clear,Automotive,Rotterdam,Singapore,1,0.6010933244138635,High
2290.02,243.19,3.0,0.2,0.53,0.5,Air,Fog,Automotive,Antwerp,Marseille,0,0.3961524438496967,Medium
3486.71,415.26,1.88,2.4,0.78,21.23,Rail,Hurricane,Textiles,Shanghai,Marseille,1,0.9823167143393406,High
513.68,475.36,3.49,0.9,0.75,0.71,Rail,Storm,Perishables,Busan,Shanghai,0,0.5777156533114366,Medium
1069.34,317.49,3.65,4.4,0.75,2.6,Road,Storm,Perishables,Singapore,Rotterdam,1,0.7483413264722281,High
14670.62,177.6,2.06,8.9,0.79,8.49,Air,Hurricane,Electronics,Rotterdam,Singapore,1,0.9899599118327909,High
4014.13,302.06,2.34,4.7,0.64,8.0,Sea,Rain,Pharmaceuticals,Hamburg,Dubai,1,0.36875100652473597,Medium
10118.01,156.69,4.47,8.5,0.83,0.5,Air,Rain,Automotive,Los Angeles,Hamburg,1,0.5741142218870315,Medium
12666.95,455.0,2.44,3.3,0.75,9.67,Road,Clear,Textiles,Busan,Antwerp,1,0.3139488214130524,Medium
8484.58,435.33,3.71,3.4,0.67,46.95,Road,Hurricane,Textiles,Antwerp,Hamburg,1,0.9934338644415531,High
2720.6,279.56,2.69,9.0,0.91,8.23,Rail,Storm,Perishables,Dubai,Busan,1,0.8533250977992959,High
11057.69,163.07,3.82,4.3,0.86,63.77,Road,Hurricane,Perishables,Hamburg,Dubai,1,0.9951340323295091,High
9203.65,147.4,3.74,7.9,0.7,11.57,Road,Fog,Pharmaceuticals,Dubai,Hamburg,1,0.6236048202532698,High
11103.13,17.68,3.4,2.4,0.92,0.5,Air,Rain,Automotive,Antwerp,Dubai,0,0.2336605450725395,Low
11661.33,408.09,4.02,9.5,0.96,14.23,Rail,Rain,Pharmaceuticals,Rotterdam,Hamburg,1,0.5115177287040055,Medium
14643.45,225.74,4.3,5.7,0.77,209.65,Sea,Hurricane,Electronics,Hamburg,Busan,1,0.9999608946435932,High
8816.67,163.24,3.11,7.6,0.61,0.5,Air,Rain,Textiles,Shanghai,Busan,1,0.5871540429363157,Medium
5453.8,236.08,1.98,0.9,0.96,6.48,Rail,Fog,Automotive,Busan,Antwerp,0,0.19522889226126006,Low
9902.74,409.55,2.52,4.9,0.6,59.36,Road,Hurricane,Pharmaceuticals,Busan,Rotterdam,1,0.9961024379627553,High
1492.39,63.18,3.7,9.0,0.52,0.5,Air,Clear,Perishables,Rotterdam,Busan,1,0.6914161710063591,High
13512.26,428.97,3.35,8.8,0.66,20.28,Rail,Fog,Perishables,Rotterdam,Dubai,0,0.6061769149207371,High
2231.02,448.86,1.79,0.5,0.86,0.5,Air,Clear,Perishables,Dubai,Shanghai,0,0.30216128997387526,Medium
5253.72,473.41,1.37,3.0,0.96,4.41,Rail,Clear,Pharmaceuticals,Antwerp,Busan,0,0.22384602283530342,Low
12328.31,199.35,3.45,4.4,0.82,31.18,Rail,Storm,Automotive,Singapore,Dubai,1,0.7877848404893801,High
9161.03,109.35,2.03,1.7,0.98,1.43,Air,Storm,Textiles,Dubai,Shanghai,1,0.6494348384323503,High
